date,dvol_close
2004-01-02,18.2200
2004-01-05,17.4900
2004-01-06,16.7300
2004-01-07,15.5000
2004-01-08,15.6100
2004-01-09,16.7500
2004-01-12,16.8200
2004-01-13,18.0400
2004-01-14,16.7500
2004-01-15,15.5600
2004-01-16,15.0000
2004-01-20,15.2100
2004-01-21,14.3400
2004-01-22,14.7100
2004-01-23,14.8400
2004-01-26,14.5500
2004-01-27,15.3500
2004-01-28,16.7800
2004-01-29,17.1400
2004-01-30,16.6300
2004-02-02,17.1100
2004-02-03,17.3400
2004-02-04,17.8700
2004-02-05,17.7100
2004-02-06,16.0000
2004-02-09,16.3900
2004-02-10,15.9400
2004-02-11,15.3900
2004-02-12,15.3100
2004-02-13,15.5800
2004-02-17,15.4000
2004-02-18,15.5900
2004-02-19,15.8000
2004-02-20,16.0400
2004-02-23,16.2900
2004-02-24,15.9000
2004-02-25,14.9300
2004-02-26,14.8300
2004-02-27,14.5500
2004-03-01,14.4400
2004-03-02,14.8600
2004-03-03,14.5500
2004-03-04,14.4000
2004-03-05,14.4800
2004-03-08,15.7900
2004-03-09,16.6000
2004-03-10,18.6700
2004-03-11,20.6700
2004-03-12,18.3000
2004-03-15,21.1300
2004-03-16,20.3400
2004-03-17,18.1100
2004-03-18,18.5300
2004-03-19,19.1500
2004-03-22,21.5800
2004-03-23,20.6700
2004-03-24,19.8100
2004-03-25,17.8800
2004-03-26,17.3300
2004-03-29,16.5000
2004-03-30,16.2800
2004-03-31,16.7400
2004-04-01,16.6500
2004-04-02,15.6400
2004-04-05,14.9700
2004-04-06,15.3200
2004-04-07,15.7600
2004-04-08,16.2600
2004-04-12,15.2800
2004-04-13,17.2600
2004-04-14,15.6200
2004-04-15,15.7400
2004-04-16,14.9400
2004-04-19,15.4200
2004-04-20,16.6700
2004-04-21,15.6000
2004-04-22,14.6100
2004-04-23,14.0100
2004-04-26,14.7700
2004-04-27,15.0700
2004-04-28,16.2900
2004-04-29,16.6000
2004-04-30,17.1900
2004-05-03,16.6200
2004-05-04,16.5500
2004-05-05,15.7700
2004-05-06,17.0500
2004-05-07,18.1300
2004-05-10,19.7700
2004-05-11,18.5700
2004-05-12,18.1400
2004-05-13,18.8600
2004-05-14,18.4700
2004-05-17,19.9600
2004-05-18,19.3300
2004-05-19,18.9300
2004-05-20,18.6700
2004-05-21,18.4900
2004-05-24,18.0800
2004-05-25,15.9600
2004-05-26,15.9700
2004-05-27,15.2800
2004-05-28,15.5000
2004-06-01,16.3000
2004-06-02,16.0800
2004-06-03,17.0300
2004-06-04,16.7800
2004-06-07,15.3900
2004-06-08,15.0100
2004-06-09,15.3900
2004-06-10,15.0400
2004-06-14,16.0700
2004-06-15,15.0500
2004-06-16,14.7900
2004-06-17,15.1500
2004-06-18,14.9900
2004-06-21,15.2600
2004-06-22,14.3100
2004-06-23,13.9800
2004-06-24,14.8100
2004-06-25,15.1900
2004-06-28,16.0700
2004-06-29,15.4700
2004-06-30,14.3400
2004-07-01,15.2000
2004-07-02,15.0800
2004-07-06,16.2500
2004-07-07,15.8100
2004-07-08,16.2000
2004-07-09,15.7800
2004-07-12,14.9600
2004-07-13,14.4600
2004-07-14,13.7600
2004-07-15,14.7100
2004-07-16,14.3400
2004-07-19,15.1700
2004-07-20,14.1700
2004-07-21,16.4100
2004-07-22,15.7500
2004-07-23,16.5000
2004-07-26,17.3000
2004-07-27,16.5500
2004-07-28,16.1500
2004-07-29,15.6800
2004-07-30,15.3200
2004-08-02,15.3700
2004-08-03,16.0300
2004-08-04,16.2100
2004-08-05,18.3200
2004-08-06,19.3400
2004-08-09,18.8900
2004-08-10,17.4700
2004-08-11,18.0400
2004-08-12,19.0800
2004-08-13,17.9800
2004-08-16,17.5700
2004-08-17,17.0200
2004-08-18,16.2300
2004-08-19,16.9600
2004-08-20,16.0000
2004-08-23,15.8800
2004-08-24,15.3300
2004-08-25,14.9800
2004-08-26,14.9100
2004-08-27,14.7100
2004-08-30,15.4400
2004-08-31,15.2900
2004-09-01,14.9100
2004-09-02,14.2800
2004-09-03,13.9100
2004-09-07,14.0700
2004-09-08,14.0600
2004-09-09,14.0100
2004-09-10,13.7600
2004-09-13,13.1700
2004-09-14,13.5600
2004-09-15,14.6400
2004-09-16,14.3900
2004-09-17,14.0300
2004-09-20,14.4300
2004-09-21,13.6600
2004-09-22,14.7400
2004-09-23,14.8000
2004-09-24,14.2800
2004-09-27,14.6200
2004-09-28,13.8300
2004-09-29,13.2100
2004-09-30,13.3400
2004-10-01,12.7500
2004-10-04,13.4100
2004-10-05,13.9500
2004-10-06,13.2800
2004-10-07,14.5000
2004-10-08,15.0500
2004-10-11,14.7100
2004-10-12,15.0500
2004-10-13,15.4200
2004-10-14,16.4300
2004-10-15,15.0400
2004-10-18,14.7100
2004-10-19,15.1300
2004-10-20,14.8500
2004-10-21,14.5400
2004-10-22,15.2800
2004-10-25,16.5800
2004-10-26,16.3900
2004-10-27,15.7200
2004-10-28,15.3900
2004-10-29,16.2700
2004-11-01,16.2700
2004-11-02,16.1800
2004-11-03,14.0400
2004-11-04,13.9700
2004-11-05,13.8400
2004-11-08,13.8000
2004-11-09,13.6100
2004-11-10,13.0800
2004-11-11,13.0400
2004-11-12,13.3300
2004-11-15,13.3800
2004-11-16,13.2100
2004-11-17,13.2100
2004-11-18,12.9800
2004-11-19,13.5000
2004-11-22,12.9700
2004-11-23,12.6700
2004-11-24,12.7200
2004-11-26,12.7800
2004-11-29,13.3000
2004-11-30,13.2400
2004-12-01,12.9700
2004-12-02,12.9800
2004-12-03,12.9600
2004-12-06,13.1900
2004-12-07,13.6700
2004-12-08,13.1900
2004-12-09,12.8800
2004-12-10,12.7600
2004-12-13,12.5400
2004-12-14,12.7300
2004-12-15,12.3500
2004-12-16,12.2700
2004-12-17,11.9500
2004-12-20,11.8300
2004-12-21,11.5500
2004-12-22,11.4500
2004-12-23,11.2300
2004-12-27,12.1400
2004-12-28,12.0000
2004-12-29,11.6200
2004-12-30,12.5600
2004-12-31,13.2900
2005-01-03,14.0800
2005-01-04,13.9800
2005-01-05,14.0900
2005-01-06,13.5800
2005-01-07,13.4900
2005-01-10,13.2300
2005-01-11,13.1900
2005-01-12,12.5600
2005-01-13,12.8400
2005-01-14,12.4300
2005-01-18,12.4700
2005-01-19,13.1800
2005-01-20,13.8300
2005-01-21,14.3600
2005-01-24,14.6500
2005-01-25,14.0600
2005-01-26,13.4400
2005-01-27,13.2400
2005-01-28,13.2400
2005-01-31,12.8200
2005-02-01,12.0300
2005-02-02,11.6600
2005-02-03,11.7900
2005-02-04,11.2100
2005-02-07,11.7300
2005-02-08,11.6000
2005-02-09,12.0000
2005-02-10,11.5100
2005-02-11,11.4300
2005-02-14,11.5200
2005-02-15,11.2700
2005-02-16,11.1000
2005-02-17,11.7700
2005-02-18,11.1800
2005-02-22,13.1400
2005-02-23,12.3900
2005-02-24,11.5700
2005-02-25,11.4900
2005-02-28,12.0800
2005-03-01,12.0400
2005-03-02,12.5000
2005-03-03,12.9300
2005-03-04,11.9400
2005-03-07,12.2600
2005-03-08,12.4000
2005-03-09,12.7000
2005-03-10,12.4900
2005-03-11,12.8000
2005-03-14,12.3900
2005-03-15,13.1500
2005-03-16,13.4900
2005-03-17,13.2900
2005-03-18,13.1400
2005-03-21,13.6100
2005-03-22,14.2700
2005-03-23,14.0600
2005-03-24,13.4200
2005-03-28,13.7500
2005-03-29,14.4900
2005-03-30,13.6400
2005-03-31,14.0200
2005-04-01,14.0900
2005-04-04,14.1100
2005-04-05,13.6800
2005-04-06,13.1500
2005-04-07,12.3300
2005-04-08,12.6200
2005-04-11,11.9800
2005-04-12,11.3000
2005-04-13,13.3100
2005-04-14,14.5300
2005-04-15,17.7400
2005-04-18,16.5600
2005-04-19,14.9600
2005-04-20,16.9200
2005-04-21,14.4100
2005-04-22,15.3800
2005-04-25,14.6200
2005-04-26,14.9100
2005-04-27,14.8700
2005-04-28,16.8600
2005-04-29,15.3100
2005-05-02,15.1200
2005-05-03,14.5300
2005-05-04,13.8500
2005-05-05,13.9800
2005-05-06,14.0500
2005-05-09,13.7500
2005-05-10,14.9100
2005-05-11,14.4500
2005-05-12,16.1200
2005-05-13,16.3200
2005-05-16,15.6800
2005-05-17,14.5700
2005-05-18,13.6300
2005-05-19,13.3200
2005-05-20,13.1400
2005-05-23,12.9500
2005-05-24,12.6900
2005-05-25,12.5800
2005-05-26,12.2400
2005-05-27,12.1500
2005-05-31,13.2900
2005-06-01,12.3600
2005-06-02,11.8400
2005-06-03,12.1500
2005-06-06,12.2800
2005-06-07,12.3900
2005-06-08,12.7000
2005-06-09,12.0800
2005-06-10,11.9600
2005-06-13,11.6500
2005-06-14,11.7900
2005-06-15,11.4600
2005-06-16,11.1500
2005-06-17,11.4800
2005-06-20,11.4700
2005-06-21,11.0800
2005-06-22,11.0500
2005-06-23,12.1300
2005-06-24,12.1800
2005-06-27,12.5200
2005-06-28,11.5800
2005-06-29,11.7700
2005-06-30,12.0400
2005-07-01,11.4000
2005-07-05,11.6800
2005-07-06,12.2700
2005-07-07,12.4900
2005-07-08,11.4500
2005-07-11,11.2800
2005-07-12,10.9500
2005-07-13,10.8400
2005-07-14,10.8100
2005-07-15,10.3300
2005-07-18,10.7700
2005-07-19,10.4500
2005-07-20,10.2300
2005-07-21,10.9700
2005-07-22,10.5200
2005-07-25,11.1000
2005-07-26,10.9900
2005-07-27,10.3600
2005-07-28,10.5200
2005-07-29,11.5700
2005-08-01,12.0800
2005-08-02,11.7500
2005-08-03,11.8300
2005-08-04,12.5200
2005-08-05,12.4800
2005-08-08,13.2100
2005-08-09,12.4000
2005-08-10,12.3800
2005-08-11,12.4200
2005-08-12,12.7400
2005-08-15,12.2600
2005-08-16,13.5200
2005-08-17,13.3000
2005-08-18,13.4200
2005-08-19,13.4200
2005-08-22,13.4200
2005-08-23,13.3400
2005-08-24,14.1700
2005-08-25,13.7300
2005-08-26,13.7200
2005-08-29,13.5200
2005-08-30,13.6500
2005-08-31,12.6000
2005-09-01,13.1500
2005-09-02,13.5700
2005-09-06,12.9300
2005-09-07,12.5200
2005-09-08,12.9300
2005-09-09,11.9800
2005-09-12,11.6500
2005-09-13,12.3900
2005-09-14,12.9100
2005-09-15,12.4900
2005-09-16,11.2200
2005-09-19,12.1400
2005-09-20,12.6400
2005-09-21,13.7900
2005-09-22,13.3300
2005-09-23,12.9600
2005-09-26,13.0400
2005-09-27,12.7600
2005-09-28,12.6300
2005-09-29,12.2400
2005-09-30,11.9200
2005-10-03,12.4600
2005-10-04,13.2000
2005-10-05,14.5500
2005-10-06,14.9600
2005-10-07,14.5900
2005-10-10,15.5500
2005-10-11,15.6300
2005-10-12,16.2200
2005-10-13,16.4700
2005-10-14,14.8700
2005-10-17,14.6700
2005-10-18,15.3300
2005-10-19,13.5000
2005-10-20,16.1100
2005-10-21,16.1300
2005-10-24,14.7400
2005-10-25,14.5300
2005-10-26,14.5900
2005-10-27,16.0200
2005-10-28,14.2500
2005-10-31,15.3200
2005-11-01,14.8500
2005-11-02,13.4800
2005-11-03,13.0000
2005-11-04,13.1700
2005-11-07,13.1000
2005-11-08,13.0800
2005-11-09,12.8000
2005-11-10,11.9000
2005-11-11,11.6300
2005-11-14,12.1800
2005-11-15,12.2300
2005-11-16,12.2600
2005-11-17,11.2500
2005-11-18,11.1200
2005-11-21,10.8200
2005-11-22,10.6000
2005-11-23,10.9600
2005-11-25,10.8800
2005-11-28,11.8400
2005-11-29,11.8900
2005-11-30,12.0600
2005-12-01,11.2400
2005-12-02,11.0100
2005-12-05,11.6000
2005-12-06,11.5200
2005-12-07,12.1800
2005-12-08,12.2100
2005-12-09,11.6900
2005-12-12,11.4700
2005-12-13,11.1100
2005-12-14,10.4800
2005-12-15,10.7300
2005-12-16,10.6800
2005-12-19,11.3800
2005-12-20,11.1900
2005-12-21,10.8100
2005-12-22,10.2900
2005-12-23,10.2700
2005-12-27,11.5700
2005-12-28,11.3500
2005-12-29,11.6100
2005-12-30,12.0700
2006-01-03,11.1400
2006-01-04,11.3700
2006-01-05,11.3100
2006-01-06,11.0000
2006-01-09,11.1300
2006-01-10,10.8600
2006-01-11,10.9400
2006-01-12,11.2000
2006-01-13,11.2300
2006-01-17,11.9100
2006-01-18,12.2500
2006-01-19,11.9800
2006-01-20,14.5600
2006-01-23,13.9300
2006-01-24,13.3100
2006-01-25,12.8700
2006-01-26,12.4200
2006-01-27,11.9700
2006-01-30,12.3900
2006-01-31,12.9500
2006-02-01,12.3600
2006-02-02,13.2300
2006-02-03,12.9600
2006-02-06,13.0400
2006-02-07,13.5900
2006-02-08,12.8300
2006-02-09,13.1200
2006-02-10,12.8700
2006-02-13,13.3500
2006-02-14,12.2500
2006-02-15,12.3100
2006-02-16,11.4800
2006-02-17,12.0100
2006-02-21,12.4100
2006-02-22,11.8800
2006-02-23,11.8700
2006-02-24,11.4600
2006-02-27,11.5900
2006-02-28,12.3400
2006-03-01,11.5400
2006-03-02,11.7200
2006-03-03,11.9600
2006-03-06,12.7400
2006-03-07,12.6600
2006-03-08,12.3200
2006-03-09,12.6800
2006-03-10,11.8500
2006-03-13,11.3700
2006-03-14,10.7400
2006-03-15,11.3500
2006-03-16,11.9800
2006-03-17,12.1200
2006-03-20,11.7900
2006-03-21,11.6200
2006-03-22,11.2100
2006-03-23,11.1700
2006-03-24,11.1900
2006-03-27,11.4600
2006-03-28,11.5800
2006-03-29,10.9500
2006-03-30,11.5700
2006-03-31,11.3900
2006-04-03,11.5700
2006-04-04,11.1400
2006-04-05,11.1300
2006-04-06,11.4500
2006-04-07,12.2600
2006-04-10,12.1900
2006-04-11,13.0000
2006-04-12,12.7600
2006-04-13,12.3800
2006-04-17,12.5800
2006-04-18,11.4000
2006-04-19,11.3200
2006-04-20,11.6400
2006-04-21,11.5900
2006-04-24,11.7500
2006-04-25,11.7500
2006-04-26,11.7600
2006-04-27,11.8400
2006-04-28,11.5900
2006-05-01,12.5400
2006-05-02,11.9900
2006-05-03,11.9900
2006-05-04,11.8600
2006-05-05,11.6200
2006-05-08,12.0000
2006-05-09,11.9900
2006-05-10,11.7800
2006-05-11,12.4900
2006-05-12,14.1900
2006-05-15,13.5700
2006-05-16,13.3500
2006-05-17,16.2600
2006-05-18,16.9900
2006-05-19,17.1800
2006-05-22,17.7200
2006-05-23,18.2600
2006-05-24,17.3600
2006-05-25,15.5000
2006-05-26,14.2600
2006-05-30,18.6600
2006-05-31,16.4400
2006-06-01,14.5200
2006-06-02,14.3200
2006-06-05,16.6500
2006-06-06,17.3400
2006-06-07,17.8000
2006-06-08,18.3500
2006-06-09,18.1200
2006-06-12,20.9600
2006-06-13,23.8100
2006-06-14,21.4600
2006-06-15,15.9000
2006-06-16,17.2500
2006-06-19,17.8300
2006-06-20,16.6900
2006-06-21,15.5200
2006-06-22,15.8800
2006-06-23,15.8900
2006-06-26,15.6200
2006-06-27,16.4000
2006-06-28,15.7900
2006-06-29,13.0300
2006-06-30,13.0800
2006-07-03,13.0500
2006-07-05,14.1500
2006-07-06,13.6500
2006-07-07,13.9700
2006-07-10,14.0200
2006-07-11,13.1400
2006-07-12,14.4900
2006-07-13,17.7900
2006-07-14,18.0500
2006-07-17,18.6400
2006-07-18,17.7400
2006-07-19,15.5500
2006-07-20,16.2100
2006-07-21,17.4000
2006-07-24,14.9800
2006-07-25,14.8500
2006-07-26,14.6200
2006-07-27,14.9400
2006-07-28,14.3300
2006-07-31,14.9500
2006-08-01,15.0500
2006-08-02,14.3400
2006-08-03,14.4600
2006-08-04,14.3400
2006-08-07,15.2300
2006-08-08,15.2300
2006-08-09,15.2000
2006-08-10,14.4600
2006-08-11,14.3000
2006-08-14,14.2600
2006-08-15,13.4200
2006-08-16,12.4100
2006-08-17,12.2400
2006-08-18,11.6400
2006-08-21,12.2200
2006-08-22,12.1900
2006-08-23,12.4000
2006-08-24,12.4000
2006-08-25,12.3100
2006-08-28,12.1800
2006-08-29,12.2800
2006-08-30,12.2200
2006-08-31,12.3100
2006-09-01,11.9600
2006-09-05,12.6300
2006-09-06,13.7400
2006-09-07,13.8800
2006-09-08,13.1600
2006-09-11,12.9900
2006-09-12,11.9200
2006-09-13,11.1800
2006-09-14,11.5500
2006-09-15,11.7600
2006-09-18,11.7800
2006-09-19,11.9800
2006-09-20,11.3900
2006-09-21,12.2500
2006-09-22,12.5900
2006-09-25,12.1200
2006-09-26,11.5300
2006-09-27,11.5800
2006-09-28,11.7200
2006-09-29,11.9800
2006-10-02,12.5700
2006-10-03,12.2400
2006-10-04,11.8600
2006-10-05,11.9800
2006-10-06,11.5600
2006-10-09,11.6800
2006-10-10,11.5200
2006-10-11,11.6200
2006-10-12,11.0900
2006-10-13,10.7500
2006-10-16,11.0900
2006-10-17,11.7300
2006-10-18,11.3400
2006-10-19,10.9000
2006-10-20,10.6300
2006-10-23,11.0800
2006-10-24,10.7800
2006-10-25,10.6600
2006-10-26,10.5600
2006-10-27,10.8000
2006-10-30,11.2000
2006-10-31,11.1000
2006-11-01,11.5100
2006-11-02,11.4200
2006-11-03,11.1600
2006-11-06,11.1600
2006-11-07,11.0900
2006-11-08,10.7500
2006-11-09,11.0100
2006-11-10,10.7900
2006-11-13,10.8600
2006-11-14,10.5000
2006-11-15,10.3100
2006-11-16,10.1600
2006-11-17,10.0500
2006-11-20,9.9700
2006-11-21,9.9000
2006-11-22,10.1400
2006-11-24,10.7300
2006-11-27,12.3000
2006-11-28,11.6200
2006-11-29,10.8300
2006-11-30,10.9100
2006-12-01,11.6600
2006-12-04,11.2300
2006-12-05,11.2700
2006-12-06,11.3300
2006-12-07,12.6700
2006-12-08,12.0700
2006-12-11,10.7100
2006-12-12,10.6500
2006-12-13,10.1800
2006-12-14,9.9700
2006-12-15,10.0500
2006-12-18,10.6000
2006-12-19,10.3000
2006-12-20,10.2600
2006-12-21,10.5300
2006-12-22,11.3600
2006-12-26,11.2600
2006-12-27,10.6400
2006-12-28,10.9900
2006-12-29,11.5600
2007-01-03,12.0400
2007-01-04,11.5100
2007-01-05,12.1400
2007-01-08,12.0000
2007-01-09,11.9100
2007-01-10,11.4700
2007-01-11,10.8700
2007-01-12,10.1500
2007-01-16,10.7400
2007-01-17,10.5900
2007-01-18,10.8500
2007-01-19,10.4000
2007-01-22,10.7700
2007-01-23,10.3400
2007-01-24,9.8900
2007-01-25,11.2200
2007-01-26,11.1300
2007-01-29,11.4500
2007-01-30,10.9600
2007-01-31,10.4200
2007-02-01,10.3100
2007-02-02,10.0800
2007-02-05,10.5500
2007-02-06,10.6500
2007-02-07,10.3200
2007-02-08,10.4400
2007-02-09,11.1000
2007-02-12,11.6100
2007-02-13,10.3400
2007-02-14,10.2300
2007-02-15,10.2200
2007-02-16,10.0200
2007-02-20,10.2400
2007-02-21,10.2000
2007-02-22,10.1800
2007-02-23,10.5800
2007-02-26,11.1500
2007-02-27,18.3100
2007-02-28,15.4200
2007-03-01,15.8200
2007-03-02,18.6100
2007-03-05,19.6300
2007-03-06,15.9600
2007-03-07,15.2400
2007-03-08,14.2900
2007-03-09,14.0900
2007-03-12,13.9900
2007-03-13,18.1300
2007-03-14,17.2700
2007-03-15,16.4300
2007-03-16,16.7900
2007-03-19,14.5900
2007-03-20,13.2700
2007-03-21,12.1900
2007-03-22,12.9300
2007-03-23,12.9500
2007-03-26,13.1600
2007-03-27,13.4800
2007-03-28,14.9800
2007-03-29,15.1400
2007-03-30,14.6400
2007-04-02,14.5300
2007-04-03,13.4600
2007-04-04,13.2400
2007-04-05,13.2300
2007-04-09,13.1400
2007-04-10,12.6800
2007-04-11,13.4900
2007-04-12,12.7100
2007-04-13,12.2000
2007-04-16,11.9800
2007-04-17,12.1400
2007-04-18,12.4200
2007-04-19,12.5400
2007-04-20,12.0700
2007-04-23,13.0400
2007-04-24,13.1200
2007-04-25,13.2100
2007-04-26,12.7900
2007-04-27,12.4500
2007-04-30,14.2200
2007-05-01,13.5100
2007-05-02,13.0800
2007-05-03,13.0900
2007-05-04,12.9100
2007-05-07,13.1500
2007-05-08,13.2100
2007-05-09,12.8800
2007-05-10,13.6000
2007-05-11,12.9500
2007-05-14,13.9600
2007-05-15,14.0100
2007-05-16,13.5000
2007-05-17,13.5100
2007-05-18,12.7600
2007-05-21,13.3000
2007-05-22,13.0600
2007-05-23,13.2400
2007-05-24,14.0800
2007-05-25,13.3400
2007-05-29,13.5300
2007-05-30,12.8300
2007-05-31,13.0500
2007-06-01,12.7800
2007-06-04,13.2900
2007-06-05,13.6300
2007-06-06,14.8700
2007-06-07,17.0600
2007-06-08,14.8400
2007-06-11,14.7100
2007-06-12,16.6700
2007-06-13,14.7300
2007-06-14,13.6400
2007-06-15,13.9400
2007-06-18,13.4200
2007-06-19,12.8500
2007-06-20,14.6700
2007-06-21,14.2100
2007-06-22,15.7500
2007-06-25,16.6500
2007-06-26,18.8900
2007-06-27,15.5300
2007-06-28,15.5400
2007-06-29,16.2300
2007-07-02,15.4000
2007-07-03,14.9200
2007-07-05,15.4800
2007-07-06,14.7200
2007-07-09,15.1600
2007-07-10,17.5700
2007-07-11,16.6400
2007-07-12,15.5400
2007-07-13,15.1500
2007-07-16,15.5900
2007-07-17,15.6300
2007-07-18,16.0000
2007-07-19,15.2300
2007-07-20,16.9500
2007-07-23,16.8100
2007-07-24,18.5500
2007-07-25,18.1000
2007-07-26,20.7400
2007-07-27,24.1700
2007-07-30,20.8700
2007-07-31,23.5200
2007-08-01,23.6700
2007-08-02,21.2200
2007-08-03,25.1600
2007-08-06,22.9400
2007-08-07,21.5600
2007-08-08,21.4500
2007-08-09,26.4800
2007-08-10,28.3000
2007-08-13,26.5700
2007-08-14,27.6800
2007-08-15,30.6700
2007-08-16,30.8300
2007-08-17,29.9900
2007-08-20,26.3300
2007-08-21,25.2500
2007-08-22,22.8900
2007-08-23,22.6200
2007-08-24,20.7200
2007-08-27,22.7200
2007-08-28,26.3000
2007-08-29,23.8100
2007-08-30,25.0600
2007-08-31,23.3800
2007-09-04,22.7800
2007-09-05,24.5800
2007-09-06,23.9900
2007-09-07,26.2300
2007-09-10,27.3800
2007-09-11,25.2700
2007-09-12,24.9600
2007-09-13,24.7600
2007-09-14,24.9200
2007-09-17,26.4800
2007-09-18,20.3500
2007-09-19,20.0300
2007-09-20,20.4500
2007-09-21,19.0000
2007-09-24,19.3700
2007-09-25,18.6000
2007-09-26,17.6300
2007-09-27,17.0000
2007-09-28,18.0000
2007-10-01,17.8400
2007-10-02,18.4900
2007-10-03,18.8000
2007-10-04,18.4400
2007-10-05,16.9100
2007-10-08,17.4600
2007-10-09,16.1200
2007-10-10,16.6700
2007-10-11,18.8800
2007-10-12,17.7300
2007-10-15,19.2500
2007-10-16,20.0200
2007-10-17,18.5400
2007-10-18,18.5000
2007-10-19,22.9600
2007-10-22,21.6400
2007-10-23,20.4100
2007-10-24,20.8000
2007-10-25,21.1700
2007-10-26,19.5600
2007-10-29,19.8700
2007-10-30,21.0700
2007-10-31,18.5300
2007-11-01,23.2100
2007-11-02,23.0100
2007-11-05,24.3100
2007-11-06,21.3900
2007-11-07,26.4900
2007-11-08,26.1600
2007-11-09,28.5000
2007-11-12,31.0900
2007-11-13,24.1000
2007-11-14,25.9400
2007-11-15,28.0600
2007-11-16,25.4900
2007-11-19,26.0100
2007-11-20,24.8800
2007-11-21,26.8400
2007-11-23,25.6100
2007-11-26,28.9100
2007-11-27,26.2800
2007-11-28,24.1100
2007-11-29,23.9700
2007-11-30,22.8700
2007-12-03,23.6100
2007-12-04,23.7900
2007-12-05,22.5300
2007-12-06,20.9600
2007-12-07,20.8500
2007-12-10,20.7400
2007-12-11,23.5900
2007-12-12,22.4700
2007-12-13,22.5600
2007-12-14,23.2700
2007-12-17,24.5200
2007-12-18,22.6400
2007-12-19,21.6800
2007-12-20,20.5800
2007-12-21,18.4700
2007-12-24,18.6000
2007-12-26,18.6600
2007-12-27,20.2600
2007-12-28,20.7400
2007-12-31,22.5000
2008-01-02,23.1700
2008-01-03,22.4900
2008-01-04,23.9400
2008-01-07,23.7900
2008-01-08,25.4300
2008-01-09,24.1200
2008-01-10,23.4500
2008-01-11,23.6800
2008-01-14,22.9000
2008-01-15,23.3400
2008-01-16,24.3800
2008-01-17,28.4600
2008-01-18,27.1800
2008-01-22,31.0100
2008-01-23,29.0200
2008-01-24,27.7800
2008-01-25,29.0800
2008-01-28,27.7800
2008-01-29,27.3200
2008-01-30,27.6200
2008-01-31,26.2000
2008-02-01,24.0200
2008-02-04,25.9900
2008-02-05,28.2400
2008-02-06,28.9700
2008-02-07,27.6600
2008-02-08,28.0100
2008-02-11,27.6000
2008-02-12,26.3300
2008-02-13,24.8800
2008-02-14,25.5400
2008-02-15,25.0200
2008-02-19,25.5900
2008-02-20,24.4000
2008-02-21,25.1200
2008-02-22,24.0600
2008-02-25,23.0300
2008-02-26,21.9000
2008-02-27,22.6900
2008-02-28,23.5300
2008-02-29,26.5400
2008-03-03,26.2800
2008-03-04,25.5200
2008-03-05,24.6000
2008-03-06,27.5500
2008-03-07,27.4900
2008-03-10,29.3800
2008-03-11,26.3600
2008-03-12,27.2200
2008-03-13,27.2900
2008-03-14,31.1600
2008-03-17,32.2400
2008-03-18,25.7900
2008-03-19,29.8400
2008-03-20,26.6200
2008-03-24,25.7300
2008-03-25,25.7200
2008-03-26,26.0800
2008-03-27,25.8800
2008-03-28,25.7100
2008-03-31,25.6100
2008-04-01,22.6800
2008-04-02,23.4300
2008-04-03,23.2100
2008-04-04,22.4500
2008-04-07,22.4200
2008-04-08,22.3600
2008-04-09,22.8100
2008-04-10,21.9800
2008-04-11,23.4600
2008-04-14,23.8200
2008-04-15,22.7800
2008-04-16,20.5300
2008-04-17,20.3700
2008-04-18,20.1300
2008-04-21,20.5000
2008-04-22,20.8700
2008-04-23,20.2600
2008-04-24,20.0600
2008-04-25,19.5900
2008-04-28,19.6400
2008-04-29,20.2400
2008-04-30,20.7900
2008-05-01,18.8800
2008-05-02,18.1800
2008-05-05,18.9000
2008-05-06,18.2100
2008-05-07,19.7300
2008-05-08,19.4000
2008-05-09,19.4100
2008-05-12,17.7900
2008-05-13,17.9800
2008-05-14,17.6600
2008-05-15,16.3000
2008-05-16,16.4700
2008-05-19,17.0100
2008-05-20,17.5800
2008-05-21,18.5900
2008-05-22,18.0500
2008-05-23,19.5500
2008-05-27,19.6400
2008-05-28,19.0700
2008-05-29,18.1400
2008-05-30,17.8300
2008-06-02,19.8300
2008-06-03,20.2400
2008-06-04,20.8000
2008-06-05,18.6300
2008-06-06,23.5600
2008-06-09,23.1200
2008-06-10,23.1800
2008-06-11,24.1200
2008-06-12,23.3300
2008-06-13,21.2200
2008-06-16,20.9500
2008-06-17,21.1300
2008-06-18,22.2400
2008-06-19,21.5800
2008-06-20,22.8700
2008-06-23,22.6400
2008-06-24,22.4200
2008-06-25,21.1400
2008-06-26,23.9300
2008-06-27,23.4400
2008-06-30,23.9500
2008-07-01,23.6500
2008-07-02,25.9200
2008-07-03,24.7800
2008-07-07,25.7800
2008-07-08,23.1500
2008-07-09,25.2300
2008-07-10,25.5900
2008-07-11,27.4900
2008-07-14,28.4800
2008-07-15,28.5400
2008-07-16,25.1000
2008-07-17,25.0100
2008-07-18,24.0500
2008-07-21,23.0500
2008-07-22,21.1800
2008-07-23,21.3100
2008-07-24,23.4400
2008-07-25,22.9100
2008-07-28,24.2300
2008-07-29,22.0300
2008-07-30,21.2100
2008-07-31,22.9400
2008-08-01,22.5700
2008-08-04,23.4900
2008-08-05,21.1400
2008-08-06,20.2300
2008-08-07,21.1500
2008-08-08,20.6600
2008-08-11,20.1200
2008-08-12,21.1700
2008-08-13,21.5500
2008-08-14,20.3400
2008-08-15,19.5800
2008-08-18,20.9800
2008-08-19,21.2800
2008-08-20,20.4200
2008-08-21,19.8200
2008-08-22,18.8100
2008-08-25,20.9700
2008-08-26,20.4900
2008-08-27,19.7600
2008-08-28,19.4300
2008-08-29,20.6500
2008-09-02,21.9900
2008-09-03,21.4300
2008-09-04,24.0300
2008-09-05,23.0600
2008-09-08,22.6400
2008-09-09,25.4700
2008-09-10,24.5200
2008-09-11,24.3900
2008-09-12,25.6600
2008-09-15,31.7000
2008-09-16,30.3000
2008-09-17,36.2200
2008-09-18,33.1000
2008-09-19,32.0700
2008-09-22,33.8500
2008-09-23,35.7200
2008-09-24,35.1900
2008-09-25,32.8200
2008-09-26,34.7400
2008-09-29,46.7200
2008-09-30,39.3900
2008-10-01,39.8100
2008-10-02,45.2600
2008-10-03,45.1400
2008-10-06,52.0500
2008-10-07,53.6800
2008-10-08,57.5300
2008-10-09,63.9200
2008-10-10,69.9500
2008-10-13,54.9900
2008-10-14,55.1300
2008-10-15,69.2500
2008-10-16,67.6100
2008-10-17,70.3300
2008-10-20,52.9700
2008-10-21,53.1100
2008-10-22,69.6500
2008-10-23,67.8000
2008-10-24,79.1300
2008-10-27,80.0600
2008-10-28,66.9600
2008-10-29,69.9600
2008-10-30,62.9000
2008-10-31,59.8900
2008-11-03,53.6800
2008-11-04,47.7300
2008-11-05,54.5600
2008-11-06,63.6800
2008-11-07,56.1000
2008-11-10,59.9800
2008-11-11,61.4400
2008-11-12,66.4600
2008-11-13,59.8300
2008-11-14,66.3100
2008-11-17,69.1500
2008-11-18,67.6400
2008-11-19,74.2600
2008-11-20,80.8600
2008-11-21,72.6700
2008-11-24,64.7000
2008-11-25,60.9000
2008-11-26,54.9200
2008-11-28,55.2800
2008-12-01,68.5100
2008-12-02,62.9800
2008-12-03,60.7200
2008-12-04,63.6400
2008-12-05,59.9300
2008-12-08,58.4900
2008-12-09,58.9100
2008-12-10,55.7300
2008-12-11,55.7800
2008-12-12,54.2800
2008-12-15,56.7600
2008-12-16,52.3700
2008-12-17,49.8400
2008-12-18,47.3400
2008-12-19,44.9300
2008-12-22,44.5600
2008-12-23,45.0200
2008-12-24,44.2100
2008-12-26,43.3800
2008-12-29,43.9000
2008-12-30,41.6300
2008-12-31,40.0000
2009-01-02,39.1900
2009-01-05,39.0800
2009-01-06,38.5600
2009-01-07,43.3900
2009-01-08,42.5600
2009-01-09,42.8200
2009-01-12,45.8400
2009-01-13,43.2700
2009-01-14,49.1400
2009-01-15,51.0000
2009-01-16,46.1100
2009-01-20,56.6500
2009-01-21,46.4200
2009-01-22,47.2900
2009-01-23,47.2700
2009-01-26,45.6900
2009-01-27,42.2500
2009-01-28,39.6600
2009-01-29,42.6300
2009-01-30,44.8400
2009-02-02,45.5200
2009-02-03,43.0600
2009-02-04,43.8500
2009-02-05,43.7300
2009-02-06,43.3700
2009-02-09,43.6400
2009-02-10,46.6700
2009-02-11,44.5300
2009-02-12,41.2500
2009-02-13,42.9300
2009-02-17,48.6600
2009-02-18,48.4600
2009-02-19,47.0800
2009-02-20,49.3000
2009-02-23,52.6200
2009-02-24,45.4900
2009-02-25,44.6700
2009-02-26,44.6600
2009-02-27,46.3500
2009-03-02,52.6500
2009-03-03,50.9300
2009-03-04,47.5600
2009-03-05,50.1700
2009-03-06,49.3300
2009-03-09,49.6800
2009-03-10,44.3700
2009-03-11,43.6100
2009-03-12,41.1800
2009-03-13,42.3600
2009-03-16,43.7400
2009-03-17,40.8000
2009-03-18,40.0600
2009-03-19,43.6800
2009-03-20,45.8900
2009-03-23,43.2300
2009-03-24,42.9300
2009-03-25,42.2500
2009-03-26,40.3600
2009-03-27,41.0400
2009-03-30,45.5400
2009-03-31,44.1400
2009-04-01,42.2800
2009-04-02,42.0400
2009-04-03,39.7000
2009-04-06,40.9300
2009-04-07,40.3900
2009-04-08,38.8500
2009-04-09,36.5300
2009-04-13,37.8100
2009-04-14,37.6700
2009-04-15,36.1700
2009-04-16,35.7900
2009-04-17,33.9400
2009-04-20,39.1800
2009-04-21,37.1400
2009-04-22,38.1000
2009-04-23,37.1500
2009-04-24,36.8200
2009-04-27,38.3200
2009-04-28,37.9500
2009-04-29,36.0800
2009-04-30,36.5000
2009-05-01,35.3000
2009-05-04,34.5300
2009-05-05,33.3600
2009-05-06,32.4500
2009-05-07,33.4400
2009-05-08,32.0500
2009-05-11,32.8700
2009-05-12,31.8000
2009-05-13,33.6500
2009-05-14,31.3700
2009-05-15,33.1200
2009-05-18,30.2400
2009-05-19,28.8000
2009-05-20,29.0300
2009-05-21,31.3500
2009-05-22,32.6300
2009-05-26,30.6200
2009-05-27,32.3600
2009-05-28,31.6700
2009-05-29,28.9200
2009-06-01,30.0400
2009-06-02,29.6300
2009-06-03,31.0200
2009-06-04,30.1800
2009-06-05,29.6200
2009-06-08,29.7700
2009-06-09,28.2700
2009-06-10,28.4600
2009-06-11,28.1100
2009-06-12,28.1500
2009-06-15,30.8100
2009-06-16,32.6800
2009-06-17,31.5400
2009-06-18,30.0300
2009-06-19,27.9900
2009-06-22,31.1700
2009-06-23,30.5800
2009-06-24,29.0500
2009-06-25,26.3600
2009-06-26,25.9300
2009-06-29,25.3500
2009-06-30,26.3500
2009-07-01,26.2200
2009-07-02,27.9500
2009-07-06,29.0000
2009-07-07,30.8500
2009-07-08,31.3000
2009-07-09,29.7800
2009-07-10,29.0200
2009-07-13,26.3100
2009-07-14,25.0200
2009-07-15,25.8900
2009-07-16,25.4200
2009-07-17,24.3400
2009-07-20,24.4000
2009-07-21,23.8700
2009-07-22,23.4700
2009-07-23,23.4300
2009-07-24,23.0900
2009-07-27,24.2800
2009-07-28,25.0100
2009-07-29,25.6100
2009-07-30,25.4000
2009-07-31,25.9200
2009-08-03,25.5600
2009-08-04,24.8900
2009-08-05,24.9000
2009-08-06,25.6700
2009-08-07,24.7600
2009-08-10,24.9900
2009-08-11,25.9900
2009-08-12,25.4500
2009-08-13,24.7100
2009-08-14,24.2700
2009-08-17,27.8900
2009-08-18,26.1800
2009-08-19,26.2600
2009-08-20,25.0900
2009-08-21,25.0100
2009-08-24,25.1400
2009-08-25,24.9200
2009-08-26,24.9500
2009-08-27,24.6800
2009-08-28,24.7600
2009-08-31,26.0100
2009-09-01,29.1500
2009-09-02,28.9000
2009-09-03,27.1000
2009-09-04,25.2600
2009-09-08,25.6200
2009-09-09,24.3200
2009-09-10,23.5500
2009-09-11,24.1500
2009-09-14,23.8600
2009-09-15,23.4200
2009-09-16,23.6900
2009-09-17,23.6500
2009-09-18,23.9200
2009-09-21,24.0600
2009-09-22,23.0800
2009-09-23,23.4900
2009-09-24,24.9500
2009-09-25,25.6100
2009-09-28,24.8800
2009-09-29,25.1900
2009-09-30,25.6100
2009-10-01,28.2700
2009-10-02,28.6800
2009-10-05,26.8400
2009-10-06,25.7000
2009-10-07,24.6800
2009-10-08,24.1800
2009-10-09,23.1200
2009-10-12,23.0100
2009-10-13,22.9900
2009-10-14,22.8600
2009-10-15,21.7200
2009-10-16,21.4300
2009-10-19,21.4900
2009-10-20,20.9000
2009-10-21,22.2200
2009-10-22,20.6900
2009-10-23,22.2700
2009-10-26,24.3100
2009-10-27,24.8300
2009-10-28,27.9100
2009-10-29,24.7600
2009-10-30,30.6900
2009-11-02,29.7800
2009-11-03,28.8100
2009-11-04,27.7200
2009-11-05,25.4300
2009-11-06,24.1900
2009-11-09,23.1500
2009-11-10,22.8400
2009-11-11,23.0400
2009-11-12,24.2400
2009-11-13,23.3600
2009-11-16,22.8900
2009-11-17,22.4100
2009-11-18,21.6300
2009-11-19,22.6300
2009-11-20,22.1900
2009-11-23,21.1600
2009-11-24,20.4700
2009-11-25,20.4800
2009-11-27,24.7400
2009-11-30,24.5100
2009-12-01,21.9200
2009-12-02,21.1200
2009-12-03,22.4600
2009-12-04,21.2500
2009-12-07,22.1000
2009-12-08,23.6900
2009-12-09,22.6600
2009-12-10,22.3200
2009-12-11,21.5900
2009-12-14,21.1500
2009-12-15,21.4900
2009-12-16,20.5400
2009-12-17,22.5100
2009-12-18,21.6800
2009-12-21,20.4900
2009-12-22,19.5400
2009-12-23,19.7100
2009-12-24,19.4700
2009-12-28,19.9300
2009-12-29,20.0100
2009-12-30,19.9600
2009-12-31,21.6800
2010-01-04,20.0400
2010-01-05,19.3500
2010-01-06,19.1600
2010-01-07,19.0600
2010-01-08,18.1300
2010-01-11,17.5500
2010-01-12,18.2500
2010-01-13,17.8500
2010-01-14,17.6300
2010-01-15,17.9100
2010-01-19,17.5800
2010-01-20,18.6800
2010-01-21,22.2700
2010-01-22,27.3100
2010-01-25,25.4100
2010-01-26,24.5500
2010-01-27,23.1400
2010-01-28,23.7300
2010-01-29,24.6200
2010-02-01,22.5900
2010-02-02,21.4800
2010-02-03,21.6000
2010-02-04,26.0800
2010-02-05,26.1100
2010-02-08,26.5100
2010-02-09,26.0000
2010-02-10,25.4000
2010-02-11,23.9600
2010-02-12,22.7300
2010-02-16,22.2500
2010-02-17,21.7200
2010-02-18,20.6300
2010-02-19,20.0200
2010-02-22,19.9400
2010-02-23,21.3700
2010-02-24,20.2700
2010-02-25,20.1000
2010-02-26,19.5000
2010-03-01,19.2600
2010-03-02,19.0600
2010-03-03,18.8300
2010-03-04,18.7200
2010-03-05,17.4200
2010-03-08,17.7900
2010-03-09,17.9200
2010-03-10,18.5700
2010-03-11,18.0600
2010-03-12,17.5800
2010-03-15,18.0000
2010-03-16,17.6900
2010-03-17,16.9100
2010-03-18,16.6200
2010-03-19,16.9700
2010-03-22,16.8700
2010-03-23,16.3500
2010-03-24,17.5500
2010-03-25,18.4000
2010-03-26,17.7700
2010-03-29,17.5900
2010-03-30,17.1300
2010-03-31,17.5900
2010-04-01,17.4700
2010-04-05,17.0200
2010-04-06,16.2300
2010-04-07,16.6200
2010-04-08,16.4800
2010-04-09,16.1400
2010-04-12,15.5800
2010-04-13,16.2000
2010-04-14,15.5900
2010-04-15,15.8900
2010-04-16,18.3600
2010-04-19,17.3400
2010-04-20,15.7300
2010-04-21,16.3200
2010-04-22,16.4700
2010-04-23,16.6200
2010-04-26,17.4700
2010-04-27,22.8100
2010-04-28,21.0800
2010-04-29,18.4400
2010-04-30,22.0500
2010-05-03,20.1900
2010-05-04,23.8400
2010-05-05,24.9100
2010-05-06,32.8000
2010-05-07,40.9500
2010-05-10,28.8400
2010-05-11,28.3200
2010-05-12,25.5200
2010-05-13,26.6800
2010-05-14,31.2400
2010-05-17,30.8400
2010-05-18,33.5500
2010-05-19,35.3200
2010-05-20,45.7900
2010-05-21,40.1000
2010-05-24,38.3200
2010-05-25,34.6100
2010-05-26,35.0200
2010-05-27,29.6800
2010-05-28,32.0700
2010-06-01,35.5400
2010-06-02,30.1700
2010-06-03,29.4600
2010-06-04,35.4800
2010-06-07,36.5700
2010-06-08,33.7000
2010-06-09,33.7300
2010-06-10,30.5700
2010-06-11,28.7900
2010-06-14,28.5800
2010-06-15,25.8700
2010-06-16,25.9200
2010-06-17,25.0500
2010-06-18,23.9500
2010-06-21,24.8800
2010-06-22,27.0500
2010-06-23,26.9100
2010-06-24,29.7400
2010-06-25,28.5300
2010-06-28,29.0000
2010-06-29,34.1300
2010-06-30,34.5400
2010-07-01,32.8600
2010-07-02,30.1200
2010-07-06,29.6500
2010-07-07,26.8400
2010-07-08,25.7100
2010-07-09,24.9800
2010-07-12,24.4300
2010-07-13,24.5600
2010-07-14,24.8900
2010-07-15,25.1400
2010-07-16,26.2500
2010-07-19,25.9700
2010-07-20,23.9300
2010-07-21,25.6400
2010-07-22,24.6300
2010-07-23,23.4700
2010-07-26,22.7300
2010-07-27,23.1900
2010-07-28,24.2500
2010-07-29,24.1300
2010-07-30,23.5000
2010-08-02,22.0100
2010-08-03,22.6300
2010-08-04,22.2100
2010-08-05,22.1000
2010-08-06,21.7400
2010-08-09,22.1400
2010-08-10,22.3700
2010-08-11,25.3900
2010-08-12,25.7300
2010-08-13,26.2400
2010-08-16,26.1000
2010-08-17,24.3300
2010-08-18,24.5900
2010-08-19,26.4400
2010-08-20,25.4900
2010-08-23,25.6600
2010-08-24,27.4600
2010-08-25,26.7000
2010-08-26,27.3700
2010-08-27,24.4500
2010-08-30,27.2100
2010-08-31,26.0500
2010-09-01,23.8900
2010-09-02,23.1900
2010-09-03,21.3100
2010-09-07,23.8000
2010-09-08,23.2500
2010-09-09,22.8100
2010-09-10,21.9900
2010-09-13,21.2100
2010-09-14,21.5600
2010-09-15,22.1000
2010-09-16,21.7200
2010-09-17,22.0100
2010-09-20,21.5000
2010-09-21,22.3500
2010-09-22,22.5100
2010-09-23,23.8700
2010-09-24,21.7100
2010-09-27,22.5400
2010-09-28,22.6000
2010-09-29,23.2500
2010-09-30,23.7000
2010-10-01,22.5000
2010-10-04,23.5300
2010-10-05,21.7600
2010-10-06,21.4900
2010-10-07,21.5600
2010-10-08,20.7100
2010-10-11,18.9600
2010-10-12,18.9300
2010-10-13,19.0700
2010-10-14,19.8800
2010-10-15,19.0300
2010-10-18,19.0900
2010-10-19,20.6300
2010-10-20,19.7900
2010-10-21,19.2700
2010-10-22,18.7800
2010-10-25,19.8500
2010-10-26,20.2200
2010-10-27,20.7100
2010-10-28,20.8800
2010-10-29,21.2000
2010-11-01,21.8300
2010-11-02,21.5700
2010-11-03,19.5600
2010-11-04,18.5200
2010-11-05,18.2600
2010-11-08,18.2900
2010-11-09,19.0800
2010-11-10,18.4700
2010-11-11,18.6400
2010-11-12,20.6100
2010-11-15,20.2000
2010-11-16,22.5800
2010-11-17,21.7600
2010-11-18,18.7500
2010-11-19,18.0400
2010-11-22,18.3700
2010-11-23,20.6300
2010-11-24,19.5600
2010-11-26,22.2200
2010-11-29,21.5300
2010-11-30,23.5400
2010-12-01,21.3600
2010-12-02,19.3900
2010-12-03,18.0100
2010-12-06,18.0200
2010-12-07,17.9900
2010-12-08,17.7400
2010-12-09,17.2500
2010-12-10,17.6100
2010-12-13,17.5500
2010-12-14,17.6100
2010-12-15,17.9400
2010-12-16,17.3900
2010-12-17,16.1100
2010-12-20,16.4100
2010-12-21,16.4900
2010-12-22,15.4500
2010-12-23,16.4700
2010-12-27,17.6700
2010-12-28,17.5200
2010-12-29,17.2800
2010-12-30,17.5200
2010-12-31,17.7500
2011-01-03,17.6100
2011-01-04,17.3800
2011-01-05,17.0200
2011-01-06,17.4000
2011-01-07,17.1400
2011-01-10,17.5400
2011-01-11,16.8900
2011-01-12,16.2400
2011-01-13,16.3900
2011-01-14,15.4600
2011-01-18,15.8700
2011-01-19,17.3100
2011-01-20,17.9900
2011-01-21,18.4700
2011-01-24,17.6500
2011-01-25,17.5900
2011-01-26,16.6400
2011-01-27,16.1500
2011-01-28,20.0400
2011-01-31,19.5300
2011-02-01,17.6300
2011-02-02,17.3000
2011-02-03,16.6900
2011-02-04,15.9300
2011-02-07,16.2800
2011-02-08,15.8100
2011-02-09,15.8700
2011-02-10,16.0900
2011-02-11,15.6900
2011-02-14,15.9500
2011-02-15,16.3700
2011-02-16,16.7200
2011-02-17,16.5900
2011-02-18,16.4300
2011-02-22,20.8000
2011-02-23,22.1300
2011-02-24,21.3200
2011-02-25,19.2200
2011-02-28,18.3500
2011-03-01,21.0100
2011-03-02,20.7000
2011-03-03,18.6000
2011-03-04,19.0600
2011-03-07,20.6600
2011-03-08,19.8200
2011-03-09,20.2200
2011-03-10,21.8800
2011-03-11,20.0800
2011-03-14,21.1300
2011-03-15,24.3200
2011-03-16,29.4000
2011-03-17,26.3700
2011-03-18,24.4400
2011-03-21,20.6100
2011-03-22,20.2100
2011-03-23,19.1700
2011-03-24,18.0000
2011-03-25,17.9100
2011-03-28,19.4400
2011-03-29,18.1600
2011-03-30,17.7100
2011-03-31,17.7400
2011-04-01,17.4000
2011-04-04,17.5000
2011-04-05,17.2500
2011-04-06,16.9000
2011-04-07,17.1100
2011-04-08,17.8700
2011-04-11,16.5900
2011-04-12,17.0900
2011-04-13,16.9200
2011-04-14,16.2700
2011-04-15,15.3200
2011-04-18,16.9600
2011-04-19,15.8300
2011-04-20,15.0700
2011-04-21,14.6900
2011-04-25,15.7700
2011-04-26,15.6200
2011-04-27,15.3500
2011-04-28,14.6200
2011-04-29,14.7500
2011-05-02,15.9900
2011-05-03,16.7000
2011-05-04,17.0800
2011-05-05,18.2000
2011-05-06,18.4000
2011-05-09,17.1600
2011-05-10,15.9100
2011-05-11,16.9500
2011-05-12,16.0300
2011-05-13,17.0700
2011-05-16,18.2400
2011-05-17,17.5500
2011-05-18,16.2300
2011-05-19,15.5200
2011-05-20,17.4300
2011-05-23,18.2700
2011-05-24,17.8200
2011-05-25,17.0700
2011-05-26,16.0900
2011-05-27,15.9800
2011-05-31,15.4500
2011-06-01,18.3000
2011-06-02,18.0900
2011-06-03,17.9500
2011-06-06,18.4900
2011-06-07,18.0700
2011-06-08,18.7900
2011-06-09,17.7700
2011-06-10,18.8600
2011-06-13,19.6100
2011-06-14,18.2600
2011-06-15,21.3200
2011-06-16,22.7300
2011-06-17,21.8500
2011-06-20,19.9900
2011-06-21,18.8600
2011-06-22,18.5200
2011-06-23,19.2900
2011-06-24,21.1000
2011-06-27,20.5600
2011-06-28,19.1700
2011-06-29,17.2700
2011-06-30,16.5200
2011-07-01,15.8700
2011-07-05,16.0600
2011-07-06,16.3400
2011-07-07,15.9500
2011-07-08,15.9500
2011-07-11,18.3900
2011-07-12,19.8700
2011-07-13,19.9100
2011-07-14,20.8000
2011-07-15,19.5300
2011-07-18,20.9500
2011-07-19,19.2100
2011-07-20,19.0900
2011-07-21,17.5600
2011-07-22,17.5200
2011-07-25,19.3500
2011-07-26,20.2300
2011-07-27,22.9800
2011-07-28,23.7400
2011-07-29,25.2500
2011-08-01,23.6600
2011-08-02,24.7900
2011-08-03,23.3800
2011-08-04,31.6600
2011-08-05,32.0000
2011-08-08,48.0000
2011-08-09,35.0600
2011-08-10,42.9900
2011-08-11,39.0000
2011-08-12,36.3600
2011-08-15,31.8700
2011-08-16,32.8500
2011-08-17,31.5800
2011-08-18,42.6700
2011-08-19,43.0500
2011-08-22,42.4400
2011-08-23,36.2700
2011-08-24,35.9000
2011-08-25,39.7600
2011-08-26,35.5900
2011-08-29,32.2800
2011-08-30,32.8900
2011-08-31,31.6200
2011-09-01,31.8200
2011-09-02,33.9200
2011-09-06,37.0000
2011-09-07,33.3800
2011-09-08,34.3200
2011-09-09,38.5200
2011-09-12,38.5900
2011-09-13,36.9100
2011-09-14,34.6000
2011-09-15,31.9700
2011-09-16,30.9800
2011-09-19,32.7300
2011-09-20,32.8600
2011-09-21,37.3200
2011-09-22,41.3500
2011-09-23,41.2500
2011-09-26,39.0200
2011-09-27,37.7100
2011-09-28,41.0800
2011-09-29,38.8400
2011-09-30,42.9600
2011-10-03,45.4500
2011-10-04,40.8200
2011-10-05,37.8100
2011-10-06,36.2700
2011-10-07,36.2000
2011-10-10,33.0200
2011-10-11,32.8600
2011-10-12,31.2600
2011-10-13,30.7000
2011-10-14,28.2400
2011-10-17,33.3900
2011-10-18,31.5600
2011-10-19,34.4400
2011-10-20,34.7800
2011-10-21,31.3200
2011-10-24,29.2600
2011-10-25,32.2200
2011-10-26,29.8600
2011-10-27,25.4600
2011-10-28,24.5300
2011-10-31,29.9600
2011-11-01,34.7700
2011-11-02,32.7400
2011-11-03,30.5000
2011-11-04,30.1600
2011-11-07,29.8500
2011-11-08,27.4800
2011-11-09,36.1600
2011-11-10,32.8100
2011-11-11,30.0400
2011-11-14,31.1300
2011-11-15,31.2200
2011-11-16,33.5100
2011-11-17,34.5100
2011-11-18,32.0000
2011-11-21,32.9100
2011-11-22,31.9700
2011-11-23,33.9800
2011-11-25,34.4700
2011-11-28,32.1300
2011-11-29,30.6400
2011-11-30,27.8000
2011-12-01,27.4100
2011-12-02,27.5200
2011-12-05,27.8400
2011-12-06,28.1300
2011-12-07,28.6700
2011-12-08,30.5900
2011-12-09,26.3800
2011-12-12,25.6700
2011-12-13,25.4100
2011-12-14,26.0400
2011-12-15,25.1100
2011-12-16,24.2900
2011-12-19,24.9200
2011-12-20,23.2200
2011-12-21,21.4300
2011-12-22,21.1600
2011-12-23,20.7300
2011-12-27,21.9100
2011-12-28,23.5200
2011-12-29,22.6500
2011-12-30,23.4000
2012-01-03,22.9700
2012-01-04,22.2200
2012-01-05,21.4800
2012-01-06,20.6300
2012-01-09,21.0700
2012-01-10,20.6900
2012-01-11,21.0500
2012-01-12,20.4700
2012-01-13,20.9100
2012-01-17,22.2000
2012-01-18,20.8900
2012-01-19,19.8700
2012-01-20,18.2800
2012-01-23,18.6700
2012-01-24,18.9100
2012-01-25,18.3100
2012-01-26,18.5700
2012-01-27,18.5300
2012-01-30,19.4000
2012-01-31,19.4400
2012-02-01,18.5500
2012-02-02,17.9800
2012-02-03,17.1000
2012-02-06,17.7600
2012-02-07,17.6500
2012-02-08,18.1600
2012-02-09,18.6300
2012-02-10,20.7900
2012-02-13,19.0400
2012-02-14,19.5400
2012-02-15,21.1400
2012-02-16,19.2200
2012-02-17,17.7800
2012-02-21,18.1900
2012-02-22,18.1900
2012-02-23,16.8000
2012-02-24,17.3100
2012-02-27,18.1900
2012-02-28,17.9600
2012-02-29,18.4300
2012-03-01,17.2600
2012-03-02,17.2900
2012-03-05,18.0500
2012-03-06,20.8700
2012-03-07,19.0700
2012-03-08,17.9500
2012-03-09,17.1100
2012-03-12,15.6400
2012-03-13,14.8000
2012-03-14,15.3100
2012-03-15,15.4200
2012-03-16,14.4700
2012-03-19,15.0400
2012-03-20,15.5800
2012-03-21,15.1300
2012-03-22,15.5700
2012-03-23,14.8200
2012-03-26,14.2600
2012-03-27,15.5900
2012-03-28,15.4700
2012-03-29,15.4800
2012-03-30,15.5000
2012-04-02,15.6400
2012-04-03,15.6600
2012-04-04,16.4400
2012-04-05,16.7000
2012-04-09,18.8100
2012-04-10,20.3900
2012-04-11,20.0200
2012-04-12,17.2000
2012-04-13,19.5500
2012-04-16,19.5500
2012-04-17,18.4600
2012-04-18,18.6400
2012-04-19,18.3600
2012-04-20,17.4400
2012-04-23,18.9700
2012-04-24,18.1000
2012-04-25,16.8200
2012-04-26,16.2400
2012-04-27,16.3200
2012-04-30,17.1500
2012-05-01,16.6000
2012-05-02,16.8800
2012-05-03,17.5600
2012-05-04,19.1600
2012-05-07,18.9400
2012-05-08,19.0500
2012-05-09,20.0800
2012-05-10,18.8300
2012-05-11,19.8900
2012-05-14,21.8700
2012-05-15,21.9700
2012-05-16,22.2700
2012-05-17,24.4900
2012-05-18,25.1000
2012-05-21,22.0100
2012-05-22,22.4800
2012-05-23,22.3300
2012-05-24,21.5400
2012-05-25,21.7600
2012-05-29,21.0300
2012-05-30,24.1400
2012-05-31,24.0600
2012-06-01,26.6600
2012-06-04,26.1200
2012-06-05,24.6800
2012-06-06,22.1600
2012-06-07,21.7200
2012-06-08,21.2300
2012-06-11,23.5600
2012-06-12,22.0900
2012-06-13,24.2700
2012-06-14,21.6800
2012-06-15,21.1100
2012-06-18,18.3200
2012-06-19,18.3800
2012-06-20,17.2400
2012-06-21,20.0800
2012-06-22,18.1100
2012-06-25,20.3800
2012-06-26,19.7200
2012-06-27,19.4500
2012-06-28,19.7100
2012-06-29,17.0800
2012-07-02,16.8000
2012-07-03,16.6600
2012-07-05,17.5000
2012-07-06,17.1000
2012-07-09,17.9800
2012-07-10,18.7200
2012-07-11,17.9500
2012-07-12,18.3300
2012-07-13,16.7400
2012-07-16,17.1100
2012-07-17,16.4800
2012-07-18,16.1600
2012-07-19,15.4500
2012-07-20,16.2700
2012-07-23,18.6200
2012-07-24,20.4700
2012-07-25,19.3400
2012-07-26,17.5300
2012-07-27,16.7000
2012-07-30,18.0300
2012-07-31,18.9300
2012-08-01,18.9600
2012-08-02,17.5700
2012-08-03,15.6400
2012-08-06,15.9500
2012-08-07,15.9900
2012-08-08,15.3200
2012-08-09,15.2800
2012-08-10,14.7400
2012-08-13,13.7000
2012-08-14,14.8500
2012-08-15,14.6300
2012-08-16,14.2900
2012-08-17,13.4500
2012-08-20,14.0200
2012-08-21,15.0200
2012-08-22,15.1100
2012-08-23,15.9600
2012-08-24,15.1800
2012-08-27,16.3500
2012-08-28,16.4900
2012-08-29,17.0600
2012-08-30,17.8300
2012-08-31,17.4700
2012-09-04,17.9800
2012-09-05,17.7400
2012-09-06,15.6000
2012-09-07,14.3800
2012-09-10,16.2800
2012-09-11,16.4100
2012-09-12,15.8000
2012-09-13,14.0500
2012-09-14,14.5100
2012-09-17,14.5900
2012-09-18,14.1800
2012-09-19,13.8800
2012-09-20,14.0700
2012-09-21,13.9800
2012-09-24,14.1500
2012-09-25,15.4300
2012-09-26,16.8100
2012-09-27,14.8400
2012-09-28,15.7300
2012-10-01,16.3200
2012-10-02,15.7100
2012-10-03,15.4300
2012-10-04,14.5500
2012-10-05,14.3300
2012-10-08,15.1100
2012-10-09,16.3700
2012-10-10,16.2900
2012-10-11,15.5900
2012-10-12,16.1400
2012-10-15,15.2700
2012-10-16,15.2200
2012-10-17,15.0700
2012-10-18,15.0300
2012-10-19,17.0600
2012-10-22,16.6200
2012-10-23,18.8300
2012-10-24,18.3300
2012-10-25,18.1200
2012-10-26,17.8100
2012-10-31,18.6000
2012-11-01,16.6900
2012-11-02,17.5900
2012-11-05,18.4200
2012-11-06,17.5800
2012-11-07,19.0800
2012-11-08,18.4900
2012-11-09,18.6100
2012-11-12,16.6800
2012-11-13,16.6500
2012-11-14,17.9200
2012-11-15,17.9900
2012-11-16,16.4100
2012-11-19,15.2400
2012-11-20,15.0800
2012-11-21,15.3100
2012-11-23,15.1400
2012-11-26,15.5000
2012-11-27,15.9200
2012-11-28,15.5100
2012-11-29,15.0600
2012-11-30,15.8700
2012-12-03,16.6400
2012-12-04,17.1200
2012-12-05,16.4600
2012-12-06,16.5800
2012-12-07,15.9000
2012-12-10,16.0500
2012-12-11,15.5700
2012-12-12,15.9500
2012-12-13,16.5600
2012-12-14,17.0000
2012-12-17,16.3400
2012-12-18,15.5700
2012-12-19,17.3600
2012-12-20,17.6700
2012-12-21,17.8400
2012-12-24,17.8400
2012-12-26,19.4800
2012-12-27,19.4700
2012-12-28,22.7200
2012-12-31,18.0200
2013-01-02,14.6800
2013-01-03,14.5600
2013-01-04,13.8300
2013-01-07,13.7900
2013-01-08,13.6200
2013-01-09,13.8100
2013-01-10,13.4900
2013-01-11,13.3600
2013-01-14,13.5200
2013-01-15,13.5500
2013-01-16,13.4200
2013-01-17,13.5700
2013-01-18,12.4600
2013-01-22,12.4300
2013-01-23,12.4600
2013-01-24,12.6900
2013-01-25,12.8900
2013-01-28,13.5700
2013-01-29,13.3100
2013-01-30,14.3200
2013-01-31,14.2800
2013-02-01,12.9000
2013-02-04,14.6700
2013-02-05,13.7200
2013-02-06,13.4100
2013-02-07,13.5000
2013-02-08,13.0200
2013-02-11,12.9400
2013-02-12,12.6400
2013-02-13,12.9800
2013-02-14,12.6600
2013-02-15,12.4600
2013-02-19,12.3100
2013-02-20,14.6800
2013-02-21,15.2200
2013-02-22,14.1700
2013-02-25,18.9900
2013-02-26,16.8700
2013-02-27,14.7300
2013-02-28,15.5100
2013-03-01,15.3600
2013-03-04,14.0100
2013-03-05,13.4800
2013-03-06,13.5300
2013-03-07,13.0600
2013-03-08,12.5900
2013-03-11,11.5600
2013-03-12,12.2700
2013-03-13,11.8300
2013-03-14,11.3000
2013-03-15,11.3000
2013-03-18,13.3600
2013-03-19,14.3900
2013-03-20,12.6700
2013-03-21,13.9900
2013-03-22,13.5700
2013-03-25,13.7400
2013-03-26,12.7700
2013-03-27,13.1500
2013-03-28,12.7000
2013-04-01,13.5800
2013-04-02,12.7800
2013-04-03,14.2100
2013-04-04,13.8900
2013-04-05,13.9200
2013-04-08,13.1900
2013-04-09,12.8400
2013-04-10,12.3600
2013-04-11,12.2400
2013-04-12,12.0600
2013-04-15,17.2700
2013-04-16,13.9600
2013-04-17,16.5100
2013-04-18,17.5600
2013-04-19,14.9700
2013-04-22,14.3900
2013-04-23,13.4800
2013-04-24,13.6100
2013-04-25,13.6200
2013-04-26,13.6100
2013-04-29,13.7100
2013-04-30,13.5200
2013-05-01,14.4900
2013-05-02,13.5900
2013-05-03,12.8500
2013-05-06,12.6600
2013-05-07,12.8300
2013-05-08,12.6600
2013-05-09,13.1300
2013-05-10,12.5900
2013-05-13,12.5500
2013-05-14,12.7700
2013-05-15,12.8100
2013-05-16,13.0700
2013-05-17,12.4500
2013-05-20,13.0200
2013-05-21,13.3700
2013-05-22,13.8200
2013-05-23,14.0700
2013-05-24,13.9900
2013-05-28,14.4800
2013-05-29,14.8300
2013-05-30,14.5300
2013-05-31,16.3000
2013-06-03,16.2800
2013-06-04,16.2700
2013-06-05,17.5000
2013-06-06,16.6300
2013-06-07,15.1400
2013-06-10,15.4400
2013-06-11,17.0700
2013-06-12,18.5900
2013-06-13,16.4100
2013-06-14,17.1500
2013-06-17,16.8000
2013-06-18,16.6100
2013-06-19,16.6400
2013-06-20,20.4900
2013-06-21,18.9000
2013-06-24,20.1100
2013-06-25,18.4700
2013-06-26,17.2100
2013-06-27,16.8600
2013-06-28,16.8600
2013-07-01,16.3700
2013-07-02,16.4400
2013-07-03,16.2000
2013-07-05,14.8900
2013-07-08,14.7800
2013-07-09,14.3500
2013-07-10,14.2100
2013-07-11,14.0100
2013-07-12,13.8400
2013-07-15,13.7900
2013-07-16,14.4200
2013-07-17,13.7800
2013-07-18,13.7700
2013-07-19,12.5400
2013-07-22,12.2900
2013-07-23,12.6600
2013-07-24,13.1800
2013-07-25,12.9700
2013-07-26,12.7200
2013-07-29,13.3900
2013-07-30,13.3900
2013-07-31,13.4500
2013-08-01,12.9400
2013-08-02,11.9800
2013-08-05,11.8400
2013-08-06,12.7200
2013-08-07,12.9800
2013-08-08,12.7300
2013-08-09,13.4100
2013-08-12,12.8100
2013-08-13,12.3100
2013-08-14,13.0400
2013-08-15,14.7300
2013-08-16,14.3700
2013-08-19,15.1000
2013-08-20,14.9100
2013-08-21,15.9400
2013-08-22,14.7600
2013-08-23,13.9800
2013-08-26,14.9900
2013-08-27,16.7700
2013-08-28,16.4900
2013-08-29,16.8100
2013-08-30,17.0100
2013-09-03,16.6100
2013-09-04,15.8800
2013-09-05,15.7700
2013-09-06,15.8500
2013-09-09,15.6300
2013-09-10,14.5300
2013-09-11,13.8200
2013-09-12,14.2900
2013-09-13,14.1600
2013-09-16,14.3800
2013-09-17,14.5300
2013-09-18,13.5900
2013-09-19,13.1600
2013-09-20,13.1200
2013-09-23,14.3100
2013-09-24,14.0800
2013-09-25,14.0100
2013-09-26,14.0600
2013-09-27,15.4600
2013-09-30,16.6000
2013-10-01,15.5400
2013-10-02,16.6000
2013-10-03,17.6700
2013-10-04,16.7400
2013-10-07,19.4100
2013-10-08,20.3400
2013-10-09,19.6000
2013-10-10,16.4800
2013-10-11,15.7200
2013-10-14,16.0700
2013-10-15,18.6600
2013-10-16,14.7100
2013-10-17,13.4800
2013-10-18,13.0400
2013-10-21,13.1600
2013-10-22,13.3300
2013-10-23,13.4200
2013-10-24,13.2000
2013-10-25,13.0900
2013-10-28,13.3100
2013-10-29,13.4100
2013-10-30,13.6500
2013-10-31,13.7500
2013-11-01,13.2800
2013-11-04,12.9300
2013-11-05,13.2700
2013-11-06,12.6700
2013-11-07,13.9100
2013-11-08,12.9000
2013-11-11,12.5300
2013-11-12,12.8200
2013-11-13,12.5200
2013-11-14,12.3700
2013-11-15,12.1900
2013-11-18,13.1000
2013-11-19,13.3900
2013-11-20,13.4000
2013-11-21,12.6600
2013-11-22,12.2600
2013-11-25,12.7900
2013-11-26,12.8100
2013-11-27,12.9800
2013-11-29,13.7000
2013-12-02,14.2300
2013-12-03,14.5500
2013-12-04,14.7000
2013-12-05,15.0800
2013-12-06,13.7900
2013-12-09,13.4900
2013-12-10,13.9100
2013-12-11,15.4200
2013-12-12,15.5400
2013-12-13,15.7600
2013-12-16,16.0300
2013-12-17,16.2100
2013-12-18,13.8000
2013-12-19,14.1500
2013-12-20,13.7900
2013-12-23,13.0400
2013-12-24,12.4800
2013-12-26,12.3300
2013-12-27,12.4600
2013-12-30,13.5600
2013-12-31,13.7200
2014-01-02,14.2300
2014-01-03,13.7600
2014-01-06,13.5500
2014-01-07,12.9200
2014-01-08,12.8700
2014-01-09,12.8900
2014-01-10,12.1400
2014-01-13,13.2800
2014-01-14,12.2800
2014-01-15,12.2800
2014-01-16,12.5300
2014-01-17,12.4400
2014-01-21,12.8700
2014-01-22,12.8400
2014-01-23,13.7700
2014-01-24,18.1400
2014-01-27,17.4200
2014-01-28,15.8000
2014-01-29,17.3500
2014-01-30,17.2900
2014-01-31,18.4100
2014-02-03,21.4400
2014-02-04,19.1100
2014-02-05,19.9500
2014-02-06,17.2300
2014-02-07,15.2900
2014-02-10,15.2600
2014-02-11,14.5100
2014-02-12,14.3000
2014-02-13,14.1400
2014-02-14,13.5700
2014-02-18,13.8700
2014-02-19,15.5000
2014-02-20,14.7900
2014-02-21,14.6800
2014-02-24,14.2300
2014-02-25,13.6700
2014-02-26,14.3500
2014-02-27,14.0400
2014-02-28,14.0000
2014-03-03,16.0000
2014-03-04,14.1000
2014-03-05,13.8900
2014-03-06,14.2100
2014-03-07,14.1100
2014-03-10,14.2000
2014-03-11,14.8000
2014-03-12,14.4700
2014-03-13,16.2200
2014-03-14,17.8200
2014-03-17,15.6400
2014-03-18,14.5200
2014-03-19,15.1200
2014-03-20,14.5200
2014-03-21,15.0000
2014-03-24,15.0900
2014-03-25,14.0200
2014-03-26,14.9300
2014-03-27,14.6200
2014-03-28,14.4100
2014-03-31,13.8800
2014-04-01,13.1000
2014-04-02,13.0900
2014-04-03,13.3700
2014-04-04,13.9600
2014-04-07,15.5700
2014-04-08,14.8900
2014-04-09,13.8200
2014-04-10,15.8900
2014-04-11,17.0300
2014-04-14,16.1100
2014-04-15,15.6100
2014-04-16,14.1800
2014-04-17,13.3600
2014-04-21,13.2500
2014-04-22,13.1900
2014-04-23,13.2700
2014-04-24,13.3200
2014-04-25,14.0600
2014-04-28,13.9700
2014-04-29,13.7100
2014-04-30,13.4100
2014-05-01,13.2500
2014-05-02,12.9100
2014-05-05,13.2900
2014-05-06,13.8000
2014-05-07,13.4000
2014-05-08,13.4300
2014-05-09,12.9200
2014-05-12,12.2300
2014-05-13,12.1300
2014-05-14,12.1700
2014-05-15,13.1700
2014-05-16,12.4400
2014-05-19,12.4200
2014-05-20,12.9600
2014-05-21,11.9100
2014-05-22,12.0300
2014-05-23,11.3600
2014-05-27,11.5100
2014-05-28,11.6800
2014-05-29,11.5700
2014-05-30,11.4000
2014-06-02,11.5800
2014-06-03,11.8700
2014-06-04,12.0800
2014-06-05,11.6800
2014-06-06,10.7300
2014-06-09,11.1500
2014-06-10,10.9900
2014-06-11,11.6000
2014-06-12,12.5600
2014-06-13,12.1800
2014-06-16,12.6500
2014-06-17,12.0600
2014-06-18,10.6100
2014-06-19,10.6200
2014-06-20,10.8500
2014-06-23,10.9800
2014-06-24,12.1300
2014-06-25,11.5900
2014-06-26,11.6300
2014-06-27,11.2600
2014-06-30,11.5700
2014-07-01,11.1500
2014-07-02,10.8200
2014-07-03,10.3200
2014-07-07,11.3300
2014-07-08,11.9800
2014-07-09,11.6500
2014-07-10,12.5900
2014-07-11,12.0800
2014-07-14,11.8200
2014-07-15,11.9600
2014-07-16,11.0000
2014-07-17,14.5400
2014-07-18,12.0600
2014-07-21,12.8100
2014-07-22,12.2400
2014-07-23,11.5200
2014-07-24,11.8400
2014-07-25,12.6900
2014-07-28,12.5600
2014-07-29,13.2800
2014-07-30,13.3300
2014-07-31,16.9500
2014-08-01,17.0300
2014-08-04,15.1200
2014-08-05,16.8700
2014-08-06,16.3700
2014-08-07,16.6600
2014-08-08,15.7700
2014-08-11,14.2300
2014-08-12,14.1300
2014-08-13,12.9000
2014-08-14,12.4200
2014-08-15,13.1500
2014-08-18,12.3200
2014-08-19,12.2100
2014-08-20,11.7800
2014-08-21,11.7600
2014-08-22,11.4700
2014-08-25,11.7000
2014-08-26,11.6300
2014-08-27,11.7800
2014-08-28,12.0500
2014-08-29,12.0900
2014-09-02,12.2500
2014-09-03,12.3600
2014-09-04,12.6400
2014-09-05,12.0900
2014-09-08,12.6600
2014-09-09,13.5000
2014-09-10,12.8800
2014-09-11,12.8000
2014-09-12,13.3100
2014-09-15,14.1200
2014-09-16,12.7300
2014-09-17,12.6500
2014-09-18,12.0300
2014-09-19,12.1100
2014-09-22,13.6900
2014-09-23,14.9300
2014-09-24,13.2700
2014-09-25,15.6400
2014-09-26,14.8500
2014-09-29,15.9800
2014-09-30,16.3100
2014-10-01,16.7100
2014-10-02,16.1600
2014-10-03,14.5500
2014-10-06,15.4600
2014-10-07,17.2000
2014-10-08,15.1100
2014-10-09,18.7600
2014-10-10,21.2400
2014-10-13,24.6400
2014-10-14,22.7900
2014-10-15,25.2700
2014-10-16,25.2000
2014-10-17,21.9900
2014-10-20,18.5700
2014-10-21,16.0800
2014-10-22,17.8700
2014-10-23,16.5300
2014-10-24,16.1100
2014-10-27,16.0400
2014-10-28,14.3900
2014-10-29,15.1500
2014-10-30,14.5200
2014-10-31,14.0300
2014-11-03,14.7300
2014-11-04,14.8900
2014-11-05,14.1700
2014-11-06,13.6700
2014-11-07,13.1200
2014-11-10,12.6700
2014-11-11,12.9200
2014-11-12,13.0200
2014-11-13,13.7900
2014-11-14,13.3100
2014-11-17,13.9900
2014-11-18,13.8600
2014-11-19,13.9600
2014-11-20,13.5800
2014-11-21,12.9000
2014-11-24,12.6200
2014-11-25,12.2500
2014-11-26,12.0700
2014-11-28,13.3300
2014-12-01,14.1600
2014-12-02,12.8500
2014-12-03,12.5000
2014-12-04,12.3800
2014-12-05,11.8900
2014-12-08,14.2100
2014-12-09,15.3500
2014-12-10,18.5300
2014-12-11,20.0800
2014-12-12,21.0800
2014-12-15,20.4200
2014-12-16,23.5700
2014-12-17,19.4400
2014-12-18,16.8100
2014-12-19,16.4900
2014-12-22,15.2500
2014-12-23,14.8000
2014-12-24,14.3700
2014-12-26,14.5000
2014-12-29,15.0600
2014-12-30,15.9200
2014-12-31,19.2000
2015-01-02,17.7900
2015-01-05,19.9200
2015-01-06,21.1200
2015-01-07,19.3100
2015-01-08,17.0100
2015-01-09,17.5500
2015-01-12,19.6000
2015-01-13,20.5600
2015-01-14,21.4800
2015-01-15,22.3900
2015-01-16,20.9500
2015-01-20,19.8900
2015-01-21,18.8500
2015-01-22,16.4000
2015-01-23,16.6600
2015-01-26,15.5200
2015-01-27,17.2200
2015-01-28,20.4400
2015-01-29,18.7600
2015-01-30,20.9700
2015-02-02,19.4300
2015-02-03,17.3300
2015-02-04,18.3300
2015-02-05,16.8500
2015-02-06,17.2900
2015-02-09,18.5500
2015-02-10,17.2300
2015-02-11,16.9600
2015-02-12,15.3400
2015-02-13,14.6900
2015-02-17,15.8000
2015-02-18,15.4500
2015-02-19,15.2900
2015-02-20,14.3000
2015-02-23,14.5600
2015-02-24,13.6900
2015-02-25,13.8400
2015-02-26,13.9100
2015-02-27,13.3400
2015-03-02,13.0400
2015-03-03,13.8600
2015-03-04,14.2300
2015-03-05,14.0400
2015-03-06,15.2000
2015-03-09,15.0600
2015-03-10,16.6900
2015-03-11,16.8700
2015-03-12,15.4200
2015-03-13,16.0000
2015-03-16,15.6100
2015-03-17,15.6600
2015-03-18,13.9700
2015-03-19,14.0700
2015-03-20,13.0200
2015-03-23,13.4100
2015-03-24,13.6200
2015-03-25,15.4400
2015-03-26,15.8000
2015-03-27,15.0700
2015-03-30,14.5100
2015-03-31,15.2900
2015-04-01,15.1100
2015-04-02,14.6700
2015-04-06,14.7400
2015-04-07,14.7800
2015-04-08,13.9800
2015-04-09,13.0900
2015-04-10,12.5800
2015-04-13,13.9400
2015-04-14,13.6700
2015-04-15,12.8400
2015-04-16,12.6000
2015-04-17,13.8900
2015-04-20,13.3000
2015-04-21,13.2500
2015-04-22,12.7100
2015-04-23,12.4800
2015-04-24,12.2900
2015-04-27,13.1200
2015-04-28,12.4100
2015-04-29,13.3900
2015-04-30,14.5500
2015-05-01,12.7000
2015-05-04,12.8500
2015-05-05,14.3100
2015-05-06,15.1500
2015-05-07,15.1300
2015-05-08,12.8600
2015-05-11,13.8500
2015-05-12,13.8600
2015-05-13,13.7600
2015-05-14,12.7400
2015-05-15,12.3800
2015-05-18,12.7300
2015-05-19,12.8500
2015-05-20,12.8800
2015-05-21,12.1100
2015-05-22,12.1300
2015-05-26,14.0600
2015-05-27,13.2700
2015-05-28,13.3100
2015-05-29,13.8400
2015-06-01,13.9700
2015-06-02,14.2400
2015-06-03,13.6600
2015-06-04,14.7100
2015-06-05,14.2100
2015-06-08,15.2900
2015-06-09,14.4700
2015-06-10,13.2200
2015-06-11,12.8500
2015-06-12,13.7800
2015-06-15,15.3900
2015-06-16,14.8100
2015-06-17,14.5000
2015-06-18,13.1900
2015-06-19,13.9600
2015-06-22,12.7400
2015-06-23,12.1100
2015-06-24,13.2600
2015-06-25,14.0100
2015-06-26,14.0200
2015-06-29,18.8500
2015-06-30,18.2300
2015-07-01,16.0900
2015-07-02,16.7900
2015-07-06,17.0100
2015-07-07,16.0900
2015-07-08,19.6600
2015-07-09,19.9700
2015-07-10,16.8300
2015-07-13,13.9000
2015-07-14,13.3700
2015-07-15,13.2300
2015-07-16,12.1100
2015-07-17,11.9500
2015-07-20,12.2500
2015-07-21,12.2200
2015-07-22,12.1200
2015-07-23,12.6400
2015-07-24,13.7400
2015-07-27,15.6000
2015-07-28,13.4400
2015-07-29,12.5000
2015-07-30,12.1300
2015-07-31,12.1200
2015-08-03,12.5600
2015-08-04,13.0000
2015-08-05,12.5100
2015-08-06,13.7700
2015-08-07,13.3900
2015-08-10,12.2300
2015-08-11,13.7100
2015-08-12,13.6100
2015-08-13,13.4900
2015-08-14,12.8300
2015-08-17,13.0200
2015-08-18,13.7900
2015-08-19,15.2500
2015-08-20,19.1400
2015-08-21,28.0300
2015-08-24,40.7400
2015-08-25,36.0200
2015-08-26,30.3200
2015-08-27,26.1000
2015-08-28,26.0500
2015-08-31,28.4300
2015-09-01,31.4000
2015-09-02,26.0900
2015-09-03,25.6100
2015-09-04,27.8000
2015-09-08,24.9000
2015-09-09,26.2300
2015-09-10,24.3700
2015-09-11,23.2000
2015-09-14,24.2500
2015-09-15,22.5400
2015-09-16,21.3500
2015-09-17,21.1400
2015-09-18,22.2800
2015-09-21,20.1400
2015-09-22,22.4400
2015-09-23,22.1300
2015-09-24,23.4700
2015-09-25,23.6200
2015-09-28,27.6300
2015-09-29,26.8300
2015-09-30,24.5000
2015-10-01,22.5500
2015-10-02,20.9400
2015-10-05,19.5400
2015-10-06,19.4000
2015-10-07,18.4000
2015-10-08,17.4200
2015-10-09,17.0800
2015-10-12,16.1700
2015-10-13,17.6700
2015-10-14,18.0300
2015-10-15,16.0500
2015-10-16,15.0500
2015-10-19,14.9800
2015-10-20,15.7500
2015-10-21,16.7000
2015-10-22,14.4500
2015-10-23,14.4600
2015-10-26,15.2900
2015-10-27,15.4300
2015-10-28,14.3300
2015-10-29,14.6100
2015-10-30,15.0700
2015-11-02,14.1500
2015-11-03,14.5400
2015-11-04,15.5100
2015-11-05,15.0500
2015-11-06,14.3300
2015-11-09,16.5200
2015-11-10,15.2900
2015-11-11,16.0600
2015-11-12,18.3700
2015-11-13,20.0800
2015-11-16,18.1600
2015-11-17,18.8400
2015-11-18,16.8500
2015-11-19,16.9900
2015-11-20,15.4700
2015-11-23,15.6200
2015-11-24,15.9300
2015-11-25,15.1900
2015-11-27,15.1200
2015-11-30,16.1300
2015-12-01,14.6700
2015-12-02,15.9100
2015-12-03,18.1100
2015-12-04,14.8100
2015-12-07,15.8400
2015-12-08,17.6000
2015-12-09,19.6100
2015-12-10,19.3400
2015-12-11,24.3900
2015-12-14,22.7300
2015-12-15,20.9500
2015-12-16,17.8600
2015-12-17,18.9400
2015-12-18,20.7000
2015-12-21,18.7000
2015-12-22,16.6000
2015-12-23,15.5700
2015-12-24,15.7400
2015-12-28,16.9100
2015-12-29,16.0800
2015-12-30,17.2900
2015-12-31,18.2100
2016-01-04,20.7000
2016-01-05,19.3400
2016-01-06,20.5900
2016-01-07,24.9900
2016-01-08,27.0100
2016-01-11,24.3000
2016-01-12,22.4700
2016-01-13,25.2200
2016-01-14,23.9500
2016-01-15,27.0200
2016-01-19,26.0500
2016-01-20,27.5900
2016-01-21,26.6900
2016-01-22,22.3400
2016-01-25,24.1500
2016-01-26,22.5000
2016-01-27,23.1100
2016-01-28,22.4200
2016-01-29,20.2000
2016-02-01,19.9800
2016-02-02,21.9800
2016-02-03,21.6500
2016-02-04,21.8400
2016-02-05,23.3800
2016-02-08,26.0000
2016-02-09,26.5400
2016-02-10,26.2900
2016-02-11,28.1400
2016-02-12,25.4000
2016-02-16,24.1100
2016-02-17,22.3100
2016-02-18,21.6400
2016-02-19,20.5300
2016-02-22,19.3800
2016-02-23,20.9800
2016-02-24,20.7200
2016-02-25,19.1100
2016-02-26,19.8100
2016-02-29,20.5500
2016-03-01,17.7000
2016-03-02,17.0900
2016-03-03,16.7000
2016-03-04,16.8600
2016-03-07,17.3500
2016-03-08,18.6700
2016-03-09,18.3400
2016-03-10,18.0500
2016-03-11,16.5000
2016-03-14,16.9200
2016-03-15,16.8400
2016-03-16,14.9900
2016-03-17,14.4400
2016-03-18,14.0200
2016-03-21,13.7900
2016-03-22,14.1700
2016-03-23,14.9400
2016-03-24,14.7400
2016-03-28,15.2400
2016-03-29,13.8200
2016-03-30,13.5600
2016-03-31,13.9500
2016-04-01,13.1000
2016-04-04,14.1200
2016-04-05,15.4200
2016-04-06,14.0900
2016-04-07,16.1600
2016-04-08,15.3600
2016-04-11,16.2600
2016-04-12,14.8500
2016-04-13,13.8400
2016-04-14,13.7200
2016-04-15,13.6200
2016-04-18,13.3500
2016-04-19,13.2400
2016-04-20,13.2800
2016-04-21,13.9500
2016-04-22,13.2200
2016-04-25,14.0800
2016-04-26,13.9600
2016-04-27,13.7700
2016-04-28,15.2200
2016-04-29,15.7000
2016-05-02,14.6800
2016-05-03,15.6000
2016-05-04,16.0500
2016-05-05,15.9100
2016-05-06,14.7200
2016-05-09,14.5700
2016-05-10,13.6300
2016-05-11,14.6900
2016-05-12,14.4100
2016-05-13,15.0400
2016-05-16,14.6800
2016-05-17,15.5700
2016-05-18,15.9500
2016-05-19,16.3300
2016-05-20,15.2000
2016-05-23,15.8200
2016-05-24,14.4200
2016-05-25,13.9000
2016-05-26,13.4300
2016-05-27,13.1200
2016-05-31,14.1900
2016-06-01,14.2000
2016-06-02,13.6300
2016-06-03,13.4700
2016-06-06,13.6500
2016-06-07,14.0500
2016-06-08,14.0800
2016-06-09,14.6400
2016-06-10,17.0300
2016-06-13,20.9700
2016-06-14,20.5000
2016-06-15,20.1400
2016-06-16,19.3700
2016-06-17,19.4100
2016-06-20,18.3700
2016-06-21,18.4800
2016-06-22,21.1700
2016-06-23,17.2500
2016-06-24,25.7600
2016-06-27,23.8500
2016-06-28,18.7500
2016-06-29,16.6400
2016-06-30,15.6300
2016-07-01,14.7700
2016-07-05,15.5800
2016-07-06,14.9600
2016-07-07,14.7600
2016-07-08,13.2000
2016-07-11,13.5400
2016-07-12,13.5500
2016-07-13,13.0400
2016-07-14,12.8200
2016-07-15,12.6700
2016-07-18,12.4400
2016-07-19,11.9700
2016-07-20,11.7700
2016-07-21,12.7400
2016-07-22,12.0200
2016-07-25,12.8700
2016-07-26,13.0500
2016-07-27,12.8300
2016-07-28,12.7200
2016-07-29,11.8700
2016-08-01,12.4400
2016-08-02,13.3700
2016-08-03,12.8600
2016-08-04,12.4200
2016-08-05,11.3900
2016-08-08,11.5000
2016-08-09,11.6600
2016-08-10,12.0500
2016-08-11,11.6800
2016-08-12,11.5500
2016-08-15,11.8100
2016-08-16,12.6400
2016-08-17,12.1900
2016-08-18,11.4300
2016-08-19,11.3400
2016-08-22,12.2700
2016-08-23,12.3800
2016-08-24,13.4500
2016-08-25,13.6300
2016-08-26,13.6500
2016-08-29,12.9400
2016-08-30,13.1200
2016-08-31,13.4200
2016-09-01,13.4800
2016-09-02,11.9800
2016-09-06,12.0200
2016-09-07,11.9400
2016-09-08,12.5100
2016-09-09,17.5000
2016-09-12,15.1600
2016-09-13,17.8500
2016-09-14,18.1400
2016-09-15,16.3000
2016-09-16,15.3700
2016-09-19,15.5300
2016-09-20,15.9200
2016-09-21,13.3000
2016-09-22,12.0200
2016-09-23,12.2900
2016-09-26,14.5000
2016-09-27,13.1000
2016-09-28,12.3900
2016-09-29,14.0200
2016-09-30,13.2900
2016-10-03,13.5700
2016-10-04,13.6300
2016-10-05,12.9900
2016-10-06,12.8400
2016-10-07,13.4800
2016-10-10,13.3800
2016-10-11,15.3600
2016-10-12,15.9100
2016-10-13,16.6900
2016-10-14,16.1200
2016-10-17,16.2100
2016-10-18,15.2800
2016-10-19,14.4100
2016-10-20,13.7500
2016-10-21,13.3400
2016-10-24,13.0200
2016-10-25,13.4600
2016-10-26,14.2400
2016-10-27,15.3600
2016-10-28,16.1900
2016-10-31,17.0600
2016-11-01,18.5600
2016-11-02,19.3200
2016-11-03,22.0800
2016-11-04,22.5100
2016-11-07,18.7100
2016-11-08,18.7400
2016-11-09,14.3800
2016-11-10,14.7400
2016-11-11,14.1700
2016-11-14,14.4800
2016-11-15,13.3700
2016-11-16,13.7200
2016-11-17,13.3500
2016-11-18,12.8500
2016-11-21,12.4200
2016-11-22,12.4100
2016-11-23,12.4300
2016-11-25,12.3400
2016-11-28,13.1500
2016-11-29,12.9000
2016-11-30,13.3300
2016-12-01,14.0700
2016-12-02,14.1200
2016-12-05,12.1400
2016-12-06,11.7900
2016-12-07,12.2200
2016-12-08,12.6400
2016-12-09,11.7500
2016-12-12,12.6400
2016-12-13,12.7200
2016-12-14,13.1900
2016-12-15,12.7900
2016-12-16,12.2000
2016-12-19,11.7100
2016-12-20,11.4500
2016-12-21,11.2700
2016-12-22,11.4300
2016-12-23,11.4400
2016-12-27,11.9900
2016-12-28,12.9500
2016-12-29,13.3700
2016-12-30,14.0400
2017-01-03,12.8500
2017-01-04,11.8500
2017-01-05,11.6700
2017-01-06,11.3200
2017-01-09,11.5600
2017-01-10,11.4900
2017-01-11,11.2600
2017-01-12,11.5400
2017-01-13,11.2300
2017-01-17,11.8700
2017-01-18,12.4800
2017-01-19,12.7800
2017-01-20,11.5400
2017-01-23,11.7700
2017-01-24,11.0700
2017-01-25,10.8100
2017-01-26,10.6300
2017-01-27,10.5800
2017-01-30,11.8800
2017-01-31,11.9900
2017-02-01,11.8100
2017-02-02,11.9300
2017-02-03,10.9700
2017-02-06,11.3700
2017-02-07,11.2900
2017-02-08,11.4500
2017-02-09,10.8800
2017-02-10,10.8500
2017-02-13,11.0700
2017-02-14,10.7400
2017-02-15,11.9700
2017-02-16,11.7600
2017-02-17,11.4900
2017-02-21,11.5700
2017-02-22,11.7400
2017-02-23,11.7100
2017-02-24,11.4700
2017-02-27,12.0900
2017-02-28,12.9200
2017-03-01,12.5400
2017-03-02,11.8100
2017-03-03,10.9600
2017-03-06,11.2400
2017-03-07,11.4500
2017-03-08,11.8600
2017-03-09,12.3000
2017-03-10,11.6600
2017-03-13,11.3500
2017-03-14,12.3000
2017-03-15,11.6300
2017-03-16,11.2100
2017-03-17,11.2800
2017-03-20,11.3400
2017-03-21,12.4700
2017-03-22,12.8100
2017-03-23,13.1200
2017-03-24,12.9600
2017-03-27,12.5000
2017-03-28,11.5300
2017-03-29,11.4200
2017-03-30,11.5400
2017-03-31,12.3700
2017-04-03,12.3800
2017-04-04,11.7900
2017-04-05,12.8900
2017-04-06,12.3900
2017-04-07,12.8700
2017-04-10,14.0500
2017-04-11,15.0700
2017-04-12,15.7700
2017-04-13,15.9600
2017-04-17,14.6600
2017-04-18,14.4200
2017-04-19,14.9300
2017-04-20,14.1500
2017-04-21,14.6300
2017-04-24,10.8400
2017-04-25,10.7600
2017-04-26,10.8500
2017-04-27,10.3600
2017-04-28,10.8200
2017-05-01,10.1100
2017-05-02,10.5900
2017-05-03,10.6800
2017-05-04,10.4600
2017-05-05,10.5700
2017-05-08,9.7700
2017-05-09,9.9600
2017-05-10,10.2100
2017-05-11,10.6000
2017-05-12,10.4000
2017-05-15,10.4200
2017-05-16,10.6500
2017-05-17,15.5900
2017-05-18,14.6600
2017-05-19,12.0400
2017-05-22,10.9300
2017-05-23,10.7200
2017-05-24,10.0200
2017-05-25,9.9900
2017-05-26,9.8100
2017-05-30,10.3800
2017-05-31,10.4100
2017-06-01,9.8900
2017-06-02,9.7500
2017-06-05,10.0700
2017-06-06,10.4500
2017-06-07,10.3900
2017-06-08,10.1600
2017-06-09,10.7000
2017-06-12,11.4600
2017-06-13,10.4200
2017-06-14,10.6400
2017-06-15,10.9000
2017-06-16,10.3800
2017-06-19,10.3700
2017-06-20,10.8600
2017-06-21,10.7500
2017-06-22,10.4800
2017-06-23,10.0200
2017-06-26,9.9000
2017-06-27,11.0600
2017-06-28,10.0300
2017-06-29,11.4400
2017-06-30,11.1800
2017-07-03,11.2200
2017-07-05,11.0700
2017-07-06,12.5400
2017-07-07,11.1900
2017-07-10,11.1100
2017-07-11,10.8900
2017-07-12,10.3000
2017-07-13,9.9000
2017-07-14,9.5100
2017-07-17,9.8200
2017-07-18,9.8900
2017-07-19,9.7900
2017-07-20,9.5800
2017-07-21,9.3600
2017-07-24,9.4300
2017-07-25,9.4300
2017-07-26,9.6000
2017-07-27,10.1100
2017-07-28,10.2900
2017-07-31,10.2600
2017-08-01,10.0900
2017-08-02,10.2800
2017-08-03,10.4400
2017-08-04,10.0300
2017-08-07,9.9300
2017-08-08,10.9600
2017-08-09,11.1100
2017-08-10,16.0400
2017-08-11,15.5100
2017-08-14,12.3300
2017-08-15,12.0400
2017-08-16,11.7400
2017-08-17,15.5500
2017-08-18,14.2600
2017-08-21,13.1900
2017-08-22,11.3500
2017-08-23,12.2500
2017-08-24,12.2300
2017-08-25,11.2800
2017-08-28,11.3200
2017-08-29,11.7000
2017-08-30,11.2200
2017-08-31,10.5900
2017-09-01,10.1300
2017-09-05,12.2300
2017-09-06,11.6300
2017-09-07,11.5500
2017-09-08,12.1200
2017-09-11,10.7300
2017-09-12,10.5800
2017-09-13,10.5000
2017-09-14,10.4400
2017-09-15,10.1700
2017-09-18,10.1500
2017-09-19,10.1800
2017-09-20,9.7800
2017-09-21,9.6700
2017-09-22,9.5900
2017-09-25,10.2100
2017-09-26,10.1700
2017-09-27,9.8700
2017-09-28,9.5500
2017-09-29,9.5100
2017-10-02,9.4500
2017-10-03,9.5100
2017-10-04,9.6300
2017-10-05,9.1900
2017-10-06,9.6500
2017-10-09,10.3300
2017-10-10,10.0800
2017-10-11,9.8500
2017-10-12,9.9100
2017-10-13,9.6100
2017-10-16,9.9100
2017-10-17,10.3100
2017-10-18,10.0700
2017-10-19,10.0500
2017-10-20,9.9700
2017-10-23,11.0700
2017-10-24,11.1600
2017-10-25,11.2300
2017-10-26,11.3000
2017-10-27,9.8000
2017-10-30,10.5000
2017-10-31,10.1800
2017-11-01,10.2000
2017-11-02,9.9300
2017-11-03,9.1400
2017-11-06,9.4000
2017-11-07,9.8900
2017-11-08,9.7800
2017-11-09,10.5000
2017-11-10,11.2900
2017-11-13,11.5000
2017-11-14,11.5900
2017-11-15,13.1300
2017-11-16,11.7600
2017-11-17,11.4300
2017-11-20,10.6500
2017-11-21,9.7300
2017-11-22,9.8800
2017-11-24,9.6700
2017-11-27,9.8700
2017-11-28,10.0300
2017-11-29,10.7000
2017-11-30,11.2800
2017-12-01,11.4300
2017-12-04,11.6800
2017-12-05,11.3300
2017-12-06,11.0200
2017-12-07,10.1600
2017-12-08,9.5800
2017-12-11,9.3400
2017-12-12,9.9200
2017-12-13,10.1800
2017-12-14,10.4900
2017-12-15,9.4200
2017-12-18,9.5300
2017-12-19,10.0300
2017-12-20,9.7200
2017-12-21,9.6200
2017-12-22,9.9000
2017-12-26,10.2500
2017-12-27,10.4700
2017-12-28,10.1800
2017-12-29,11.0400
2018-01-02,9.7700
2018-01-03,9.1500
2018-01-04,9.2200
2018-01-05,9.2200
2018-01-08,9.5200
2018-01-09,10.0800
2018-01-10,9.8200
2018-01-11,9.8800
2018-01-12,10.1600
2018-01-16,11.6600
2018-01-17,11.9100
2018-01-18,12.2200
2018-01-19,11.2700
2018-01-22,11.0300
2018-01-23,11.1000
2018-01-24,11.4700
2018-01-25,11.5800
2018-01-26,11.0800
2018-01-29,13.8400
2018-01-30,14.7900
2018-01-31,13.5400
2018-02-01,13.4700
2018-02-02,17.3100
2018-02-05,37.3200
2018-02-06,29.9800
2018-02-07,27.7300
2018-02-08,33.4600
2018-02-09,29.0600
2018-02-12,25.6100
2018-02-13,24.9700
2018-02-14,19.2600
2018-02-15,19.1300
2018-02-16,19.4600
2018-02-20,20.6000
2018-02-21,20.0200
2018-02-22,18.7200
2018-02-23,16.4900
2018-02-26,15.8000
2018-02-27,18.5900
2018-02-28,19.8500
2018-03-01,22.4700
2018-03-02,19.5900
2018-03-05,18.7300
2018-03-06,18.3600
2018-03-07,17.7600
2018-03-08,16.5400
2018-03-09,14.6400
2018-03-12,15.7800
2018-03-13,16.3500
2018-03-14,17.2300
2018-03-15,16.5900
2018-03-16,15.8000
2018-03-19,19.0200
2018-03-20,18.2000
2018-03-21,17.8600
2018-03-22,23.3400
2018-03-23,24.8700
2018-03-26,21.0300
2018-03-27,22.5000
2018-03-28,22.8700
2018-03-29,19.9700
2018-04-02,23.6200
2018-04-03,21.1000
2018-04-04,20.0600
2018-04-05,18.9400
2018-04-06,21.4900
2018-04-09,21.7700
2018-04-10,20.4700
2018-04-11,20.2400
2018-04-12,18.4900
2018-04-13,17.4100
2018-04-16,16.5600
2018-04-17,15.2500
2018-04-18,15.6000
2018-04-19,15.9600
2018-04-20,16.8800
2018-04-23,16.3400
2018-04-24,18.0200
2018-04-25,17.8400
2018-04-26,16.2400
2018-04-27,15.4100
2018-04-30,15.9300
2018-05-01,15.4900
2018-05-02,15.9700
2018-05-03,15.9000
2018-05-04,14.7700
2018-05-07,14.7500
2018-05-08,14.7100
2018-05-09,13.4200
2018-05-10,13.2300
2018-05-11,12.6500
2018-05-14,12.9300
2018-05-15,14.6300
2018-05-16,13.4200
2018-05-17,13.4300
2018-05-18,13.4200
2018-05-21,13.0800
2018-05-22,13.2200
2018-05-23,12.5800
2018-05-24,12.5300
2018-05-25,13.2200
2018-05-29,17.0200
2018-05-30,14.9400
2018-05-31,15.4300
2018-06-01,13.4600
2018-06-04,12.7400
2018-06-05,12.4000
2018-06-06,11.6400
2018-06-07,12.1300
2018-06-08,12.1800
2018-06-11,12.3500
2018-06-12,12.3400
2018-06-13,12.9400
2018-06-14,12.1200
2018-06-15,11.9800
2018-06-18,12.3100
2018-06-19,13.3500
2018-06-20,12.7900
2018-06-21,14.6400
2018-06-22,13.7700
2018-06-25,17.3300
2018-06-26,15.9200
2018-06-27,17.9100
2018-06-28,16.8500
2018-06-29,16.0900
2018-07-02,15.6000
2018-07-03,16.1400
2018-07-05,14.9700
2018-07-06,13.3700
2018-07-09,12.6900
2018-07-10,12.6400
2018-07-11,13.6300
2018-07-12,12.5800
2018-07-13,12.1800
2018-07-16,12.8300
2018-07-17,12.0600
2018-07-18,12.1000
2018-07-19,12.8700
2018-07-20,12.8600
2018-07-23,12.6200
2018-07-24,12.4100
2018-07-25,12.2900
2018-07-26,12.1400
2018-07-27,13.0300
2018-07-30,14.2600
2018-07-31,12.8300
2018-08-01,13.1500
2018-08-02,12.1900
2018-08-03,11.6400
2018-08-06,11.2700
2018-08-07,10.9300
2018-08-08,10.8500
2018-08-09,11.2700
2018-08-10,13.1600
2018-08-13,14.7800
2018-08-14,13.3100
2018-08-15,14.6400
2018-08-16,13.4500
2018-08-17,12.6400
2018-08-20,12.4900
2018-08-21,12.8600
2018-08-22,12.2500
2018-08-23,12.4100
2018-08-24,11.9900
2018-08-27,12.1600
2018-08-28,12.5000
2018-08-29,12.2500
2018-08-30,13.5300
2018-08-31,12.8600
2018-09-04,13.1600
2018-09-05,13.9100
2018-09-06,14.6500
2018-09-07,14.8800
2018-09-10,14.1600
2018-09-11,13.2200
2018-09-12,13.1400
2018-09-13,12.3700
2018-09-14,12.0700
2018-09-17,13.6800
2018-09-18,12.7900
2018-09-19,11.7500
2018-09-20,11.8000
2018-09-21,11.6800
2018-09-24,12.2000
2018-09-25,12.4200
2018-09-26,12.8900
2018-09-27,12.4100
2018-09-28,12.1200
2018-10-01,12.0000
2018-10-02,12.0500
2018-10-03,11.6100
2018-10-04,14.2200
2018-10-05,14.8200
2018-10-08,15.6900
2018-10-09,15.9500
2018-10-10,22.9600
2018-10-11,24.9800
2018-10-12,21.3100
2018-10-15,21.3000
2018-10-16,17.6200
2018-10-17,17.4000
2018-10-18,20.0600
2018-10-19,19.8900
2018-10-22,19.6400
2018-10-23,20.7100
2018-10-24,25.2300
2018-10-25,24.2200
2018-10-26,24.1600
2018-10-29,24.7000
2018-10-30,23.3500
2018-10-31,21.2300
2018-11-01,19.3400
2018-11-02,19.5100
2018-11-05,19.9600
2018-11-06,19.9100
2018-11-07,16.3600
2018-11-08,16.7200
2018-11-09,17.3600
2018-11-12,20.4500
2018-11-13,20.0200
2018-11-14,21.2500
2018-11-15,19.9800
2018-11-16,18.1400
2018-11-19,20.1000
2018-11-20,22.4800
2018-11-21,20.8000
2018-11-23,21.5200
2018-11-26,18.9000
2018-11-27,19.0200
2018-11-28,18.4900
2018-11-29,18.7900
2018-11-30,18.0700
2018-12-03,16.4400
2018-12-04,20.7400
2018-12-06,21.1900
2018-12-07,23.2300
2018-12-10,22.6400
2018-12-11,21.7600
2018-12-12,21.4600
2018-12-13,20.6500
2018-12-14,21.6300
2018-12-17,24.5200
2018-12-18,25.5800
2018-12-19,25.5800
2018-12-20,28.3800
2018-12-21,30.1100
2018-12-24,36.0700
2018-12-26,30.4100
2018-12-27,29.9600
2018-12-28,28.3400
2018-12-31,25.4200
2019-01-02,23.2200
2019-01-03,25.4500
2019-01-04,21.3800
2019-01-07,21.4000
2019-01-08,20.4700
2019-01-09,19.9800
2019-01-10,19.5000
2019-01-11,18.1900
2019-01-14,19.0700
2019-01-15,18.6000
2019-01-16,19.0400
2019-01-17,18.0600
2019-01-18,17.8000
2019-01-22,20.8000
2019-01-23,19.5200
2019-01-24,18.8900
2019-01-25,17.4200
2019-01-28,18.8700
2019-01-29,19.1300
2019-01-30,17.6600
2019-01-31,16.5700
2019-02-01,16.1400
2019-02-04,15.7300
2019-02-05,15.5700
2019-02-06,15.3800
2019-02-07,16.3700
2019-02-08,15.7200
2019-02-11,15.9700
2019-02-12,15.4300
2019-02-13,15.6500
2019-02-14,16.2200
2019-02-15,14.9100
2019-02-19,14.8800
2019-02-20,14.0200
2019-02-21,14.4600
2019-02-22,13.5100
2019-02-25,14.8500
2019-02-26,15.1700
2019-02-27,14.7000
2019-02-28,14.7800
2019-03-01,13.5700
2019-03-04,14.6300
2019-03-05,14.7400
2019-03-06,15.7400
2019-03-07,16.5900
2019-03-08,16.0500
2019-03-11,14.3300
2019-03-12,13.7700
2019-03-13,13.4100
2019-03-14,13.5000
2019-03-15,12.8800
2019-03-18,13.1000
2019-03-19,13.5600
2019-03-20,13.9100
2019-03-21,13.6300
2019-03-22,16.4800
2019-03-25,16.3300
2019-03-26,14.6800
2019-03-27,15.1500
2019-03-28,14.4300
2019-03-29,13.7100
2019-04-01,13.4000
2019-04-02,13.3600
2019-04-03,13.7400
2019-04-04,13.5800
2019-04-05,12.8200
2019-04-08,13.1800
2019-04-09,14.2800
2019-04-10,13.3000
2019-04-11,13.0200
2019-04-12,12.0100
2019-04-15,12.3200
2019-04-16,12.1800
2019-04-17,12.6000
2019-04-18,12.0900
2019-04-22,12.4200
2019-04-23,12.2800
2019-04-24,13.1400
2019-04-25,13.2500
2019-04-26,12.7300
2019-04-29,13.1100
2019-04-30,13.1200
2019-05-01,14.8000
2019-05-02,14.4200
2019-05-03,12.8700
2019-05-06,15.4400
2019-05-07,19.3200
2019-05-08,19.4000
2019-05-09,19.1000
2019-05-10,16.0400
2019-05-13,20.5500
2019-05-14,18.0600
2019-05-15,16.4400
2019-05-16,15.2900
2019-05-17,15.9600
2019-05-20,16.3100
2019-05-21,14.9500
2019-05-22,14.7500
2019-05-23,16.9200
2019-05-24,15.8500
2019-05-28,17.5000
2019-05-29,17.9000
2019-05-30,17.3000
2019-05-31,18.7100
2019-06-03,18.8600
2019-06-04,16.9700
2019-06-05,16.0900
2019-06-06,15.9300
2019-06-07,16.3000
2019-06-10,15.9400
2019-06-11,15.9900
2019-06-12,15.9100
2019-06-13,15.8200
2019-06-14,15.2800
2019-06-17,15.3500
2019-06-18,15.1500
2019-06-19,14.3300
2019-06-20,14.7500
2019-06-21,15.4000
2019-06-24,15.2600
2019-06-25,16.2800
2019-06-26,16.2100
2019-06-27,15.8200
2019-06-28,15.0800
2019-07-01,14.0600
2019-07-02,12.9300
2019-07-03,12.5700
2019-07-05,13.2800
2019-07-08,13.9600
2019-07-09,14.0900
2019-07-10,13.0300
2019-07-11,12.9300
2019-07-12,12.3900
2019-07-15,12.6800
2019-07-16,12.8600
2019-07-17,13.9700
2019-07-18,13.5300
2019-07-19,14.4500
2019-07-22,13.5300
2019-07-23,12.6100
2019-07-24,12.0700
2019-07-25,12.7400
2019-07-26,12.1600
2019-07-29,12.8300
2019-07-30,13.9400
2019-07-31,16.1200
2019-08-01,17.8700
2019-08-02,17.6100
2019-08-05,24.5900
2019-08-06,20.1700
2019-08-07,19.4900
2019-08-08,16.9100
2019-08-09,17.9700
2019-08-12,21.0900
2019-08-13,17.5200
2019-08-14,22.1000
2019-08-15,21.1800
2019-08-16,18.4700
2019-08-19,16.8800
2019-08-20,17.5000
2019-08-21,15.8000
2019-08-22,16.6800
2019-08-23,19.8700
2019-08-26,19.3200
2019-08-27,20.3100
2019-08-28,19.3500
2019-08-29,17.8800
2019-08-30,18.9800
2019-09-03,19.6600
2019-09-04,17.3300
2019-09-05,16.2700
2019-09-06,15.0000
2019-09-09,15.2700
2019-09-10,15.2000
2019-09-11,14.6100
2019-09-12,14.2200
2019-09-13,13.7400
2019-09-16,14.6700
2019-09-17,14.4400
2019-09-18,13.9500
2019-09-19,14.0500
2019-09-20,15.3200
2019-09-23,14.9100
2019-09-24,17.0500
2019-09-25,15.9600
2019-09-26,16.0700
2019-09-27,17.2200
2019-09-30,16.2400
2019-10-01,18.5600
2019-10-02,20.5600
2019-10-03,19.1200
2019-10-04,17.0400
2019-10-07,17.8600
2019-10-08,20.2800
2019-10-09,18.6400
2019-10-10,17.5700
2019-10-11,15.5800
2019-10-14,14.5700
2019-10-15,13.5400
2019-10-16,13.6800
2019-10-17,13.7900
2019-10-18,14.2500
2019-10-21,14.0000
2019-10-22,14.4600
2019-10-23,14.0100
2019-10-24,13.7100
2019-10-25,12.6500
2019-10-28,13.1100
2019-10-29,13.2000
2019-10-30,12.3300
2019-10-31,13.2200
2019-11-01,12.3000
2019-11-04,12.8300
2019-11-05,13.1000
2019-11-06,12.6200
2019-11-07,12.7300
2019-11-08,12.0700
2019-11-11,12.6900
2019-11-12,12.6800
2019-11-13,13.0000
2019-11-14,13.0500
2019-11-15,12.0500
2019-11-18,12.4600
2019-11-19,12.8600
2019-11-20,12.7800
2019-11-21,13.1300
2019-11-22,12.3400
2019-11-25,11.8700
2019-11-26,11.5400
2019-11-27,11.7500
2019-11-29,12.6200
2019-12-02,14.9100
2019-12-03,15.9600
2019-12-04,14.8000
2019-12-05,14.5200
2019-12-06,13.6200
2019-12-09,15.8600
2019-12-10,15.6800
2019-12-11,14.9900
2019-12-12,13.9400
2019-12-13,12.6300
2019-12-16,12.1400
2019-12-17,12.2900
2019-12-18,12.5800
2019-12-19,12.5000
2019-12-20,12.5100
2019-12-23,12.6100
2019-12-24,12.6700
2019-12-26,12.6500
2019-12-27,13.4300
2019-12-30,14.8200
2019-12-31,13.7800
2020-01-02,12.4700
2020-01-03,14.0200
2020-01-06,13.8500
2020-01-07,13.7900
2020-01-08,13.4500
2020-01-09,12.5400
2020-01-10,12.5600
2020-01-13,12.3200
2020-01-14,12.3900
2020-01-15,12.4200
2020-01-16,12.3200
2020-01-17,12.1000
2020-01-21,12.8500
2020-01-22,12.9100
2020-01-23,12.9800
2020-01-24,14.5600
2020-01-27,18.2300
2020-01-28,16.2800
2020-01-29,16.3900
2020-01-30,15.4900
2020-01-31,18.8400
2020-02-03,17.9700
2020-02-04,16.0500
2020-02-05,15.1500
2020-02-06,14.9600
2020-02-07,15.4700
2020-02-10,15.0400
2020-02-11,15.1800
2020-02-12,13.7400
2020-02-13,14.1500
2020-02-14,13.6800
2020-02-18,14.8300
2020-02-19,14.3800
2020-02-20,15.5600
2020-02-21,17.0800
2020-02-24,25.0300
2020-02-25,27.8500
2020-02-26,27.5600
2020-02-27,39.1600
2020-02-28,40.1100
2020-03-02,33.4200
2020-03-03,36.8200
2020-03-04,31.9900
2020-03-05,39.6200
2020-03-06,41.9400
2020-03-09,54.4600
2020-03-10,47.3000
2020-03-11,53.9000
2020-03-12,75.4700
2020-03-13,57.8300
2020-03-16,82.6900
2020-03-17,75.9100
2020-03-18,76.4500
2020-03-19,72.0000
2020-03-20,66.0400
2020-03-23,61.5900
2020-03-24,61.6700
2020-03-25,63.9500
2020-03-26,61.0000
2020-03-27,65.5400
2020-03-30,57.0800
2020-03-31,53.5400
2020-04-01,57.0600
2020-04-02,50.9100
2020-04-03,46.8000
2020-04-06,45.2400
2020-04-07,46.7000
2020-04-08,43.3500
2020-04-09,41.6700
2020-04-13,41.1700
2020-04-14,37.7600
2020-04-15,40.8400
2020-04-16,40.1100
2020-04-17,38.1500
2020-04-20,43.8300
2020-04-21,45.4100
2020-04-22,41.9800
2020-04-23,41.3800
2020-04-24,35.9300
2020-04-27,33.2900
2020-04-28,33.5700
2020-04-29,31.2300
2020-04-30,34.1500
2020-05-01,37.1900
2020-05-04,35.9700
2020-05-05,33.6100
2020-05-06,34.1200
2020-05-07,31.4400
2020-05-08,27.9800
2020-05-11,27.5700
2020-05-12,33.0400
2020-05-13,35.2800
2020-05-14,32.6100
2020-05-15,31.8900
2020-05-18,29.3000
2020-05-19,30.5300
2020-05-20,27.9900
2020-05-21,29.5300
2020-05-22,28.1600
2020-05-26,28.0100
2020-05-27,27.6200
2020-05-28,28.5900
2020-05-29,27.5100
2020-06-01,28.2300
2020-06-02,26.8400
2020-06-03,25.6600
2020-06-04,25.8100
2020-06-05,24.5200
2020-06-08,25.8100
2020-06-09,27.5700
2020-06-10,27.5700
2020-06-11,40.7900
2020-06-12,36.0900
2020-06-15,34.4000
2020-06-16,33.6700
2020-06-17,33.4700
2020-06-18,32.9400
2020-06-19,35.1200
2020-06-22,31.7700
2020-06-23,31.3700
2020-06-24,33.8400
2020-06-25,32.2200
2020-06-26,34.7300
2020-06-29,31.7800
2020-06-30,30.4300
2020-07-01,28.6200
2020-07-02,27.6800
2020-07-06,27.9400
2020-07-07,29.4300
2020-07-08,28.0800
2020-07-09,29.2600
2020-07-10,27.2900
2020-07-13,32.1900
2020-07-14,29.5200
2020-07-15,27.7600
2020-07-16,28.0000
2020-07-17,25.6800
2020-07-20,24.4600
2020-07-21,24.8400
2020-07-22,24.3200
2020-07-23,26.0800
2020-07-24,25.8400
2020-07-27,24.7400
2020-07-28,25.4400
2020-07-29,24.1000
2020-07-30,24.7600
2020-07-31,24.4600
2020-08-03,24.2800
2020-08-04,23.7600
2020-08-05,22.9900
2020-08-06,22.6500
2020-08-07,22.2100
2020-08-10,22.1300
2020-08-11,24.0300
2020-08-12,22.2800
2020-08-13,22.1300
2020-08-14,22.0500
2020-08-17,21.3500
2020-08-18,21.5100
2020-08-19,22.5400
2020-08-20,22.7200
2020-08-21,22.5400
2020-08-24,22.3700
2020-08-25,22.0300
2020-08-26,23.2700
2020-08-27,24.4700
2020-08-28,22.9600
2020-08-31,26.4100
2020-09-01,26.1200
2020-09-02,26.5700
2020-09-03,33.6000
2020-09-04,30.7500
2020-09-08,31.4600
2020-09-09,28.8100
2020-09-10,29.7100
2020-09-11,26.8700
2020-09-14,25.8500
2020-09-15,25.5900
2020-09-16,26.0400
2020-09-17,26.4600
2020-09-18,25.8300
2020-09-21,27.7800
2020-09-22,26.8600
2020-09-23,28.5800
2020-09-24,28.5100
2020-09-25,26.3800
2020-09-28,26.1900
2020-09-29,26.2700
2020-09-30,26.3700
2020-10-01,26.7000
2020-10-02,27.6300
2020-10-05,27.9600
2020-10-06,29.4800
2020-10-07,28.0600
2020-10-08,26.3600
2020-10-09,25.0000
2020-10-12,25.0700
2020-10-13,26.0700
2020-10-14,26.4000
2020-10-15,26.9700
2020-10-16,27.4100
2020-10-19,29.1800
2020-10-20,29.3500
2020-10-21,28.6500
2020-10-22,28.1100
2020-10-23,27.5500
2020-10-26,32.4600
2020-10-27,33.3500
2020-10-28,40.2800
2020-10-29,37.5900
2020-10-30,38.0200
2020-11-02,37.1300
2020-11-03,35.5500
2020-11-04,29.5700
2020-11-05,27.5800
2020-11-06,24.8600
2020-11-09,25.7500
2020-11-10,24.8000
2020-11-11,23.4500
2020-11-12,25.3500
2020-11-13,23.1000
2020-11-16,22.4500
2020-11-17,22.7100
2020-11-18,23.8400
2020-11-19,23.1100
2020-11-20,23.7000
2020-11-23,22.6600
2020-11-24,21.6400
2020-11-25,21.2500
2020-11-27,20.8400
2020-11-30,20.5700
2020-12-01,20.7700
2020-12-02,21.1700
2020-12-03,21.2800
2020-12-04,20.7900
2020-12-07,21.3000
2020-12-08,20.6800
2020-12-09,22.2700
2020-12-10,22.5200
2020-12-11,23.3100
2020-12-14,24.7200
2020-12-15,22.8900
2020-12-16,22.5000
2020-12-17,21.9300
2020-12-18,21.5700
2020-12-21,25.1600
2020-12-22,24.2300
2020-12-23,23.3100
2020-12-24,21.5300
2020-12-28,21.7000
2020-12-29,23.0800
2020-12-30,22.7700
2020-12-31,22.7500
2021-01-04,26.9700
2021-01-05,25.3400
2021-01-06,25.0700
2021-01-07,22.3700
2021-01-08,21.5600
2021-01-11,24.0800
2021-01-12,23.3300
2021-01-13,22.2100
2021-01-14,23.2500
2021-01-15,24.3400
2021-01-19,23.2400
2021-01-20,21.5800
2021-01-21,21.3200
2021-01-22,21.9100
2021-01-25,23.1900
2021-01-26,23.0200
2021-01-27,37.2100
2021-01-28,30.2100
2021-01-29,33.0900
2021-02-01,30.2400
2021-02-02,25.5600
2021-02-03,22.9100
2021-02-04,21.7700
2021-02-05,20.8700
2021-02-08,21.2400
2021-02-09,21.6300
2021-02-10,21.9900
2021-02-11,21.2500
2021-02-12,19.9700
2021-02-16,21.4600
2021-02-17,21.5000
2021-02-18,22.4900
2021-02-19,22.0500
2021-02-22,23.4500
2021-02-23,23.1100
2021-02-24,21.3400
2021-02-25,28.8900
2021-02-26,27.9500
2021-03-01,23.3500
2021-03-02,24.1000
2021-03-03,26.6700
2021-03-04,28.5700
2021-03-05,24.6600
2021-03-08,25.4700
2021-03-09,24.0300
2021-03-10,22.5600
2021-03-11,21.9100
2021-03-12,20.6900
2021-03-15,20.0300
2021-03-16,19.7900
2021-03-17,19.2300
2021-03-18,21.5800
2021-03-19,20.9500
2021-03-22,18.8800
2021-03-23,20.3000
2021-03-24,21.2000
2021-03-25,19.8100
2021-03-26,18.8600
2021-03-29,20.7400
2021-03-30,19.6100
2021-03-31,19.4000
2021-04-01,17.3300
2021-04-05,17.9100
2021-04-06,18.1200
2021-04-07,17.1600
2021-04-08,16.9500
2021-04-09,16.6900
2021-04-12,16.9100
2021-04-13,16.6500
2021-04-14,16.9900
2021-04-15,16.5700
2021-04-16,16.2500
2021-04-19,17.2900
2021-04-20,18.6800
2021-04-21,17.5000
2021-04-22,18.7100
2021-04-23,17.3300
2021-04-26,17.6400
2021-04-27,17.5600
2021-04-28,17.2800
2021-04-29,17.6100
2021-04-30,18.6100
2021-05-03,18.3100
2021-05-04,19.4800
2021-05-05,19.1500
2021-05-06,18.3900
2021-05-07,16.6900
2021-05-10,19.6600
2021-05-11,21.8400
2021-05-12,27.5900
2021-05-13,23.1300
2021-05-14,18.8100
2021-05-17,19.7200
2021-05-18,21.3400
2021-05-19,22.1800
2021-05-20,20.6700
2021-05-21,20.1500
2021-05-24,18.4000
2021-05-25,18.8400
2021-05-26,17.3600
2021-05-27,16.7400
2021-05-28,16.7600
2021-06-01,17.9000
2021-06-02,17.4800
2021-06-03,18.0400
2021-06-04,16.4200
2021-06-07,16.4200
2021-06-08,17.0700
2021-06-09,17.8900
2021-06-10,16.1000
2021-06-11,15.6500
2021-06-14,16.3900
2021-06-15,17.0200
2021-06-16,18.1500
2021-06-17,17.7500
2021-06-18,20.7000
2021-06-21,17.8900
2021-06-22,16.6600
2021-06-23,16.3200
2021-06-24,15.9700
2021-06-25,15.6200
2021-06-28,15.7600
2021-06-29,16.0200
2021-06-30,15.8300
2021-07-01,15.4800
2021-07-02,15.0700
2021-07-06,16.4400
2021-07-07,16.2000
2021-07-08,19.0000
2021-07-09,16.1800
2021-07-12,16.1700
2021-07-13,17.1200
2021-07-14,16.3300
2021-07-15,17.0100
2021-07-16,18.4500
2021-07-19,22.5000
2021-07-20,19.7300
2021-07-21,17.9100
2021-07-22,17.6900
2021-07-23,17.2000
2021-07-26,17.5800
2021-07-27,19.3600
2021-07-28,18.3100
2021-07-29,17.7000
2021-07-30,18.2400
2021-08-02,19.4600
2021-08-03,18.0400
2021-08-04,17.9700
2021-08-05,17.2800
2021-08-06,16.1500
2021-08-09,16.7200
2021-08-10,16.7900
2021-08-11,16.1700
2021-08-12,15.5900
2021-08-13,15.4500
2021-08-16,16.1200
2021-08-17,17.9100
2021-08-18,21.5700
2021-08-19,21.6700
2021-08-20,18.5600
2021-08-23,17.1500
2021-08-24,17.2200
2021-08-25,16.7900
2021-08-26,18.8400
2021-08-27,16.3900
2021-08-30,16.1900
2021-08-31,16.4800
2021-09-01,16.1100
2021-09-02,16.4100
2021-09-03,16.4100
2021-09-07,18.1400
2021-09-08,17.9600
2021-09-09,18.8000
2021-09-10,20.9500
2021-09-13,19.3700
2021-09-14,19.4600
2021-09-15,18.1800
2021-09-16,18.6900
2021-09-17,20.8100
2021-09-20,25.7100
2021-09-21,24.3600
2021-09-22,20.8700
2021-09-23,18.6300
2021-09-24,17.7500
2021-09-27,18.7600
2021-09-28,23.2500
2021-09-29,22.5600
2021-09-30,23.1400
2021-10-01,21.1000
2021-10-04,22.9600
2021-10-05,21.3000
2021-10-06,21.0000
2021-10-07,19.5400
2021-10-08,18.7700
2021-10-11,20.0000
2021-10-12,19.8500
2021-10-13,18.6400
2021-10-14,16.8600
2021-10-15,16.3000
2021-10-18,16.3100
2021-10-19,15.7000
2021-10-20,15.4900
2021-10-21,15.0100
2021-10-22,15.4300
2021-10-25,15.2400
2021-10-26,15.9800
2021-10-27,16.9800
2021-10-28,16.5300
2021-10-29,16.2600
2021-11-01,16.4100
2021-11-02,16.0300
2021-11-03,15.1000
2021-11-04,15.4400
2021-11-05,16.4800
2021-11-08,17.2200
2021-11-09,17.7800
2021-11-10,18.7300
2021-11-11,17.6600
2021-11-12,16.2900
2021-11-15,16.4900
2021-11-16,16.3700
2021-11-17,17.1100
2021-11-18,17.5900
2021-11-19,17.9100
2021-11-22,19.1700
2021-11-23,19.3800
2021-11-24,18.5800
2021-11-26,28.6200
2021-11-29,22.9600
2021-11-30,27.1900
2021-12-01,31.1200
2021-12-02,27.9500
2021-12-03,30.6700
2021-12-06,27.1800
2021-12-07,21.8900
2021-12-08,19.9000
2021-12-09,21.5800
2021-12-10,18.6900
2021-12-13,20.3100
2021-12-14,21.8900
2021-12-15,19.2900
2021-12-16,20.5700
2021-12-17,21.5700
2021-12-20,22.8700
2021-12-21,21.0100
2021-12-22,18.6300
2021-12-23,17.9600
2021-12-27,17.6800
2021-12-28,17.5400
2021-12-29,16.9500
2021-12-30,17.3300
2021-12-31,17.2200
2022-01-03,16.6000
2022-01-04,16.9100
2022-01-05,19.7300
2022-01-06,19.6100
2022-01-07,18.7600
2022-01-10,19.4000
2022-01-11,18.4100
2022-01-12,17.6200
2022-01-13,20.3100
2022-01-14,19.1900
2022-01-18,22.7900
2022-01-19,23.8500
2022-01-20,25.5900
2022-01-21,28.8500
2022-01-24,29.9000
2022-01-25,31.1600
2022-01-26,31.9600
2022-01-27,30.4900
2022-01-28,27.6600
2022-01-31,24.8300
2022-02-01,21.9600
2022-02-02,22.0900
2022-02-03,24.3500
2022-02-04,23.2200
2022-02-07,22.8600
2022-02-08,21.4400
2022-02-09,19.9600
2022-02-10,23.9100
2022-02-11,27.3600
2022-02-14,28.3300
2022-02-15,25.7000
2022-02-16,24.2900
2022-02-17,28.1100
2022-02-18,27.7500
2022-02-22,28.8100
2022-02-23,31.0200
2022-02-24,30.3200
2022-02-25,27.5900
2022-02-28,30.1500
2022-03-01,33.3200
2022-03-02,30.7400
2022-03-03,30.4800
2022-03-04,31.9800
2022-03-07,36.4500
2022-03-08,35.1300
2022-03-09,32.4500
2022-03-10,30.2300
2022-03-11,30.7500
2022-03-14,31.7700
2022-03-15,29.8300
2022-03-16,26.6700
2022-03-17,25.6700
2022-03-18,23.8700
2022-03-21,23.5300
2022-03-22,22.9400
2022-03-23,23.5700
2022-03-24,21.6700
2022-03-25,20.8100
2022-03-28,19.6300
2022-03-29,18.9000
2022-03-30,19.3300
2022-03-31,20.5600
2022-04-01,19.6300
2022-04-04,18.5700
2022-04-05,21.0300
2022-04-06,22.1000
2022-04-07,21.5500
2022-04-08,21.1600
2022-04-11,24.3700
2022-04-12,24.2600
2022-04-13,21.8200
2022-04-14,22.7000
2022-04-18,22.1700
2022-04-19,21.3700
2022-04-20,20.3200
2022-04-21,22.6800
2022-04-22,28.2100
2022-04-25,27.0200
2022-04-26,33.5200
2022-04-27,31.6000
2022-04-28,29.9900
2022-04-29,33.4000
2022-05-02,32.3400
2022-05-03,29.2500
2022-05-04,25.4200
2022-05-05,31.2000
2022-05-06,30.1900
2022-05-09,34.7500
2022-05-10,32.9900
2022-05-11,32.5600
2022-05-12,31.7700
2022-05-13,28.8700
2022-05-16,27.4700
2022-05-17,26.1000
2022-05-18,30.9600
2022-05-19,29.3500
2022-05-20,29.4300
2022-05-23,28.4800
2022-05-24,29.4500
2022-05-25,28.3700
2022-05-26,27.5000
2022-05-27,25.7200
2022-05-31,26.1900
2022-06-01,25.6900
2022-06-02,24.7200
2022-06-03,24.7900
2022-06-06,25.0700
2022-06-07,24.0200
2022-06-08,23.9600
2022-06-09,26.0900
2022-06-10,27.7500
2022-06-13,34.0200
2022-06-14,32.6900
2022-06-15,29.6200
2022-06-16,32.9500
2022-06-17,31.1300
2022-06-21,30.1900
2022-06-22,28.9500
2022-06-23,29.0500
2022-06-24,27.2300
2022-06-27,26.9500
2022-06-28,28.3600
2022-06-29,28.1600
2022-06-30,28.7100
2022-07-01,26.7000
2022-07-05,27.5400
2022-07-06,26.7300
2022-07-07,26.0800
2022-07-08,24.6400
2022-07-11,26.1700
2022-07-12,27.2900
2022-07-13,26.8200
2022-07-14,26.4000
2022-07-15,24.2300
2022-07-18,25.3000
2022-07-19,24.5000
2022-07-20,23.8800
2022-07-21,23.1100
2022-07-22,23.0300
2022-07-25,23.3600
2022-07-26,24.6900
2022-07-27,23.2400
2022-07-28,22.3300
2022-07-29,21.3300
2022-08-01,22.8400
2022-08-02,23.9300
2022-08-03,21.9500
2022-08-04,21.4400
2022-08-05,21.1500
2022-08-08,21.2900
2022-08-09,21.7700
2022-08-10,19.7400
2022-08-11,20.2000
2022-08-12,19.5300
2022-08-15,19.9500
2022-08-16,19.6900
2022-08-17,19.9000
2022-08-18,19.5600
2022-08-19,20.6000
2022-08-22,23.8000
2022-08-23,24.1100
2022-08-24,22.8200
2022-08-25,21.7800
2022-08-26,25.5600
2022-08-29,26.2100
2022-08-30,26.2100
2022-08-31,25.8700
2022-09-01,25.5600
2022-09-02,25.4700
2022-09-06,26.9100
2022-09-07,24.6400
2022-09-08,23.6100
2022-09-09,22.7900
2022-09-12,23.8700
2022-09-13,27.2700
2022-09-14,26.1600
2022-09-15,26.2700
2022-09-16,26.3000
2022-09-19,25.7600
2022-09-20,27.1600
2022-09-21,27.9900
2022-09-22,27.3500
2022-09-23,29.9200
2022-09-26,32.2600
2022-09-27,32.6000
2022-09-28,30.1800
2022-09-29,31.8400
2022-09-30,31.6200
2022-10-03,30.1000
2022-10-04,29.0700
2022-10-05,28.5500
2022-10-06,30.5200
2022-10-07,31.3600
2022-10-10,32.4500
2022-10-11,33.6300
2022-10-12,33.5700
2022-10-13,31.9400
2022-10-14,32.0200
2022-10-17,31.3700
2022-10-18,30.5000
2022-10-19,30.7600
2022-10-20,29.9800
2022-10-21,29.6900
2022-10-24,29.8500
2022-10-25,28.4600
2022-10-26,27.2800
2022-10-27,27.3900
2022-10-28,25.7500
2022-10-31,25.8800
2022-11-01,25.8100
2022-11-02,25.8600
2022-11-03,25.3000
2022-11-04,24.5500
2022-11-07,24.3500
2022-11-08,25.5400
2022-11-09,26.0900
2022-11-10,23.5300
2022-11-11,22.5200
2022-11-14,23.7300
2022-11-15,24.5400
2022-11-16,24.1100
2022-11-17,23.9300
2022-11-18,23.1200
2022-11-21,22.3600
2022-11-22,21.2900
2022-11-23,20.3500
2022-11-25,20.5000
2022-11-28,22.2100
2022-11-29,21.8900
2022-11-30,20.5800
2022-12-01,19.8400
2022-12-02,19.0600
2022-12-05,20.7500
2022-12-06,22.1700
2022-12-07,22.6800
2022-12-08,22.2900
2022-12-09,22.8300
2022-12-12,25.0000
2022-12-13,22.5500
2022-12-14,21.1400
2022-12-15,22.8300
2022-12-16,22.6200
2022-12-19,22.4200
2022-12-20,21.4800
2022-12-21,20.0700
2022-12-22,21.9700
2022-12-23,20.8700
2022-12-27,21.6500
2022-12-28,22.1400
2022-12-29,21.4400
2022-12-30,21.6700
2023-01-03,22.9000
2023-01-04,22.0100
2023-01-05,22.4600
2023-01-06,21.1300
2023-01-09,21.9700
2023-01-10,20.5800
2023-01-11,21.0900
2023-01-12,18.8300
2023-01-13,18.3500
2023-01-17,19.3600
2023-01-18,20.3400
2023-01-19,20.5200
2023-01-20,19.8500
2023-01-23,19.8100
2023-01-24,19.2000
2023-01-25,19.0800
2023-01-26,18.7300
2023-01-27,18.5100
2023-01-30,19.9400
2023-01-31,19.4000
2023-02-01,17.8700
2023-02-02,18.7300
2023-02-03,18.3300
2023-02-06,19.4300
2023-02-07,18.6600
2023-02-08,19.6300
2023-02-09,20.7100
2023-02-10,20.5300
2023-02-13,20.3400
2023-02-14,18.9100
2023-02-15,18.2300
2023-02-16,20.1700
2023-02-17,20.0200
2023-02-21,22.8700
2023-02-22,22.2900
2023-02-23,21.1400
2023-02-24,21.6700
2023-02-27,20.9500
2023-02-28,20.7000
2023-03-01,20.5800
2023-03-02,19.5900
2023-03-03,18.4900
2023-03-06,18.6100
2023-03-07,19.5900
2023-03-08,19.1100
2023-03-09,22.6100
2023-03-10,24.8000
2023-03-13,26.5200
2023-03-14,23.7300
2023-03-15,26.1400
2023-03-16,22.9900
2023-03-17,25.5100
2023-03-20,24.1500
2023-03-21,21.3800
2023-03-22,22.2600
2023-03-23,22.6100
2023-03-24,21.7400
2023-03-27,20.6000
2023-03-28,19.9700
2023-03-29,19.1200
2023-03-30,19.0200
2023-03-31,18.7000
2023-04-03,18.5500
2023-04-04,19.0000
2023-04-05,19.0800
2023-04-06,18.4000
2023-04-10,18.9700
2023-04-11,19.1000
2023-04-12,19.0900
2023-04-13,17.8000
2023-04-14,17.0700
2023-04-17,16.9500
2023-04-18,16.8300
2023-04-19,16.4600
2023-04-20,17.1700
2023-04-21,16.7700
2023-04-24,16.8900
2023-04-25,18.7600
2023-04-26,18.8400
2023-04-27,17.0300
2023-04-28,15.7800
2023-05-01,16.0800
2023-05-02,17.7800
2023-05-03,18.3400
2023-05-04,20.0900
2023-05-05,17.1900
2023-05-08,16.9800
2023-05-09,17.7100
2023-05-10,16.9400
2023-05-11,16.9300
2023-05-12,17.0300
2023-05-15,17.1200
2023-05-16,17.9900
2023-05-17,16.8700
2023-05-18,16.0500
2023-05-19,16.8100
2023-05-22,17.2100
2023-05-23,18.5300
2023-05-24,20.0300
2023-05-25,19.1400
2023-05-26,17.9500
2023-05-30,17.4600
2023-05-31,17.9400
2023-06-01,15.6500
2023-06-02,14.6000
2023-06-05,14.7300
2023-06-06,13.9600
2023-06-07,13.9400
2023-06-08,13.6500
2023-06-09,13.8300
2023-06-12,15.0100
2023-06-13,14.6100
2023-06-14,13.8800
2023-06-15,14.5000
2023-06-16,13.5400
2023-06-20,13.8800
2023-06-21,13.2000
2023-06-22,12.9100
2023-06-23,13.4400
2023-06-26,14.2500
2023-06-27,13.7400
2023-06-28,13.4300
2023-06-29,13.5400
2023-06-30,13.5900
2023-07-03,13.5700
2023-07-05,14.1800
2023-07-06,15.4400
2023-07-07,14.8300
2023-07-10,15.0700
2023-07-11,14.8400
2023-07-12,13.5400
2023-07-13,13.6100
2023-07-14,13.3400
2023-07-17,13.4800
2023-07-18,13.3000
2023-07-19,13.7600
2023-07-20,13.9900
2023-07-21,13.6000
2023-07-24,13.9100
2023-07-25,13.8600
2023-07-26,13.1900
2023-07-27,14.4100
2023-07-28,13.3300
2023-07-31,13.6300
2023-08-01,13.9300
2023-08-02,16.0900
2023-08-03,15.9200
2023-08-04,17.1000
2023-08-07,15.7700
2023-08-08,15.9900
2023-08-09,15.9600
2023-08-10,15.8500
2023-08-11,14.8400
2023-08-14,14.8200
2023-08-15,16.4600
2023-08-16,16.7800
2023-08-17,17.8900
2023-08-18,17.3000
2023-08-21,17.1300
2023-08-22,16.9700
2023-08-23,15.9800
2023-08-24,17.2000
2023-08-25,15.6800
2023-08-28,15.0800
2023-08-29,14.4500
2023-08-30,13.8800
2023-08-31,13.5700
2023-09-01,13.0900
2023-09-05,14.0100
2023-09-06,14.4500
2023-09-07,14.4000
2023-09-08,13.8400
2023-09-11,13.8000
2023-09-12,14.2300
2023-09-13,13.4800
2023-09-14,12.8200
2023-09-15,13.7900
2023-09-18,14.0000
2023-09-19,14.1100
2023-09-20,15.1400
2023-09-21,17.5400
2023-09-22,17.2000
2023-09-25,16.9000
2023-09-26,18.9400
2023-09-27,18.2200
2023-09-28,17.3400
2023-09-29,17.5200
2023-10-02,17.6100
2023-10-03,19.7800
2023-10-04,18.5800
2023-10-05,18.4900
2023-10-06,17.4500
2023-10-09,17.7000
2023-10-10,17.0300
2023-10-11,16.0900
2023-10-12,16.6900
2023-10-13,19.3200
2023-10-16,17.2100
2023-10-17,17.8800
2023-10-18,19.2200
2023-10-19,21.4000
2023-10-20,21.7100
2023-10-23,20.3700
2023-10-24,18.9700
2023-10-25,20.1900
2023-10-26,20.6800
2023-10-27,21.2700
2023-10-30,19.7500
2023-10-31,18.1400
2023-11-01,16.8700
2023-11-02,15.6600
2023-11-03,14.9100
2023-11-06,14.8900
2023-11-07,14.8100
2023-11-08,14.4500
2023-11-09,15.2900
2023-11-10,14.1700
2023-11-13,14.7600
2023-11-14,14.1600
2023-11-15,14.1800
2023-11-16,14.3200
2023-11-17,13.8000
2023-11-20,13.4100
2023-11-21,13.3500
2023-11-22,12.8500
2023-11-24,12.4600
2023-11-27,12.6900
2023-11-28,12.6900
2023-11-29,12.9800
2023-11-30,12.9200
2023-12-01,12.6300
2023-12-04,13.0800
2023-12-05,12.8500
2023-12-06,12.9700
2023-12-07,13.0600
2023-12-08,12.3500
2023-12-11,12.6300
2023-12-12,12.0700
2023-12-13,12.1900
2023-12-14,12.4800
2023-12-15,12.2800
2023-12-18,12.5600
2023-12-19,12.5300
2023-12-20,13.6700
2023-12-21,13.6500
2023-12-22,13.0300
2023-12-26,12.9900
2023-12-27,12.4300
2023-12-28,12.4700
2023-12-29,12.4500
2024-01-02,13.2000
2024-01-03,14.0400
2024-01-04,14.1300
2024-01-05,13.3500
2024-01-08,13.0800
2024-01-09,12.7600
2024-01-10,12.6900
2024-01-11,12.4400
2024-01-12,12.7000
2024-01-16,13.8400
2024-01-17,14.7900
2024-01-18,14.1300
2024-01-19,13.3000
2024-01-22,13.1900
2024-01-23,12.5500
2024-01-24,13.1400
2024-01-25,13.4500
2024-01-26,13.2600
2024-01-29,13.6000
2024-01-30,13.3100
2024-01-31,14.3500
2024-02-01,13.8800
2024-02-02,13.8500
2024-02-05,13.6700
2024-02-06,13.0600
2024-02-07,12.8300
2024-02-08,12.7900
2024-02-09,12.9300
2024-02-12,13.9300
2024-02-13,15.8500
2024-02-14,14.3800
2024-02-15,14.0100
2024-02-16,14.2400
2024-02-20,15.4200
2024-02-21,15.3400
2024-02-22,14.5400
2024-02-23,13.7500
2024-02-26,13.7400
2024-02-27,13.4300
2024-02-28,13.8400
2024-02-29,13.4000
2024-03-01,13.1100
2024-03-04,13.4900
2024-03-05,14.4600
2024-03-06,14.5000
2024-03-07,14.4400
2024-03-08,14.7400
2024-03-11,15.2200
2024-03-12,13.8400
2024-03-13,13.7500
2024-03-14,14.4000
2024-03-15,14.4100
2024-03-18,14.3300
2024-03-19,13.8200
2024-03-20,13.0400
2024-03-21,12.9200
2024-03-22,13.0600
2024-03-25,13.1900
2024-03-26,13.2400
2024-03-27,12.7800
2024-03-28,13.0100
2024-04-01,13.6500
2024-04-02,14.6100
2024-04-03,14.3300
2024-04-04,16.3500
2024-04-05,16.0300
2024-04-08,15.1900
2024-04-09,14.9800
2024-04-10,15.8000
2024-04-11,14.9100
2024-04-12,17.3100
2024-04-15,19.2300
2024-04-16,18.4000
2024-04-17,18.2100
2024-04-18,18.0000
2024-04-19,18.7100
2024-04-22,16.9400
2024-04-23,15.6900
2024-04-24,15.9700
2024-04-25,15.3700
2024-04-26,15.0300
2024-04-29,14.6700
2024-04-30,15.6500
2024-05-01,15.3900
2024-05-02,14.6800
2024-05-03,13.4900
2024-05-06,13.4900
2024-05-07,13.2300
2024-05-08,13.0000
2024-05-09,12.6900
2024-05-10,12.5500
2024-05-13,13.6000
2024-05-14,13.4200
2024-05-15,12.4500
2024-05-16,12.4200
2024-05-17,11.9900
2024-05-20,12.1500
2024-05-21,11.8600
2024-05-22,12.2900
2024-05-23,12.7700
2024-05-24,11.9300
2024-05-28,12.9200
2024-05-29,14.2800
2024-05-30,14.4700
2024-05-31,12.9200
2024-06-03,13.1100
2024-06-04,13.1600
2024-06-05,12.6300
2024-06-06,12.5800
2024-06-07,12.2200
2024-06-10,12.7400
2024-06-11,12.8500
2024-06-12,12.0400
2024-06-13,11.9400
2024-06-14,12.6600
2024-06-17,12.7500
2024-06-18,12.3000
2024-06-20,13.2800
2024-06-21,13.2000
2024-06-24,13.3300
2024-06-25,12.8400
2024-06-26,12.5500
2024-06-27,12.2400
2024-06-28,12.4400
2024-07-01,12.2200
2024-07-02,12.0300
2024-07-03,12.0900
2024-07-05,12.4800
2024-07-08,12.3700
2024-07-09,12.5100
2024-07-10,12.8500
2024-07-11,12.9200
2024-07-12,12.4600
2024-07-15,13.1200
2024-07-16,13.1900
2024-07-17,14.4800
2024-07-18,15.9300
2024-07-19,16.5200
2024-07-22,14.9100
2024-07-23,14.7200
2024-07-24,18.0400
2024-07-25,18.4600
2024-07-26,16.3900
2024-07-29,16.6000
2024-07-30,17.6900
2024-07-31,16.3600
2024-08-01,18.5900
2024-08-02,23.3900
2024-08-05,38.5700
2024-08-06,27.7100
2024-08-07,27.8500
2024-08-08,23.7900
2024-08-09,20.3700
2024-08-12,20.7100
2024-08-13,18.1200
2024-08-14,16.1900
2024-08-15,15.2300
2024-08-16,14.8000
2024-08-19,14.6500
2024-08-20,15.8800
2024-08-21,16.2700
2024-08-22,17.5500
2024-08-23,15.8600
2024-08-26,16.1500
2024-08-27,15.4300
2024-08-28,17.1100
2024-08-29,15.6500
2024-08-30,15.0000
2024-09-03,20.7200
2024-09-04,21.3200
2024-09-05,19.9000
2024-09-06,22.3800
2024-09-09,19.4500
2024-09-10,19.0800
2024-09-11,17.6900
2024-09-12,17.0700
2024-09-13,16.5600
2024-09-16,17.1400
2024-09-17,17.6100
2024-09-18,18.2300
2024-09-19,16.3300
2024-09-20,16.1500
2024-09-23,15.8900
2024-09-24,15.3900
2024-09-25,15.4100
2024-09-26,15.3700
2024-09-27,16.9600
2024-09-30,16.7300
2024-10-01,19.2600
2024-10-02,18.9000
2024-10-03,20.4900
2024-10-04,19.2100
2024-10-07,22.6400
2024-10-08,21.4200
2024-10-09,20.8600
2024-10-10,20.9300
2024-10-11,20.4600
2024-10-14,19.7000
2024-10-15,20.6400
2024-10-16,19.5800
2024-10-17,19.1100
2024-10-18,18.0300
2024-10-21,18.3700
2024-10-22,18.2000
2024-10-23,19.2400
2024-10-24,19.0800
2024-10-25,20.3300
2024-10-28,19.8000
2024-10-29,19.3400
2024-10-30,20.3500
2024-10-31,23.1600
2024-11-01,21.8800
2024-11-04,21.9800
2024-11-05,20.4900
2024-11-06,16.2700
2024-11-07,15.2000
2024-11-08,14.9400
2024-11-11,14.9700
2024-11-12,14.7100
2024-11-13,14.0200
2024-11-14,14.3100
2024-11-15,16.1400
2024-11-18,15.5800
2024-11-19,16.3500
2024-11-20,17.1600
2024-11-21,16.8700
2024-11-22,15.2400
2024-11-25,14.6000
2024-11-26,14.1000
2024-11-27,14.1000
2024-11-29,13.5100
2024-12-02,13.3400
2024-12-03,13.3000
2024-12-04,13.4500
2024-12-05,13.5400
2024-12-06,12.7700
2024-12-09,14.1900
2024-12-10,14.1800
2024-12-11,13.5800
2024-12-12,13.9200
2024-12-13,13.8100
2024-12-16,14.6900
2024-12-17,15.8700
2024-12-18,27.6200
2024-12-19,24.0900
2024-12-20,18.3600
2024-12-23,16.7800
2024-12-24,14.2700
2024-12-26,14.7300
2024-12-27,15.9500
2024-12-30,17.4000
2024-12-31,17.3500
2025-01-02,17.9300
2025-01-03,16.1300
2025-01-06,16.0400
2025-01-07,17.8200
2025-01-08,17.7000
2025-01-10,19.5400
2025-01-13,19.1900
2025-01-14,18.7100
2025-01-15,16.1200
2025-01-16,16.6000
2025-01-17,15.9700
2025-01-21,15.0600
2025-01-22,15.1000
2025-01-23,15.0200
2025-01-24,14.8500
2025-01-27,17.9000
2025-01-28,16.4100
2025-01-29,16.5600
2025-01-30,15.8400
2025-01-31,16.4300
2025-02-03,18.6200
2025-02-04,17.2100
2025-02-05,15.7700
2025-02-06,15.5000
2025-02-07,16.5400
2025-02-10,15.8100
2025-02-11,16.0200
2025-02-12,15.8900
2025-02-13,15.1000
2025-02-14,14.7700
2025-02-18,15.3500
2025-02-19,15.2700
2025-02-20,15.6600
2025-02-21,18.2100
2025-02-24,18.9800
2025-02-25,19.4300
2025-02-26,19.1000
2025-02-27,21.1300
2025-02-28,19.6300
2025-03-03,22.7800
2025-03-04,23.5100
2025-03-05,21.9300
2025-03-06,24.8700
2025-03-07,23.3700
2025-03-10,27.8600
2025-03-11,26.9200
2025-03-12,24.2300
2025-03-13,24.6600
2025-03-14,21.7700
2025-03-17,20.5100
2025-03-18,21.7000
2025-03-19,19.9000
2025-03-20,19.8000
2025-03-21,19.2800
2025-03-24,17.4800
2025-03-25,17.1500
2025-03-26,18.3300
2025-03-27,18.6900
2025-03-28,21.6500
2025-03-31,22.2800
2025-04-01,21.7700
2025-04-02,21.5100
2025-04-03,30.0200
2025-04-04,45.3100
2025-04-07,46.9800
2025-04-08,52.3300
2025-04-09,33.6200
2025-04-10,40.7200
2025-04-11,37.5600
2025-04-14,30.8900
2025-04-15,30.1200
2025-04-16,32.6400
2025-04-17,29.6500
2025-04-21,33.8200
2025-04-22,30.5700
2025-04-23,28.4500
2025-04-24,26.4700
2025-04-25,24.8400
2025-04-28,25.1500
2025-04-29,24.1700
2025-04-30,24.7000
2025-05-01,24.6000
2025-05-02,22.6800
2025-05-05,23.6400
2025-05-06,24.7600
2025-05-07,23.5500
2025-05-08,22.4800
2025-05-09,21.9000
2025-05-12,18.3900
2025-05-13,18.2200
2025-05-14,18.6200
2025-05-15,17.8300
2025-05-16,17.2400
2025-05-19,18.1400
2025-05-20,18.0900
2025-05-21,20.8700
2025-05-22,20.2800
2025-05-23,22.2900
2025-05-27,18.9600
2025-05-28,19.3100
2025-05-29,19.1800
2025-05-30,18.5700
2025-06-02,18.3600
2025-06-03,17.6900
2025-06-04,17.6100
2025-06-05,18.4800
2025-06-06,16.7700
2025-06-09,17.1600
2025-06-10,16.9500
2025-06-11,17.2600
2025-06-12,18.0200
2025-06-13,20.8200
2025-06-16,19.1100
2025-06-17,21.6000
2025-06-18,20.1400
2025-06-20,20.6200
2025-06-23,19.8300
2025-06-24,17.4800
2025-06-25,16.7600
2025-06-26,16.5900
2025-06-27,16.3200
2025-06-30,16.7300
2025-07-01,16.8300
2025-07-02,16.6400
2025-07-03,16.3800
2025-07-07,17.7900
2025-07-08,16.8100
2025-07-09,15.9400
2025-07-10,15.7800
2025-07-11,16.4000
2025-07-14,17.2000
2025-07-15,17.3800
2025-07-16,17.1600
2025-07-17,16.5200
2025-07-18,16.4100
2025-07-21,16.6500
2025-07-22,16.5000
2025-07-23,15.3700
2025-07-24,15.3900
2025-07-25,14.9300
2025-07-28,15.0300
2025-07-29,15.9800
2025-07-30,15.4800
2025-07-31,16.7200
2025-08-01,20.3800
2025-08-04,17.5200
2025-08-05,17.8500
2025-08-06,16.7700
2025-08-07,16.5700
2025-08-08,15.1500
2025-08-11,16.2500
2025-08-12,14.7300
2025-08-13,14.4900
2025-08-14,14.8300
2025-08-15,15.0900
2025-08-18,14.9900
2025-08-19,15.5700
2025-08-20,15.6900
2025-08-21,16.6000
2025-08-22,14.2200
2025-08-25,14.7900
2025-08-26,14.6200
2025-08-27,14.8500
2025-08-28,14.4300
2025-08-29,15.3600
2025-09-02,17.1700
2025-09-03,16.3500
2025-09-04,15.3000
2025-09-05,15.1800
2025-09-08,15.1100
2025-09-09,15.0400
2025-09-10,15.3500
2025-09-11,14.7100
2025-09-12,14.7600
2025-09-15,15.6900
2025-09-16,16.3600
2025-09-17,15.7200
2025-09-18,15.7000
2025-09-19,15.4500
2025-09-22,16.1000
2025-09-23,16.6400
2025-09-24,16.1800
2025-09-25,16.7400
2025-09-26,15.2900
2025-09-29,16.1200
2025-09-30,16.2800
2025-10-01,16.2900
2025-10-02,16.6300
2025-10-03,16.6500
2025-10-06,16.3700
2025-10-07,17.2400
2025-10-08,16.3000
2025-10-09,16.4300
2025-10-10,21.6600
2025-10-13,19.0300
2025-10-14,20.8100
2025-10-15,20.6400
2025-10-16,25.3100
2025-10-17,20.7800
2025-10-20,18.2300
2025-10-21,17.8700
2025-10-22,18.6000
2025-10-23,17.3000
2025-10-24,16.3700
2025-10-27,15.7900
2025-10-28,16.4200
2025-10-29,16.9200
2025-10-30,16.9100
2025-10-31,17.4400
2025-11-03,17.1700
2025-11-04,19.0000
2025-11-05,18.0100
2025-11-06,19.5000
2025-11-07,19.0800
2025-11-10,17.6000
2025-11-11,17.2800
2025-11-12,17.5100
2025-11-13,20.0000
2025-11-14,19.8300
2025-11-17,22.3800
2025-11-18,24.6900
2025-11-19,23.6600
2025-11-20,26.4200
2025-11-21,23.4300
2025-11-24,20.5200
2025-11-25,18.5600
2025-11-26,17.1900
2025-11-28,16.3500
2025-12-01,17.2400
2025-12-02,16.5900
2025-12-03,16.0800
2025-12-04,15.7800
2025-12-05,15.4100
2025-12-08,16.6600
2025-12-09,16.9300
2025-12-10,15.7700
2025-12-11,14.8500
2025-12-12,15.7400
2025-12-15,16.5000
2025-12-16,16.4800
2025-12-17,17.6200
2025-12-18,16.8700
2025-12-19,14.9100
2025-12-22,14.0800
2025-12-23,14.0000
2025-12-24,13.4700
2025-12-26,13.6000
2025-12-29,14.2000
2025-12-30,14.3300
2025-12-31,14.9500
2026-01-02,14.5100
2026-01-05,14.9000
2026-01-06,14.7500
2026-01-07,15.3800
2026-01-08,15.4500
2026-01-09,14.4900
2026-01-12,15.1200
2026-01-13,15.9800
2026-01-14,16.7500
2026-01-15,15.8400
2026-01-16,15.8600
2026-01-20,20.0900
2026-01-21,16.9000
2026-01-22,15.6400
2026-01-23,16.0900
2026-01-26,16.1500
2026-01-27,16.3500
2026-01-28,16.3500
2026-01-29,16.8800
2026-01-30,17.4400
2026-02-02,16.3400
2026-02-03,18.0000
2026-02-04,18.6400
2026-02-05,21.7700
2026-02-06,20.3700
2026-02-09,17.3600
2026-02-10,17.7900
2026-02-11,17.6500
2026-02-12,20.8200
2026-02-13,20.6000
2026-02-17,20.2900
2026-02-18,19.6200
2026-02-19,20.2300
2026-02-20,19.0900
2026-02-23,21.0100
2026-02-24,19.5500
2026-02-25,17.9300
2026-02-26,18.6300
2026-02-27,19.8600
2026-03-02,21.4400
2026-03-03,23.5700
2026-03-04,21.1500
2026-03-05,23.7500
2026-03-06,29.4900
2026-03-09,25.5000
2026-03-10,24.9300
2026-03-11,24.2300
2026-03-12,27.2900
2026-03-13,27.1900
2026-03-16,23.5100
2026-03-17,22.3700
2026-03-18,25.0900
2026-03-19,24.0600
2026-03-20,26.7800
2026-03-23,26.1500
2026-03-24,26.9500
2026-03-25,25.3300
2026-03-26,27.4400
2026-03-27,31.0500
2026-03-30,30.6100
2026-03-31,25.2500
2026-04-01,24.5400
2026-04-02,23.8700
2026-04-06,24.1700
2026-04-07,25.7800
2026-04-08,21.0400
2026-04-09,19.4900
2026-04-10,19.2300
2026-04-13,19.1200
2026-04-14,18.3600
2026-04-15,18.1700
2026-04-16,17.9400
2026-04-17,17.4800
2026-04-20,18.8700
2026-04-21,19.5000
2026-04-22,18.9200
2026-04-23,19.3100
2026-04-24,18.7100
2026-04-27,18.0200
2026-04-28,17.8300
2026-04-29,18.8100
2026-04-30,16.8900
2026-05-01,16.9900
2026-05-04,18.2900
2026-05-05,17.3800
2026-05-06,17.3900
2026-05-07,17.0800
2026-05-08,17.1900
2026-05-11,18.3800
2026-05-12,17.9900
2026-05-13,17.8700
2026-05-14,17.2600
2026-05-15,18.4300
2026-05-18,17.8200
2026-05-19,18.0600
2026-05-20,17.4400
2026-05-21,16.7600
2026-05-22,16.7000
2026-05-25,16.5900
2026-05-26,17.0100
2026-05-27,16.2900
2026-05-28,15.7400
2026-05-29,15.3200
2026-06-01,16.0500
2026-06-02,15.7700
2026-06-03,16.0600
2026-06-04,15.4000
2026-06-05,21.5100
2026-06-08,18.9200
2026-06-09,19.8700
2026-06-10,22.2200
2026-06-11,19.4400
2026-06-12,17.6800
2026-06-15,16.2000
2026-06-16,16.4100
2026-06-17,18.4400
2026-06-18,16.4000
2026-06-22,17.2800
2026-06-23,19.4900
2026-06-24,18.6300
2026-06-25,18.8900
2026-06-26,18.4100
2026-06-29,17.6500
2026-06-30,16.4500
2026-07-01,16.5900
2026-07-02,16.1500
2026-07-06,15.5700
2026-07-07,16.1300
2026-07-08,16.9000
2026-07-09,15.8400
2026-07-10,15.0300
2026-07-13,17.1600
2026-07-14,16.5000
2026-07-15,15.6700
2026-07-16,16.7300
2026-07-17,18.7700
2026-07-20,18.6500
2026-07-21,17.0500
2026-07-22,16.6400
2026-07-23,18.7000
2026-07-24,18.5800
2026-07-27,18.6700
2026-07-28,18.2100
2026-07-29,20.6600
2026-07-30,17.0900
2026-07-31,15.9900
2026-08-03,15.8600
2026-08-04,16.5000
2026-08-05,15.8100
2026-08-06,15.1500
2026-08-07,14.9000
2026-08-10,15.4600
2026-08-11,15.2800
2026-08-12,14.5500
2026-08-13,14.6300
2026-08-14,14.2500
2026-08-17,15.1900
2026-08-18,15.8400
2026-08-19,14.8900
2026-08-20,16.0100
2026-08-21,15.1300
2026-08-24,15.8500
2026-08-25,15.4500
2026-08-26,15.2100
2026-08-27,14.5100
2026-08-28,14.4300
2026-08-31,14.9200
2026-09-01,16.3400
2026-09-02,15.2000
2026-09-03,14.3200
2026-09-04,14.5300
2026-09-07,15.3000
2026-09-08,15.7200
2026-09-09,16.4600
2026-09-10,17.8400
2026-09-11,15.8400
2026-09-14,17.1000
2026-09-15,17.2000
2026-09-16,17.7100
2026-09-17,15.4400
2026-09-18,14.8100
2026-09-21,14.8700
2026-09-22,14.3200
