date,open,high,low,close
2019-01-02,1286.000000,1286.000000,1277.599976,1281.000000
2019-01-03,1286.800049,1292.000000,1286.699951,1291.800049
2019-01-04,1294.199951,1294.199951,1275.300049,1282.699951
2019-01-07,1286.800049,1286.800049,1286.599976,1286.800049
2019-01-08,1280.500000,1283.199951,1278.199951,1283.199951
2019-01-09,1279.400024,1289.300049,1279.199951,1289.300049
2019-01-10,1284.699951,1284.699951,1284.699951,1284.699951
2019-01-11,1291.199951,1291.199951,1286.300049,1287.099976
2019-01-14,1292.400024,1293.900024,1289.099976,1289.099976
2019-01-15,1290.099976,1292.699951,1286.199951,1286.199951
2019-01-16,1291.599976,1291.599976,1291.599976,1291.599976
2019-01-17,1291.599976,1292.699951,1288.500000,1291.000000
2019-01-18,1281.300049,1281.300049,1281.300049,1281.300049
2019-01-22,1282.500000,1283.300049,1282.500000,1282.500000
2019-01-23,1281.699951,1283.900024,1278.699951,1283.099976
2019-01-24,1279.099976,1279.099976,1278.500000,1279.099976
2019-01-25,1297.400024,1297.400024,1297.400024,1297.400024
2019-01-28,1300.800049,1307.099976,1298.400024,1302.400024
2019-01-29,1308.199951,1308.199951,1308.199951,1308.199951
2019-01-30,1310.400024,1323.400024,1308.099976,1309.900024
2019-01-31,1320.000000,1325.400024,1316.699951,1319.699951
2019-02-01,1320.300049,1320.699951,1315.400024,1316.900024
2019-02-04,1318.099976,1318.099976,1308.300049,1314.300049
2019-02-05,1311.099976,1315.099976,1311.000000,1314.199951
2019-02-06,1312.500000,1313.500000,1305.000000,1309.500000
2019-02-07,1302.900024,1310.400024,1302.199951,1309.400024
2019-02-08,1309.500000,1314.000000,1307.800049,1313.699951
2019-02-11,1313.400024,1313.400024,1304.699951,1307.000000
2019-02-12,1310.000000,1312.000000,1307.599976,1309.199951
2019-02-13,1311.599976,1316.000000,1308.099976,1310.800049
2019-02-14,1305.000000,1311.800049,1301.599976,1309.800049
2019-02-15,1313.599976,1318.800049,1313.599976,1318.099976
2019-02-19,1320.900024,1340.099976,1320.500000,1340.099976
2019-02-20,1342.199951,1344.000000,1338.000000,1343.300049
2019-02-21,1331.300049,1334.900024,1320.900024,1323.500000
2019-02-22,1324.199951,1331.300049,1321.000000,1329.199951
2019-02-25,1329.199951,1331.599976,1325.599976,1325.900024
2019-02-26,1323.300049,1325.500000,1323.300049,1325.099976
2019-02-27,1327.699951,1327.900024,1316.500000,1317.699951
2019-02-28,1321.099976,1323.699951,1311.500000,1312.800049
2019-03-01,1312.199951,1312.199951,1288.900024,1296.400024
2019-03-04,1285.500000,1287.000000,1281.900024,1284.800049
2019-03-05,1287.000000,1287.000000,1282.000000,1282.000000
2019-03-06,1287.099976,1287.099976,1282.599976,1284.900024
2019-03-07,1281.000000,1284.599976,1281.000000,1283.800049
2019-03-08,1292.099976,1297.400024,1291.599976,1297.000000
2019-03-11,1291.000000,1291.000000,1288.800049,1288.800049
2019-03-12,1294.699951,1296.300049,1294.699951,1296.300049
2019-03-13,1307.500000,1307.500000,1307.500000,1307.500000
2019-03-14,1293.400024,1293.400024,1293.400024,1293.400024
2019-03-15,1300.900024,1304.699951,1300.500000,1301.800049
2019-03-18,1297.300049,1302.199951,1297.300049,1300.300049
2019-03-19,1306.900024,1306.900024,1304.800049,1305.000000
2019-03-20,1300.699951,1300.699951,1300.500000,1300.500000
2019-03-21,1306.099976,1306.099976,1306.099976,1306.099976
2019-03-22,1311.599976,1311.599976,1311.599976,1311.599976
2019-03-25,1320.699951,1322.900024,1320.699951,1321.900024
2019-03-26,1315.599976,1315.599976,1314.300049,1314.300049
2019-03-27,1309.900024,1309.900024,1309.900024,1309.900024
2019-03-28,1308.400024,1311.099976,1287.699951,1289.800049
2019-03-29,1289.599976,1298.500000,1286.099976,1293.000000
2019-04-01,1291.800049,1295.900024,1285.699951,1288.400024
2019-04-02,1286.300049,1290.900024,1284.500000,1290.000000
2019-04-03,1291.400024,1293.099976,1287.500000,1289.900024
2019-04-04,1290.599976,1292.599976,1279.500000,1289.000000
2019-04-05,1292.000000,1292.000000,1283.599976,1290.400024
2019-04-08,1292.199951,1302.099976,1291.800049,1297.099976
2019-04-09,1298.500000,1304.900024,1298.500000,1303.500000
2019-04-10,1304.000000,1309.099976,1301.500000,1309.099976
2019-04-11,1307.000000,1307.099976,1288.599976,1288.599976
2019-04-12,1293.400024,1293.400024,1289.199951,1290.599976
2019-04-15,1284.800049,1287.300049,1282.300049,1286.800049
2019-04-16,1285.199951,1285.199951,1272.199951,1272.599976
2019-04-17,1273.500000,1273.500000,1271.599976,1272.199951
2019-04-18,1270.800049,1273.599976,1270.099976,1271.900024
2019-04-22,1273.500000,1273.500000,1273.500000,1273.500000
2019-04-23,1266.400024,1269.800049,1266.000000,1269.300049
2019-04-24,1268.400024,1275.500000,1267.800049,1275.500000
2019-04-25,1280.599976,1280.800049,1275.800049,1275.800049
2019-04-26,1284.900024,1284.900024,1284.900024,1284.900024
2019-04-29,1284.800049,1284.900024,1277.099976,1278.599976
2019-04-30,1281.699951,1283.300049,1280.800049,1282.800049
2019-05-01,1278.699951,1283.300049,1278.699951,1281.400024
2019-05-02,1269.199951,1270.800049,1266.599976,1269.699951
2019-05-03,1270.099976,1279.199951,1270.099976,1279.199951
2019-05-06,1282.199951,1282.199951,1280.300049,1281.699951
2019-05-07,1280.500000,1283.500000,1280.500000,1283.500000
2019-05-08,1279.400024,1279.400024,1279.400024,1279.400024
2019-05-09,1278.900024,1285.000000,1278.800049,1283.500000
2019-05-10,1285.400024,1286.500000,1283.300049,1285.699951
2019-05-13,1286.699951,1300.099976,1281.800049,1300.099976
2019-05-14,1297.800049,1297.800049,1294.699951,1294.699951
2019-05-15,1296.900024,1296.900024,1296.000000,1296.300049
2019-05-16,1285.199951,1285.400024,1285.000000,1285.000000
2019-05-17,1280.000000,1280.000000,1274.500000,1274.500000
2019-05-20,1276.099976,1276.099976,1276.099976,1276.099976
2019-05-21,1272.000000,1272.000000,1272.000000,1272.000000
2019-05-22,1273.599976,1273.599976,1273.599976,1273.599976
2019-05-23,1284.800049,1284.800049,1284.800049,1284.800049
2019-05-24,1283.000000,1283.000000,1283.000000,1283.000000
2019-05-28,1276.500000,1276.500000,1276.500000,1276.500000
2019-05-29,1280.599976,1280.599976,1280.599976,1280.599976
2019-05-30,1279.400024,1288.300049,1273.900024,1287.099976
2019-05-31,1287.699951,1306.400024,1287.500000,1305.800049
2019-06-03,1307.000000,1327.800049,1307.000000,1322.699951
2019-06-04,1324.300049,1328.599976,1320.800049,1323.400024
2019-06-05,1328.900024,1343.300049,1326.300049,1328.300049
2019-06-06,1330.800049,1338.699951,1326.199951,1337.599976
2019-06-07,1333.099976,1347.699951,1329.800049,1341.199951
2019-06-10,1335.800049,1336.500000,1324.099976,1324.699951
2019-06-11,1328.400024,1328.400024,1319.099976,1326.400024
2019-06-12,1326.900024,1334.500000,1326.900024,1331.900024
2019-06-13,1331.599976,1341.099976,1331.599976,1339.199951
2019-06-14,1345.400024,1355.400024,1339.300049,1340.099976
2019-06-17,1339.000000,1340.300049,1335.000000,1338.699951
2019-06-18,1349.300049,1349.300049,1341.599976,1346.599976
2019-06-19,1344.000000,1344.599976,1344.000000,1344.599976
2019-06-20,1381.500000,1392.900024,1379.500000,1392.900024
2019-06-21,1406.000000,1406.000000,1390.300049,1396.199951
2019-06-24,1406.000000,1420.599976,1402.099976,1414.300049
2019-06-25,1418.099976,1433.300049,1414.900024,1414.900024
2019-06-26,1407.199951,1413.300049,1405.800049,1411.599976
2019-06-27,1407.000000,1410.800049,1399.800049,1408.400024
2019-06-28,1408.300049,1422.000000,1408.300049,1409.699951
2019-07-01,1386.599976,1395.800049,1382.800049,1385.599976
2019-07-02,1391.099976,1418.400024,1390.800049,1404.599976
2019-07-03,1431.000000,1434.000000,1413.099976,1417.699951
2019-07-05,1418.300049,1418.300049,1390.199951,1396.699951
2019-07-08,1395.900024,1397.000000,1393.599976,1397.000000
2019-07-09,1394.500000,1397.500000,1386.199951,1397.500000
2019-07-10,1409.900024,1410.099976,1409.900024,1410.099976
2019-07-11,1424.000000,1424.000000,1404.300049,1404.300049
2019-07-12,1405.599976,1410.099976,1405.599976,1409.900024
2019-07-15,1414.400024,1415.000000,1411.400024,1411.400024
2019-07-16,1413.599976,1413.699951,1405.000000,1409.199951
2019-07-17,1404.599976,1421.300049,1404.599976,1421.300049
2019-07-18,1422.300049,1444.199951,1419.500000,1426.099976
2019-07-19,1440.500000,1442.000000,1425.099976,1425.099976
2019-07-22,1425.300049,1425.300049,1424.000000,1425.300049
2019-07-23,1418.599976,1421.300049,1416.300049,1420.099976
2019-07-24,1422.800049,1422.800049,1422.800049,1422.800049
2019-07-25,1413.900024,1413.900024,1413.900024,1413.900024
2019-07-26,1422.800049,1423.000000,1418.500000,1418.500000
2019-07-29,1419.599976,1419.599976,1419.599976,1419.599976
2019-07-30,1426.300049,1433.900024,1422.099976,1429.699951
2019-07-31,1431.300049,1435.800049,1411.199951,1426.099976
2019-08-01,1411.300049,1445.199951,1400.900024,1420.900024
2019-08-02,1448.000000,1448.000000,1432.300049,1445.599976
2019-08-05,1440.400024,1469.699951,1440.400024,1464.599976
2019-08-06,1469.699951,1475.000000,1457.699951,1472.400024
2019-08-07,1473.500000,1509.900024,1473.199951,1507.300049
2019-08-08,1498.400024,1508.500000,1492.000000,1497.699951
2019-08-09,1506.199951,1507.500000,1495.599976,1496.599976
2019-08-12,1496.000000,1514.900024,1488.099976,1505.300049
2019-08-13,1510.400024,1531.400024,1483.699951,1502.199951
2019-08-14,1500.000000,1520.500000,1497.000000,1515.900024
2019-08-15,1519.800049,1522.699951,1510.599976,1519.599976
2019-08-16,1524.599976,1524.599976,1504.699951,1512.500000
2019-08-19,1507.199951,1507.599976,1492.900024,1500.400024
2019-08-20,1497.500000,1506.099976,1497.500000,1504.599976
2019-08-21,1504.900024,1505.000000,1498.800049,1504.599976
2019-08-22,1495.099976,1497.300049,1493.800049,1497.300049
2019-08-23,1493.500000,1527.599976,1493.500000,1526.599976
2019-08-26,1543.199951,1543.300049,1524.300049,1526.300049
2019-08-27,1530.500000,1542.099976,1528.500000,1541.000000
2019-08-28,1538.099976,1538.099976,1537.800049,1537.800049
2019-08-29,1537.500000,1549.300049,1519.599976,1526.500000
2019-08-30,1524.599976,1530.400024,1516.699951,1519.099976
2019-09-03,1522.900024,1547.300049,1521.000000,1545.900024
2019-09-04,1549.000000,1553.199951,1534.800049,1550.300049
2019-09-05,1551.000000,1551.099976,1511.099976,1515.400024
2019-09-06,1517.300049,1526.000000,1504.500000,1506.199951
2019-09-09,1509.000000,1513.000000,1498.000000,1502.199951
2019-09-10,1498.500000,1498.500000,1486.900024,1490.300049
2019-09-11,1491.699951,1496.599976,1490.199951,1494.400024
2019-09-12,1499.500000,1515.400024,1498.699951,1498.699951
2019-09-13,1490.900024,1490.900024,1486.900024,1490.900024
2019-09-16,1506.599976,1506.800049,1496.900024,1503.099976
2019-09-17,1497.900024,1505.099976,1497.900024,1505.099976
2019-09-18,1508.900024,1509.400024,1489.300049,1507.500000
2019-09-19,1496.099976,1502.400024,1496.099976,1498.400024
2019-09-20,1503.000000,1507.300049,1503.000000,1507.300049
2019-09-23,1515.500000,1523.699951,1515.500000,1523.699951
2019-09-24,1515.099976,1533.000000,1515.099976,1532.099976
2019-09-25,1527.599976,1527.900024,1504.599976,1504.599976
2019-09-26,1507.500000,1507.500000,1507.500000,1507.500000
2019-09-27,1504.199951,1506.099976,1485.599976,1499.099976
2019-09-30,1495.900024,1495.900024,1463.500000,1465.699951
2019-10-01,1468.699951,1485.500000,1458.300049,1482.000000
2019-10-02,1476.599976,1503.699951,1474.099976,1501.000000
2019-10-03,1497.400024,1518.199951,1496.599976,1507.099976
2019-10-04,1505.599976,1508.699951,1497.099976,1506.199951
2019-10-07,1504.800049,1505.800049,1489.099976,1497.699951
2019-10-08,1489.400024,1506.300049,1489.300049,1497.199951
2019-10-09,1507.699951,1507.699951,1498.400024,1506.099976
2019-10-10,1511.199951,1511.199951,1490.599976,1494.800049
2019-10-11,1491.900024,1494.900024,1476.900024,1482.699951
2019-10-14,1484.400024,1493.500000,1481.300049,1491.699951
2019-10-15,1488.900024,1495.400024,1476.599976,1477.599976
2019-10-16,1482.000000,1488.000000,1480.000000,1488.000000
2019-10-17,1486.199951,1493.199951,1485.800049,1492.300049
2019-10-18,1487.300049,1489.099976,1486.599976,1488.199951
2019-10-21,1489.900024,1489.900024,1481.500000,1482.400024
2019-10-22,1483.400024,1483.500000,1481.699951,1481.699951
2019-10-23,1486.400024,1490.300049,1486.400024,1489.900024
2019-10-24,1490.500000,1501.199951,1485.900024,1498.900024
2019-10-25,1501.400024,1514.300049,1499.000000,1499.500000
2019-10-28,1504.099976,1504.099976,1490.000000,1490.000000
2019-10-29,1485.900024,1487.000000,1485.900024,1487.000000
2019-10-30,1487.199951,1495.400024,1481.000000,1493.199951
2019-10-31,1496.099976,1513.099976,1496.099976,1511.400024
2019-11-01,1511.000000,1511.599976,1503.000000,1508.000000
2019-11-04,1511.599976,1511.599976,1508.000000,1508.000000
2019-11-05,1507.099976,1507.099976,1480.800049,1480.800049
2019-11-06,1483.199951,1491.000000,1483.199951,1490.199951
2019-11-07,1489.099976,1489.099976,1464.199951,1464.199951
2019-11-08,1469.099976,1469.099976,1461.300049,1461.300049
2019-11-11,1461.000000,1461.000000,1449.300049,1455.500000
2019-11-12,1454.900024,1454.900024,1447.099976,1452.099976
2019-11-13,1456.800049,1463.300049,1456.800049,1461.699951
2019-11-14,1463.800049,1471.800049,1463.699951,1471.800049
2019-11-15,1469.099976,1469.099976,1467.300049,1467.300049
2019-11-18,1472.000000,1472.000000,1469.699951,1470.900024
2019-11-19,1467.699951,1474.300049,1467.699951,1473.300049
2019-11-20,1472.599976,1474.500000,1467.300049,1473.300049
2019-11-21,1463.099976,1463.099976,1463.099976,1463.099976
2019-11-22,1468.599976,1468.599976,1463.099976,1463.099976
2019-11-25,1457.099976,1457.099976,1455.500000,1456.599976
2019-11-26,1459.800049,1459.800049,1459.800049,1459.800049
2019-11-27,1461.099976,1461.900024,1452.000000,1453.400024
2019-11-29,1453.599976,1465.599976,1452.099976,1465.599976
2019-12-02,1462.800049,1464.400024,1453.300049,1462.300049
2019-12-03,1461.599976,1480.400024,1459.500000,1478.199951
2019-12-04,1477.500000,1483.400024,1471.199951,1474.000000
2019-12-05,1474.699951,1478.000000,1472.300049,1476.900024
2019-12-06,1475.000000,1476.000000,1458.199951,1459.099976
2019-12-09,1458.800049,1464.199951,1458.599976,1459.300049
2019-12-10,1460.699951,1467.199951,1460.699951,1462.599976
2019-12-11,1463.099976,1475.400024,1463.099976,1469.400024
2019-12-12,1475.099976,1483.900024,1463.699951,1466.699951
2019-12-13,1463.099976,1475.900024,1463.099976,1475.599976
2019-12-16,1473.800049,1475.300049,1473.800049,1475.000000
2019-12-17,1474.099976,1476.900024,1474.000000,1474.599976
2019-12-18,1472.599976,1472.599976,1472.599976,1472.599976
2019-12-19,1475.900024,1478.900024,1473.300049,1478.199951
2019-12-20,1476.699951,1478.099976,1474.699951,1474.699951
2019-12-23,1482.300049,1482.500000,1479.900024,1482.500000
2019-12-24,1488.699951,1499.099976,1488.699951,1499.099976
2019-12-26,1505.199951,1512.300049,1505.000000,1509.300049
2019-12-27,1513.800049,1513.800049,1513.800049,1513.800049
2019-12-30,1512.599976,1515.099976,1510.000000,1514.500000
2019-12-31,1513.800049,1523.400024,1513.800049,1519.500000
2020-01-02,1518.099976,1528.699951,1518.000000,1524.500000
2020-01-03,1530.099976,1552.699951,1530.099976,1549.199951
2020-01-06,1580.000000,1580.000000,1560.400024,1566.199951
2020-01-07,1558.300049,1576.300049,1558.300049,1571.800049
2020-01-08,1579.699951,1604.199951,1552.300049,1557.400024
2020-01-09,1555.699951,1555.699951,1543.300049,1551.699951
2020-01-10,1551.199951,1558.800049,1545.400024,1557.500000
2020-01-13,1557.400024,1558.000000,1548.400024,1548.400024
2020-01-14,1546.699951,1546.699951,1534.900024,1542.400024
2020-01-15,1548.000000,1553.900024,1545.599976,1552.099976
2020-01-16,1555.699951,1556.099976,1548.500000,1549.000000
2020-01-17,1554.099976,1558.800049,1553.599976,1558.800049
2020-01-21,1559.300049,1566.199951,1551.000000,1556.400024
2020-01-22,1549.800049,1557.099976,1549.800049,1555.300049
2020-01-23,1553.099976,1564.599976,1552.199951,1564.599976
2020-01-24,1556.300049,1571.099976,1556.300049,1571.099976
2020-01-27,1584.300049,1584.500000,1576.800049,1576.800049
2020-01-28,1576.400024,1576.400024,1569.199951,1569.199951
2020-01-29,1569.800049,1569.800049,1569.800049,1569.800049
2020-01-30,1576.800049,1585.000000,1571.400024,1583.500000
2020-01-31,1573.400024,1589.000000,1570.000000,1582.900024
2020-02-03,1592.900024,1593.300049,1568.199951,1577.199951
2020-02-04,1577.699951,1577.699951,1547.800049,1550.400024
2020-02-05,1553.199951,1560.699951,1547.699951,1557.800049
2020-02-06,1553.599976,1565.599976,1551.599976,1565.099976
2020-02-07,1564.900024,1571.900024,1560.500000,1568.599976
2020-02-10,1569.300049,1574.699951,1568.599976,1574.699951
2020-02-11,1570.900024,1571.099976,1561.900024,1565.599976
2020-02-12,1565.199951,1568.699951,1561.000000,1567.400024
2020-02-13,1570.199951,1575.099976,1570.199951,1575.099976
2020-02-14,1575.800049,1582.699951,1574.800049,1582.699951
2020-02-18,1579.800049,1604.300049,1579.800049,1600.000000
2020-02-19,1600.599976,1610.500000,1599.699951,1607.500000
2020-02-20,1606.500000,1621.000000,1603.000000,1616.599976
2020-02-21,1619.300049,1645.000000,1619.300049,1644.599976
2020-02-24,1657.000000,1686.599976,1650.000000,1672.400024
2020-02-25,1645.099976,1653.699951,1632.300049,1646.900024
2020-02-26,1644.000000,1648.099976,1636.400024,1640.000000
2020-02-27,1641.099976,1658.000000,1638.500000,1640.000000
2020-02-28,1640.300049,1642.500000,1564.099976,1564.099976
2020-03-02,1583.900024,1608.300049,1574.300049,1592.300049
2020-03-03,1594.500000,1645.300049,1594.000000,1642.099976
2020-03-04,1645.400024,1645.900024,1631.300049,1641.099976
2020-03-05,1637.300049,1672.900024,1637.199951,1666.400024
2020-03-06,1670.800049,1686.199951,1647.199951,1670.800049
2020-03-09,1696.099976,1701.599976,1657.699951,1674.500000
2020-03-10,1671.599976,1674.599976,1643.000000,1659.099976
2020-03-11,1656.599976,1666.500000,1635.000000,1641.400024
2020-03-12,1637.000000,1647.500000,1566.400024,1589.300049
2020-03-13,1574.900024,1589.800049,1513.800049,1515.699951
2020-03-16,1569.099976,1569.099976,1452.099976,1485.900024
2020-03-17,1469.300049,1537.699951,1469.300049,1524.900024
2020-03-18,1537.500000,1542.000000,1477.300049,1477.300049
2020-03-19,1481.500000,1491.599976,1471.000000,1478.599976
2020-03-20,1483.500000,1484.000000,1483.500000,1484.000000
2020-03-23,1505.300049,1567.000000,1490.199951,1567.000000
2020-03-24,1592.699951,1685.500000,1592.699951,1660.199951
2020-03-25,1676.500000,1676.500000,1631.099976,1632.300049
2020-03-26,1660.500000,1660.500000,1650.099976,1650.099976
2020-03-27,1623.900024,1623.900024,1623.900024,1623.900024
2020-03-30,1641.199951,1652.800049,1607.199951,1622.000000
2020-03-31,1618.699951,1621.000000,1576.000000,1583.400024
2020-04-01,1570.000000,1600.000000,1570.000000,1578.199951
2020-04-02,1590.900024,1631.199951,1586.000000,1625.699951
2020-04-03,1624.500000,1636.000000,1619.800049,1633.699951
2020-04-06,1629.099976,1696.699951,1625.900024,1677.000000
2020-04-07,1695.699951,1724.400024,1658.000000,1664.800049
2020-04-08,1669.699951,1677.000000,1662.500000,1665.400024
2020-04-09,1662.699951,1736.199951,1662.699951,1736.199951
2020-04-13,1722.000000,1756.800049,1710.699951,1744.800049
2020-04-14,1756.800049,1775.000000,1739.500000,1756.699951
2020-04-15,1739.400024,1744.900024,1722.699951,1727.199951
2020-04-16,1731.000000,1750.599976,1715.000000,1720.400024
2020-04-17,1715.699951,1725.000000,1684.900024,1689.199951
2020-04-20,1686.000000,1701.599976,1680.000000,1701.599976
2020-04-21,1697.000000,1707.099976,1659.900024,1678.199951
2020-04-22,1696.000000,1728.699951,1684.800049,1728.699951
2020-04-23,1734.000000,1745.099976,1733.300049,1733.300049
2020-04-24,1744.000000,1744.000000,1714.500000,1723.500000
2020-04-27,1731.900024,1731.900024,1711.900024,1711.900024
2020-04-28,1716.599976,1716.599976,1707.099976,1710.500000
2020-04-29,1710.000000,1713.500000,1702.000000,1703.400024
2020-04-30,1719.300049,1719.300049,1680.800049,1684.199951
2020-05-01,1686.599976,1701.500000,1670.500000,1694.500000
2020-05-04,1702.599976,1709.000000,1699.599976,1706.900024
2020-05-05,1701.500000,1704.400024,1697.199951,1704.400024
2020-05-06,1704.000000,1704.000000,1684.199951,1684.199951
2020-05-07,1686.199951,1721.800049,1685.599976,1721.800049
2020-05-08,1726.199951,1728.900024,1703.800049,1709.900024
2020-05-11,1702.300049,1704.500000,1690.199951,1695.300049
2020-05-12,1699.300049,1713.099976,1699.300049,1704.400024
2020-05-13,1702.000000,1721.300049,1701.900024,1713.900024
2020-05-14,1724.300049,1743.099976,1720.500000,1738.099976
2020-05-15,1739.699951,1753.400024,1739.699951,1753.400024
2020-05-18,1755.699951,1770.500000,1731.800049,1731.800049
2020-05-19,1744.199951,1749.500000,1744.199951,1744.199951
2020-05-20,1751.599976,1752.099976,1745.599976,1750.599976
2020-05-21,1746.800049,1746.800049,1720.500000,1720.500000
2020-05-22,1726.599976,1734.599976,1726.599976,1734.599976
2020-05-26,1726.400024,1726.400024,1704.800049,1704.800049
2020-05-27,1685.599976,1710.300049,1685.599976,1710.300049
2020-05-28,1709.300049,1727.800049,1705.000000,1713.300049
2020-05-29,1732.699951,1754.500000,1725.300049,1751.699951
2020-06-01,1749.800049,1761.000000,1737.599976,1750.300049
2020-06-02,1750.300049,1757.000000,1728.000000,1734.000000
2020-06-03,1733.699951,1738.900024,1690.300049,1704.800049
2020-06-04,1702.800049,1729.000000,1698.900024,1727.400024
2020-06-05,1720.800049,1723.199951,1671.699951,1683.000000
2020-06-08,1686.699951,1707.599976,1680.699951,1705.099976
2020-06-09,1703.900024,1729.400024,1697.599976,1721.900024
2020-06-10,1718.900024,1749.400024,1714.099976,1720.699951
2020-06-11,1746.599976,1754.900024,1727.500000,1739.800049
2020-06-12,1733.599976,1753.000000,1728.199951,1737.300049
2020-06-15,1740.699951,1743.800049,1706.199951,1727.199951
2020-06-16,1732.300049,1741.300049,1721.800049,1736.500000
2020-06-17,1735.300049,1739.300049,1717.300049,1735.599976
2020-06-18,1735.500000,1749.199951,1722.699951,1731.099976
2020-06-19,1729.800049,1760.900024,1728.300049,1753.000000
2020-06-22,1765.800049,1779.000000,1753.500000,1766.400024
2020-06-23,1764.900024,1786.800049,1758.300049,1782.000000
2020-06-24,1784.400024,1796.099976,1770.599976,1775.099976
2020-06-25,1772.300049,1779.599976,1764.099976,1770.599976
2020-06-26,1774.800049,1786.199951,1754.000000,1780.300049
2020-06-29,1789.199951,1790.400024,1776.500000,1781.199951
2020-06-30,1784.199951,1804.000000,1774.800049,1800.500000
2020-07-01,1798.900024,1807.699951,1767.900024,1779.900024
2020-07-02,1779.000000,1791.699951,1766.300049,1790.000000
2020-07-06,1787.900024,1799.000000,1779.199951,1793.500000
2020-07-07,1793.900024,1810.800049,1781.199951,1809.900024
2020-07-08,1807.900024,1829.800049,1803.800049,1820.599976
2020-07-09,1818.800049,1825.500000,1799.599976,1803.800049
2020-07-10,1808.400024,1817.000000,1796.500000,1801.900024
2020-07-13,1803.400024,1818.800049,1802.099976,1814.099976
2020-07-14,1805.199951,1815.000000,1791.099976,1813.400024
2020-07-15,1811.099976,1819.500000,1804.000000,1813.800049
2020-07-16,1813.099976,1816.199951,1794.099976,1800.300049
2020-07-17,1796.900024,1813.900024,1795.199951,1810.000000
2020-07-20,1812.300049,1823.400024,1806.599976,1817.400024
2020-07-21,1819.599976,1844.900024,1817.199951,1843.900024
2020-07-22,1842.800049,1871.800049,1842.099976,1865.099976
2020-07-23,1871.599976,1897.699951,1863.099976,1890.000000
2020-07-24,1884.900024,1904.599976,1880.500000,1897.500000
2020-07-27,1901.199951,1941.900024,1899.000000,1931.000000
2020-07-28,1937.099976,1974.699951,1900.199951,1944.599976
2020-07-29,1950.599976,1974.900024,1935.199951,1953.400024
2020-07-30,1963.400024,1965.099976,1930.000000,1942.300049
2020-07-31,1948.599976,1981.099976,1948.000000,1962.800049
2020-08-03,1984.300049,1984.300049,1955.500000,1966.000000
2020-08-04,1993.500000,2037.699951,1982.599976,2021.000000
2020-08-05,2037.000000,2070.300049,2027.500000,2049.300049
2020-08-06,2055.000000,2081.800049,2049.000000,2069.399902
2020-08-07,2076.399902,2089.199951,2024.800049,2028.000000
2020-08-10,2044.800049,2060.800049,2027.800049,2039.699951
2020-08-11,2038.400024,2040.500000,1911.300049,1946.300049
2020-08-12,1921.599976,1961.000000,1874.199951,1949.000000
2020-08-13,1927.300049,1974.800049,1923.000000,1970.400024
2020-08-14,1963.800049,1970.000000,1939.099976,1949.800049
2020-08-17,1956.400024,2000.800049,1939.099976,1998.699951
2020-08-18,1993.599976,2024.599976,1985.199951,2013.099976
2020-08-19,2010.500000,2015.599976,1930.500000,1970.300049
2020-08-20,1934.400024,1963.099976,1928.900024,1946.500000
2020-08-21,1955.599976,1963.099976,1916.599976,1947.000000
2020-08-24,1947.900024,1970.300049,1930.800049,1939.199951
2020-08-25,1935.900024,1944.099976,1919.099976,1923.099976
2020-08-26,1939.000000,1963.400024,1908.400024,1952.500000
2020-08-27,1963.000000,1987.000000,1914.699951,1932.599976
2020-08-28,1937.500000,1983.000000,1928.199951,1974.900024
2020-08-31,1973.900024,1985.800049,1962.300049,1978.599976
2020-09-01,1973.699951,2001.199951,1969.199951,1978.900024
2020-09-02,1976.800049,1980.400024,1938.900024,1944.699951
2020-09-03,1948.900024,1956.599976,1927.199951,1937.800049
2020-09-04,1938.000000,1956.599976,1921.599976,1934.300049
2020-09-08,1938.000000,1948.300049,1911.699951,1943.199951
2020-09-09,1939.400024,1959.699951,1926.300049,1954.900024
2020-09-10,1955.300049,1975.199951,1948.599976,1964.300049
2020-09-11,1953.800049,1963.400024,1944.000000,1947.900024
2020-09-14,1948.900024,1972.500000,1945.199951,1963.699951
2020-09-15,1966.199951,1982.400024,1955.599976,1966.199951
2020-09-16,1961.400024,1983.800049,1957.199951,1970.500000
2020-09-17,1967.599976,1969.300049,1938.199951,1949.900024
2020-09-18,1951.099976,1968.199951,1951.099976,1962.099976
2020-09-21,1957.300049,1962.900024,1885.400024,1910.599976
2020-09-22,1918.099976,1925.500000,1898.900024,1907.599976
2020-09-23,1905.099976,1909.900024,1856.000000,1868.400024
2020-09-24,1866.900024,1880.900024,1851.000000,1876.900024
2020-09-25,1872.699951,1879.300049,1854.099976,1866.300049
2020-09-28,1862.699951,1888.199951,1851.099976,1882.300049
2020-09-29,1886.400024,1904.800049,1880.800049,1903.199951
2020-09-30,1903.199951,1908.199951,1885.800049,1895.500000
2020-10-01,1891.199951,1917.900024,1890.000000,1916.300049
2020-10-02,1911.000000,1923.599976,1895.199951,1907.599976
2020-10-05,1910.900024,1924.900024,1891.199951,1920.099976
2020-10-06,1917.800049,1927.000000,1878.199951,1908.800049
2020-10-07,1882.599976,1902.400024,1877.099976,1890.800049
2020-10-08,1890.599976,1905.300049,1885.300049,1895.099976
2020-10-09,1898.400024,1936.800049,1898.000000,1926.199951
2020-10-12,1935.000000,1939.400024,1923.800049,1928.900024
2020-10-13,1927.300049,1930.599976,1889.300049,1894.599976
2020-10-14,1895.400024,1917.500000,1885.000000,1907.300049
2020-10-15,1906.000000,1913.199951,1892.699951,1908.900024
2020-10-16,1912.699951,1918.699951,1901.099976,1906.400024
2020-10-19,1903.199951,1923.400024,1900.199951,1911.699951
2020-10-20,1906.400024,1917.599976,1896.599976,1915.400024
2020-10-21,1911.599976,1936.000000,1911.599976,1929.500000
2020-10-22,1927.400024,1929.400024,1894.199951,1904.599976
2020-10-23,1906.500000,1917.300049,1895.199951,1905.199951
2020-10-26,1906.000000,1911.099976,1892.500000,1905.699951
2020-10-27,1904.400024,1913.800049,1898.699951,1911.900024
2020-10-28,1909.800049,1912.599976,1869.099976,1879.199951
2020-10-29,1877.500000,1885.099976,1859.199951,1868.000000
2020-10-30,1867.900024,1890.900024,1863.300049,1879.900024
2020-11-02,1877.000000,1897.099976,1873.300049,1892.500000
2020-11-03,1896.400024,1912.199951,1887.599976,1910.400024
2020-11-04,1910.300049,1917.900024,1881.800049,1896.199951
2020-11-05,1903.400024,1954.300049,1902.199951,1946.800049
2020-11-06,1950.000000,1961.800049,1937.199951,1951.699951
2020-11-09,1956.000000,1966.099976,1848.000000,1854.400024
2020-11-10,1864.099976,1888.900024,1858.900024,1876.400024
2020-11-11,1876.099976,1882.500000,1853.900024,1861.599976
2020-11-12,1863.900024,1883.000000,1860.699951,1873.300049
2020-11-13,1875.599976,1895.800049,1872.099976,1886.199951
2020-11-16,1886.599976,1898.000000,1861.500000,1887.800049
2020-11-17,1888.199951,1892.699951,1876.300049,1885.099976
2020-11-18,1879.500000,1884.199951,1860.300049,1873.900024
2020-11-19,1872.000000,1872.599976,1850.000000,1861.500000
2020-11-20,1864.800049,1879.199951,1859.099976,1872.400024
2020-11-23,1869.800049,1875.000000,1828.000000,1837.800049
2020-11-24,1835.699951,1836.900024,1797.099976,1804.599976
2020-11-25,1805.199951,1816.300049,1798.599976,1805.500000
2020-11-27,1806.099976,1817.000000,1770.699951,1781.900024
2020-11-30,1785.000000,1787.199951,1762.300049,1775.699951
2020-12-01,1775.000000,1815.900024,1774.900024,1814.099976
2020-12-02,1819.099976,1835.699951,1810.500000,1830.199951
2020-12-03,1833.900024,1847.400024,1826.699951,1841.099976
2020-12-04,1844.699951,1852.699951,1832.000000,1840.000000
2020-12-07,1841.099976,1873.000000,1824.800049,1866.000000
2020-12-08,1866.099976,1879.800049,1863.900024,1874.900024
2020-12-09,1875.400024,1875.900024,1828.199951,1838.500000
2020-12-10,1843.000000,1854.199951,1831.500000,1837.400024
2020-12-11,1840.000000,1851.800049,1826.800049,1843.599976
2020-12-14,1845.000000,1845.599976,1820.000000,1832.099976
2020-12-15,1830.500000,1859.300049,1828.500000,1855.300049
2020-12-16,1857.699951,1870.000000,1848.199951,1859.099976
2020-12-17,1868.400024,1902.000000,1865.900024,1890.400024
2020-12-18,1891.300049,1895.699951,1881.900024,1888.900024
2020-12-21,1892.900024,1912.000000,1859.000000,1882.800049
2020-12-22,1883.000000,1889.400024,1863.699951,1870.300049
2020-12-23,1865.599976,1883.699951,1860.900024,1878.099976
2020-12-24,1877.300049,1887.400024,1873.099976,1883.199951
2020-12-28,1887.000000,1904.099976,1873.000000,1880.400024
2020-12-29,1878.000000,1891.300049,1875.599976,1882.900024
2020-12-30,1881.800049,1899.000000,1879.500000,1893.400024
2020-12-31,1899.000000,1904.900024,1889.099976,1895.099976
2021-01-04,1908.199951,1948.699951,1906.099976,1946.599976
2021-01-05,1946.000000,1957.000000,1938.400024,1954.400024
2021-01-06,1952.800049,1962.500000,1902.599976,1908.599976
2021-01-07,1921.500000,1929.599976,1907.500000,1913.599976
2021-01-08,1915.199951,1918.400024,1827.800049,1835.400024
2021-01-11,1849.400024,1856.000000,1817.099976,1850.800049
2021-01-12,1845.400024,1864.000000,1835.800049,1844.199951
2021-01-13,1855.000000,1863.000000,1841.599976,1854.900024
2021-01-14,1845.599976,1857.599976,1826.599976,1851.400024
2021-01-15,1847.300049,1856.599976,1822.099976,1829.900024
2021-01-19,1828.800049,1845.000000,1800.800049,1840.199951
2021-01-20,1839.900024,1872.000000,1831.099976,1866.500000
2021-01-21,1871.000000,1874.599976,1857.500000,1865.900024
2021-01-22,1870.099976,1870.800049,1836.300049,1856.199951
2021-01-25,1855.300049,1867.400024,1846.199951,1855.199951
2021-01-26,1854.900024,1860.800049,1847.199951,1850.900024
2021-01-27,1849.699951,1851.500000,1828.400024,1844.900024
2021-01-28,1843.400024,1862.900024,1831.500000,1837.900024
2021-01-29,1842.000000,1876.000000,1838.699951,1847.300049
2021-02-01,1865.000000,1876.000000,1851.699951,1863.900024
2021-02-02,1863.599976,1866.300049,1830.400024,1833.400024
2021-02-03,1838.500000,1845.900024,1830.099976,1835.099976
2021-02-04,1834.500000,1835.699951,1784.599976,1791.199951
2021-02-05,1794.300049,1816.000000,1792.199951,1813.000000
2021-02-08,1818.099976,1840.599976,1807.300049,1834.199951
2021-02-09,1832.400024,1849.500000,1830.300049,1837.500000
2021-02-10,1838.300049,1856.599976,1834.000000,1842.699951
2021-02-11,1844.300049,1848.599976,1821.699951,1826.800049
2021-02-12,1825.400024,1831.500000,1810.099976,1823.199951
2021-02-16,1826.000000,1827.099976,1788.099976,1799.000000
2021-02-17,1793.099976,1794.199951,1767.900024,1772.800049
2021-02-18,1776.000000,1788.800049,1766.599976,1775.000000
2021-02-19,1774.599976,1790.900024,1759.000000,1777.400024
2021-02-22,1782.000000,1812.400024,1778.599976,1808.400024
2021-02-23,1809.300049,1815.199951,1794.500000,1805.900024
2021-02-24,1805.000000,1813.000000,1782.199951,1797.900024
2021-02-25,1804.900024,1805.000000,1763.900024,1775.400024
2021-02-26,1770.900024,1773.800049,1714.900024,1728.800049
2021-03-01,1732.800049,1757.400024,1717.199951,1723.000000
2021-03-02,1722.800049,1737.800049,1704.599976,1733.599976
2021-03-03,1736.500000,1739.099976,1699.400024,1715.800049
2021-03-04,1708.400024,1721.599976,1687.599976,1700.699951
2021-03-05,1695.300049,1705.699951,1683.000000,1698.500000
2021-03-08,1701.599976,1712.000000,1673.300049,1678.000000
2021-03-09,1679.300049,1718.699951,1676.699951,1716.900024
2021-03-10,1714.500000,1725.300049,1705.599976,1721.800049
2021-03-11,1725.000000,1738.000000,1716.800049,1722.599976
2021-03-12,1720.500000,1728.000000,1696.599976,1719.800049
2021-03-15,1726.500000,1733.199951,1719.199951,1729.199951
2021-03-16,1730.699951,1740.500000,1724.400024,1730.900024
2021-03-17,1730.000000,1750.599976,1722.000000,1727.099976
2021-03-18,1744.000000,1754.199951,1716.599976,1732.500000
2021-03-19,1733.699951,1746.099976,1727.099976,1741.699951
2021-03-22,1745.599976,1747.000000,1726.400024,1738.099976
2021-03-23,1738.500000,1742.000000,1722.699951,1725.099976
2021-03-24,1725.900024,1737.699951,1722.300049,1733.199951
2021-03-25,1733.199951,1744.800049,1720.300049,1725.099976
2021-03-26,1725.500000,1735.500000,1718.800049,1732.300049
2021-03-29,1731.500000,1732.599976,1703.300049,1712.199951
2021-03-30,1711.000000,1712.599976,1676.500000,1683.900024
2021-03-31,1683.699951,1713.800049,1676.500000,1713.800049
2021-04-01,1709.000000,1732.000000,1706.400024,1728.400024
2021-04-05,1730.000000,1734.400024,1721.599976,1728.800049
2021-04-06,1729.199951,1746.699951,1728.199951,1743.000000
2021-04-07,1744.400024,1745.400024,1731.199951,1741.599976
2021-04-08,1738.599976,1759.400024,1733.599976,1758.199951
2021-04-09,1756.500000,1758.199951,1730.800049,1744.800049
2021-04-12,1744.500000,1746.199951,1727.000000,1732.699951
2021-04-13,1732.199951,1749.500000,1723.199951,1747.599976
2021-04-14,1746.400024,1750.699951,1732.300049,1736.300049
2021-04-15,1736.599976,1770.599976,1734.400024,1766.800049
2021-04-16,1764.800049,1784.699951,1760.300049,1780.199951
2021-04-19,1778.800049,1790.400024,1766.599976,1770.599976
2021-04-20,1770.500000,1780.800049,1763.500000,1778.400024
2021-04-21,1779.099976,1798.400024,1776.599976,1793.099976
2021-04-22,1794.500000,1798.099976,1777.099976,1782.000000
2021-04-23,1784.000000,1796.300049,1769.500000,1777.800049
2021-04-26,1776.099976,1783.099976,1768.199951,1780.099976
2021-04-27,1781.099976,1785.900024,1773.900024,1778.800049
2021-04-28,1776.400024,1782.699951,1761.800049,1773.900024
2021-04-29,1781.900024,1789.900024,1754.599976,1768.300049
2021-04-30,1772.400024,1773.300049,1763.300049,1767.699951
2021-05-03,1768.099976,1798.900024,1765.599976,1791.800049
2021-05-04,1793.199951,1799.500000,1769.199951,1776.000000
2021-05-05,1778.400024,1788.099976,1769.300049,1784.300049
2021-05-06,1787.000000,1818.599976,1781.800049,1815.699951
2021-05-07,1815.400024,1844.599976,1813.400024,1831.300049
2021-05-10,1835.400024,1846.300049,1830.500000,1837.599976
2021-05-11,1836.199951,1842.500000,1817.800049,1836.099976
2021-05-12,1838.199951,1844.699951,1813.000000,1822.800049
2021-05-13,1816.199951,1829.099976,1808.400024,1824.000000
2021-05-14,1826.400024,1847.099976,1819.000000,1838.099976
2021-05-17,1845.900024,1869.300049,1841.099976,1867.599976
2021-05-18,1867.300049,1875.900024,1863.500000,1868.000000
2021-05-19,1870.199951,1891.300049,1852.199951,1881.500000
2021-05-20,1869.900024,1885.300049,1864.199951,1881.900024
2021-05-21,1878.099976,1890.300049,1870.300049,1876.699951
2021-05-24,1883.500000,1887.900024,1875.699951,1884.500000
2021-05-25,1881.199951,1901.199951,1873.199951,1898.000000
2021-05-26,1900.000000,1913.300049,1890.699951,1901.199951
2021-05-27,1896.800049,1903.900024,1888.199951,1895.699951
2021-05-28,1897.500000,1905.400024,1881.900024,1902.500000
2021-06-01,1906.800049,1919.199951,1894.500000,1905.000000
2021-06-02,1903.000000,1911.800049,1896.400024,1909.900024
2021-06-03,1910.500000,1912.300049,1866.699951,1873.300049
2021-06-04,1872.699951,1899.000000,1855.599976,1892.000000
2021-06-07,1894.300049,1902.900024,1883.699951,1898.800049
2021-06-08,1901.599976,1906.900024,1885.699951,1894.400024
2021-06-09,1894.400024,1901.699951,1889.300049,1895.500000
2021-06-10,1891.400024,1903.000000,1871.800049,1896.400024
2021-06-11,1901.900024,1906.199951,1876.099976,1879.599976
2021-06-14,1879.599976,1879.699951,1845.699951,1865.900024
2021-06-15,1867.800049,1870.900024,1853.000000,1856.400024
2021-06-16,1861.000000,1866.000000,1804.400024,1861.400024
2021-06-17,1812.300049,1826.400024,1767.900024,1774.800049
2021-06-18,1773.900024,1797.900024,1761.199951,1769.000000
2021-06-21,1764.300049,1786.900024,1764.099976,1782.900024
2021-06-22,1783.199951,1790.099976,1771.199951,1777.400024
2021-06-23,1779.099976,1795.599976,1773.099976,1783.400024
2021-06-24,1778.199951,1788.599976,1772.699951,1776.699951
2021-06-25,1775.699951,1791.000000,1773.599976,1777.800049
2021-06-28,1782.000000,1786.099976,1770.400024,1780.699951
2021-06-29,1778.800049,1779.199951,1750.099976,1763.599976
2021-06-30,1761.900024,1774.699951,1753.199951,1771.599976
2021-07-01,1770.800049,1783.400024,1765.900024,1776.800049
2021-07-02,1777.500000,1795.900024,1774.400024,1783.300049
2021-07-06,1787.500000,1815.699951,1784.699951,1794.199951
2021-07-07,1797.000000,1810.199951,1794.099976,1802.099976
2021-07-08,1803.800049,1819.500000,1793.500000,1800.199951
2021-07-09,1803.199951,1813.000000,1796.599976,1810.599976
2021-07-12,1808.500000,1811.000000,1791.000000,1805.900024
2021-07-13,1806.699951,1818.000000,1798.699951,1809.900024
2021-07-14,1808.300049,1831.099976,1804.900024,1825.000000
2021-07-15,1828.699951,1835.000000,1820.599976,1829.000000
2021-07-16,1830.699951,1832.699951,1809.500000,1815.000000
2021-07-19,1811.599976,1818.000000,1795.000000,1809.199951
2021-07-20,1813.500000,1825.900024,1805.199951,1811.400024
2021-07-21,1810.599976,1814.400024,1794.300049,1803.400024
2021-07-22,1803.900024,1808.400024,1791.900024,1805.400024
2021-07-23,1807.699951,1810.699951,1789.099976,1801.800049
2021-07-26,1802.300049,1812.000000,1796.000000,1799.199951
2021-07-27,1797.099976,1805.400024,1792.800049,1799.800049
2021-07-28,1798.599976,1809.000000,1790.699951,1799.699951
2021-07-29,1806.599976,1832.599976,1806.099976,1831.199951
2021-07-30,1828.000000,1830.500000,1808.900024,1812.599976
2021-08-02,1817.000000,1823.199951,1808.199951,1822.199951
2021-08-03,1816.800049,1818.199951,1809.500000,1814.099976
2021-08-04,1813.699951,1835.900024,1808.300049,1814.500000
2021-08-05,1814.900024,1817.900024,1799.699951,1808.900024
2021-08-06,1806.699951,1807.000000,1759.500000,1763.099976
2021-08-09,1765.000000,1765.699951,1677.900024,1726.500000
2021-08-10,1732.000000,1739.400024,1718.500000,1731.699951
2021-08-11,1730.400024,1756.699951,1724.599976,1753.300049
2021-08-12,1752.900024,1759.599976,1742.599976,1751.800049
2021-08-13,1754.400024,1781.900024,1753.000000,1778.199951
2021-08-16,1780.699951,1791.300049,1772.000000,1789.800049
2021-08-17,1789.099976,1797.599976,1782.099976,1787.800049
2021-08-18,1787.800049,1795.699951,1778.800049,1784.400024
2021-08-19,1789.500000,1795.000000,1774.599976,1783.099976
2021-08-20,1782.800049,1791.000000,1780.000000,1784.000000
2021-08-23,1781.199951,1809.099976,1778.000000,1806.300049
2021-08-24,1807.599976,1812.199951,1802.599976,1808.500000
2021-08-25,1805.099976,1805.300049,1784.000000,1791.000000
2021-08-26,1793.000000,1800.400024,1781.300049,1795.199951
2021-08-27,1795.199951,1821.900024,1785.199951,1819.500000
2021-08-30,1821.599976,1826.500000,1810.000000,1812.199951
2021-08-31,1812.199951,1821.900024,1803.400024,1818.099976
2021-09-01,1816.699951,1822.699951,1810.599976,1816.000000
2021-09-02,1816.199951,1819.599976,1806.500000,1811.500000
2021-09-03,1811.500000,1836.900024,1810.900024,1833.699951
2021-09-07,1833.500000,1833.500000,1793.699951,1798.500000
2021-09-08,1796.099976,1804.400024,1783.099976,1793.500000
2021-09-09,1790.900024,1803.400024,1785.099976,1800.000000
2021-09-10,1796.199951,1806.000000,1788.199951,1792.099976
2021-09-13,1789.800049,1800.199951,1784.400024,1794.400024
2021-09-14,1794.800049,1810.599976,1780.599976,1807.099976
2021-09-15,1806.599976,1808.500000,1791.699951,1794.800049
2021-09-16,1795.500000,1797.300049,1745.500000,1756.699951
2021-09-17,1754.599976,1767.800049,1747.099976,1751.400024
2021-09-20,1754.199951,1768.400024,1742.300049,1763.800049
2021-09-21,1765.500000,1782.800049,1758.300049,1778.199951
2021-09-22,1775.000000,1788.400024,1764.599976,1778.800049
2021-09-23,1769.199951,1777.099976,1737.500000,1749.800049
2021-09-24,1743.699951,1758.000000,1740.199951,1751.699951
2021-09-27,1751.800049,1760.900024,1744.699951,1752.000000
2021-09-28,1750.000000,1754.300049,1727.800049,1737.500000
2021-09-29,1734.000000,1746.000000,1721.099976,1722.900024
2021-09-30,1726.000000,1765.000000,1721.800049,1757.000000
2021-10-01,1757.199951,1765.199951,1749.900024,1758.400024
2021-10-04,1762.599976,1771.500000,1747.699951,1767.599976
2021-10-05,1770.800049,1771.099976,1748.599976,1760.900024
2021-10-06,1760.500000,1765.900024,1745.400024,1761.800049
2021-10-07,1763.800049,1767.699951,1752.000000,1759.199951
2021-10-08,1757.000000,1782.400024,1753.599976,1757.400024
2021-10-11,1757.400024,1761.099976,1749.900024,1755.699951
2021-10-12,1753.599976,1770.000000,1750.500000,1759.300049
2021-10-13,1760.400024,1797.400024,1757.900024,1794.699951
2021-10-14,1793.599976,1801.900024,1787.599976,1797.900024
2021-10-15,1797.300049,1797.699951,1765.099976,1768.300049
2021-10-18,1767.500000,1772.500000,1760.300049,1765.699951
2021-10-19,1764.800049,1786.000000,1763.400024,1770.500000
2021-10-20,1769.400024,1789.599976,1767.099976,1784.900024
2021-10-21,1782.500000,1790.300049,1776.800049,1781.900024
2021-10-22,1783.699951,1815.500000,1783.400024,1796.300049
2021-10-25,1794.199951,1811.500000,1793.000000,1806.800049
2021-10-26,1808.699951,1809.800049,1783.000000,1793.400024
2021-10-27,1795.000000,1801.000000,1784.300049,1798.800049
2021-10-28,1798.699951,1812.699951,1793.099976,1802.599976
2021-10-29,1801.500000,1802.900024,1772.400024,1783.900024
2021-11-01,1785.300049,1797.500000,1780.199951,1795.800049
2021-11-02,1794.800049,1797.800049,1787.400024,1789.400024
2021-11-03,1789.199951,1789.300049,1758.500000,1763.900024
2021-11-04,1769.900024,1800.300049,1769.300049,1793.500000
2021-11-05,1792.599976,1820.099976,1785.300049,1816.800049
2021-11-08,1820.599976,1828.300049,1813.800049,1828.000000
2021-11-09,1826.900024,1834.800049,1821.000000,1830.800049
2021-11-10,1834.500000,1870.599976,1823.000000,1848.300049
2021-11-11,1851.500000,1868.699951,1845.099976,1863.900024
2021-11-12,1864.300049,1871.400024,1847.500000,1868.500000
2021-11-15,1872.599976,1873.000000,1858.500000,1866.599976
2021-11-16,1864.900024,1879.500000,1851.000000,1854.099976
2021-11-17,1851.599976,1870.599976,1851.099976,1870.199951
2021-11-18,1869.500000,1873.300049,1856.599976,1861.400024
2021-11-19,1860.800049,1868.099976,1844.199951,1851.599976
2021-11-22,1848.300049,1850.400024,1802.400024,1806.300049
2021-11-23,1807.099976,1812.500000,1781.699951,1783.800049
2021-11-24,1789.800049,1796.199951,1777.400024,1784.300049
2021-11-26,1789.599976,1816.300049,1778.599976,1785.500000
2021-11-29,1791.699951,1798.900024,1779.099976,1782.300049
2021-11-30,1783.900024,1808.099976,1768.699951,1773.599976
2021-12-01,1777.400024,1795.699951,1773.699951,1784.300049
2021-12-02,1783.800049,1785.199951,1762.199951,1762.699951
2021-12-03,1769.400024,1788.000000,1766.000000,1783.900024
2021-12-06,1787.699951,1789.000000,1776.400024,1779.500000
2021-12-07,1779.500000,1789.300049,1772.400024,1784.699951
2021-12-08,1785.099976,1794.300049,1780.099976,1785.500000
2021-12-09,1784.300049,1788.400024,1773.300049,1776.699951
2021-12-10,1776.300049,1791.000000,1770.400024,1784.800049
2021-12-13,1784.199951,1792.800049,1782.199951,1788.300049
2021-12-14,1787.599976,1789.800049,1766.099976,1772.300049
2021-12-15,1771.900024,1781.300049,1753.000000,1764.500000
2021-12-16,1777.900024,1800.699951,1775.699951,1798.199951
2021-12-17,1801.500000,1815.699951,1796.500000,1804.900024
2021-12-20,1800.199951,1804.599976,1789.000000,1794.599976
2021-12-21,1791.400024,1801.699951,1785.000000,1788.699951
2021-12-22,1789.400024,1806.300049,1785.800049,1802.199951
2021-12-23,1805.599976,1812.000000,1799.000000,1811.699951
2021-12-27,1810.199951,1814.599976,1803.599976,1808.800049
2021-12-28,1812.099976,1821.599976,1805.500000,1810.900024
2021-12-29,1806.599976,1808.000000,1789.099976,1805.800049
2021-12-30,1805.599976,1818.099976,1796.199951,1814.099976
2021-12-31,1817.000000,1831.400024,1815.400024,1828.599976
2022-01-03,1830.099976,1833.000000,1798.199951,1800.099976
2022-01-04,1801.099976,1817.199951,1798.099976,1814.599976
2022-01-05,1815.199951,1830.699951,1808.199951,1825.099976
2022-01-06,1810.599976,1811.599976,1785.400024,1789.199951
2022-01-07,1791.000000,1798.400024,1781.300049,1797.400024
2022-01-10,1796.400024,1802.000000,1789.300049,1798.800049
2022-01-11,1801.300049,1823.099976,1799.699951,1818.500000
2022-01-12,1821.300049,1828.199951,1814.400024,1827.300049
2022-01-13,1825.699951,1828.300049,1811.800049,1821.400024
2022-01-14,1822.099976,1829.300049,1814.199951,1816.500000
2022-01-18,1818.699951,1822.900024,1804.699951,1812.400024
2022-01-19,1812.900024,1843.900024,1809.000000,1843.199951
2022-01-20,1840.099976,1848.500000,1836.199951,1842.599976
2022-01-21,1840.599976,1843.699951,1828.400024,1831.800049
2022-01-24,1835.199951,1844.900024,1829.300049,1841.699951
2022-01-25,1843.599976,1854.199951,1834.400024,1852.500000
2022-01-26,1848.000000,1850.199951,1814.099976,1829.699951
2022-01-27,1819.000000,1821.400024,1790.599976,1793.099976
2022-01-28,1797.500000,1798.400024,1778.800049,1784.900024
2022-01-31,1788.500000,1798.500000,1785.099976,1795.000000
2022-02-01,1798.900024,1809.699951,1796.199951,1801.500000
2022-02-02,1800.800049,1812.000000,1794.599976,1810.300049
2022-02-03,1807.400024,1809.500000,1788.500000,1804.099976
2022-02-04,1805.400024,1815.800049,1792.099976,1807.800049
2022-02-07,1808.000000,1824.599976,1807.500000,1821.800049
2022-02-08,1821.500000,1829.900024,1816.000000,1827.900024
2022-02-09,1827.000000,1837.099976,1825.500000,1836.599976
2022-02-10,1834.000000,1843.300049,1821.800049,1837.400024
2022-02-11,1827.000000,1867.400024,1821.099976,1842.099976
2022-02-14,1862.199951,1876.500000,1851.900024,1869.400024
2022-02-15,1873.800049,1881.599976,1845.400024,1856.199951
2022-02-16,1855.500000,1874.599976,1851.800049,1871.500000
2022-02-17,1872.000000,1904.000000,1869.699951,1902.000000
2022-02-18,1901.400024,1905.000000,1888.000000,1899.800049
2022-02-22,1903.500000,1918.300049,1889.699951,1907.400024
2022-02-23,1901.199951,1912.900024,1891.099976,1910.400024
2022-02-24,1911.900024,1976.500000,1878.599976,1926.300049
2022-02-25,1906.500000,1925.000000,1884.400024,1887.599976
2022-02-28,1921.000000,1935.199951,1892.199951,1900.699951
2022-03-01,1908.400024,1952.599976,1903.000000,1943.800049
2022-03-02,1945.300049,1951.400024,1916.000000,1922.300049
2022-03-03,1931.699951,1944.599976,1923.099976,1935.900024
2022-03-04,1938.500000,1974.900024,1931.500000,1966.599976
2022-03-07,1978.500000,2007.500000,1964.199951,1995.900024
2022-03-08,2001.000000,2078.800049,1985.800049,2043.300049
2022-03-09,2060.199951,2068.500000,1981.000000,1988.199951
2022-03-10,1992.800049,2015.099976,1975.000000,2000.400024
2022-03-11,2000.300049,2004.000000,1960.599976,1985.000000
2022-03-14,1988.699951,1994.800049,1952.000000,1960.800049
2022-03-15,1953.699951,1956.900024,1908.099976,1929.699951
2022-03-16,1920.099976,1930.099976,1895.199951,1909.199951
2022-03-17,1928.400024,1951.000000,1924.000000,1943.199951
2022-03-18,1943.900024,1946.199951,1918.000000,1929.300049
2022-03-21,1922.400024,1941.800049,1917.199951,1929.500000
2022-03-22,1936.099976,1939.500000,1909.800049,1921.500000
2022-03-23,1920.900024,1948.800049,1915.599976,1937.300049
2022-03-24,1944.099976,1967.199951,1937.400024,1962.199951
2022-03-25,1957.800049,1965.099976,1942.599976,1954.199951
2022-03-28,1958.699951,1959.800049,1915.699951,1939.800049
2022-03-29,1922.400024,1929.400024,1888.300049,1912.199951
2022-03-30,1918.400024,1937.000000,1914.500000,1933.500000
2022-03-31,1933.500000,1949.900024,1919.099976,1949.199951
2022-04-01,1942.400024,1944.500000,1921.400024,1923.699951
2022-04-04,1927.099976,1941.599976,1918.199951,1934.000000
2022-04-05,1937.300049,1948.900024,1920.900024,1927.500000
2022-04-06,1927.599976,1937.599976,1916.199951,1923.099976
2022-04-07,1928.099976,1941.699951,1923.300049,1937.800049
2022-04-08,1934.300049,1952.199951,1930.400024,1945.599976
2022-04-11,1949.599976,1974.599976,1942.900024,1948.199951
2022-04-12,1957.400024,1982.699951,1953.000000,1976.099976
2022-04-13,1970.500000,1985.800049,1966.300049,1984.699951
2022-04-14,1981.599976,1984.000000,1962.699951,1974.900024
2022-04-18,1978.500000,2003.000000,1974.400024,1986.400024
2022-04-19,1981.199951,1985.099976,1945.500000,1959.000000
2022-04-20,1952.699951,1960.900024,1941.000000,1955.599976
2022-04-21,1960.000000,1960.099976,1938.000000,1948.199951
2022-04-22,1953.099976,1957.800049,1928.000000,1934.300049
2022-04-25,1931.900024,1935.500000,1891.800049,1896.000000
2022-04-26,1899.800049,1912.199951,1896.300049,1904.099976
2022-04-27,1907.400024,1908.099976,1881.599976,1888.699951
2022-04-28,1886.800049,1897.800049,1870.900024,1891.300049
2022-04-29,1895.800049,1921.300049,1893.500000,1911.699951
2022-05-02,1896.199951,1900.400024,1853.400024,1863.599976
2022-05-03,1863.599976,1878.400024,1849.699951,1870.599976
2022-05-04,1868.300049,1892.000000,1861.099976,1868.800049
2022-05-05,1884.099976,1910.699951,1872.300049,1875.699951
2022-05-06,1877.500000,1894.000000,1865.000000,1882.800049
2022-05-09,1883.699951,1885.599976,1851.000000,1858.599976
2022-05-10,1853.900024,1864.699951,1834.500000,1841.000000
2022-05-11,1836.599976,1857.800049,1830.599976,1853.699951
2022-05-12,1852.300049,1858.800049,1820.099976,1824.599976
2022-05-13,1821.400024,1827.599976,1797.199951,1808.199951
2022-05-16,1809.400024,1826.000000,1785.000000,1814.000000
2022-05-17,1823.900024,1834.800049,1811.000000,1818.900024
2022-05-18,1813.199951,1822.900024,1805.000000,1815.900024
2022-05-19,1815.099976,1848.199951,1808.400024,1841.199951
2022-05-20,1839.599976,1847.800049,1830.599976,1842.099976
2022-05-23,1844.400024,1864.300049,1843.300049,1847.800049
2022-05-24,1852.300049,1869.099976,1847.599976,1865.400024
2022-05-25,1865.400024,1866.699951,1838.699951,1846.300049
2022-05-26,1851.800049,1852.800049,1836.300049,1847.599976
2022-05-27,1848.300049,1860.699951,1845.900024,1851.300049
2022-05-31,1850.300049,1862.099976,1832.800049,1842.699951
2022-06-01,1840.000000,1853.000000,1830.199951,1848.699951
2022-06-02,1849.900024,1874.400024,1846.500000,1871.400024
2022-06-03,1872.599976,1878.599976,1849.699951,1850.199951
2022-06-06,1853.699951,1861.199951,1843.000000,1843.699951
2022-06-07,1843.500000,1858.199951,1838.500000,1852.099976
2022-06-08,1855.000000,1862.400024,1846.599976,1856.500000
2022-06-09,1855.099976,1857.800049,1841.900024,1852.800049
2022-06-10,1850.400024,1879.599976,1826.500000,1875.500000
2022-06-13,1879.000000,1882.500000,1819.000000,1831.800049
2022-06-14,1820.900024,1833.300049,1806.099976,1813.500000
2022-06-15,1809.699951,1845.400024,1808.400024,1819.599976
2022-06-16,1835.800049,1860.199951,1816.300049,1849.900024
2022-06-17,1859.300049,1861.500000,1836.099976,1840.599976
2022-06-21,1840.599976,1848.400024,1830.699951,1838.800049
2022-06-22,1834.900024,1850.300049,1824.500000,1838.400024
2022-06-23,1839.699951,1848.900024,1823.500000,1829.800049
2022-06-24,1824.199951,1833.699951,1817.699951,1830.300049
2022-06-27,1839.599976,1842.800049,1821.800049,1824.800049
2022-06-28,1823.599976,1830.900024,1819.099976,1821.199951
2022-06-29,1821.400024,1834.900024,1810.699951,1817.500000
2022-06-30,1819.199951,1826.800049,1802.500000,1807.300049
2022-07-01,1808.099976,1813.599976,1783.400024,1801.500000
2022-07-05,1814.400024,1815.199951,1763.000000,1763.900024
2022-07-06,1764.199951,1771.500000,1730.699951,1736.500000
2022-07-07,1737.199951,1748.199951,1734.699951,1739.699951
2022-07-08,1738.699951,1751.699951,1726.000000,1742.300049
2022-07-11,1741.500000,1743.000000,1729.000000,1731.699951
2022-07-12,1731.300049,1742.199951,1721.599976,1724.800049
2022-07-13,1723.599976,1744.300049,1704.500000,1735.500000
2022-07-14,1733.599976,1734.800049,1695.000000,1705.800049
2022-07-15,1708.199951,1714.199951,1696.599976,1703.599976
2022-07-18,1706.400024,1722.000000,1704.400024,1710.199951
2022-07-19,1707.199951,1716.500000,1702.599976,1710.699951
2022-07-20,1709.500000,1712.699951,1690.099976,1700.199951
2022-07-21,1693.699951,1719.500000,1678.400024,1713.400024
2022-07-22,1717.199951,1738.300049,1711.699951,1727.400024
2022-07-25,1726.300049,1734.599976,1712.900024,1719.099976
2022-07-26,1717.900024,1726.400024,1711.500000,1717.699951
2022-07-27,1715.199951,1739.599976,1709.099976,1719.099976
2022-07-28,1732.300049,1755.000000,1732.000000,1750.300049
2022-07-29,1754.000000,1765.699951,1750.000000,1762.900024
2022-08-01,1782.500000,1792.500000,1774.300049,1787.699951
2022-08-02,1789.199951,1805.000000,1776.000000,1789.699951
2022-08-03,1777.300049,1789.400024,1770.000000,1776.400024
2022-08-04,1782.099976,1812.000000,1779.400024,1806.900024
2022-08-05,1807.699951,1811.599976,1780.199951,1791.199951
2022-08-08,1790.300049,1806.400024,1786.900024,1805.199951
2022-08-09,1805.500000,1817.000000,1799.400024,1812.300049
2022-08-10,1811.500000,1824.599976,1803.300049,1813.699951
2022-08-11,1807.900024,1814.900024,1798.599976,1807.199951
2022-08-12,1805.199951,1819.099976,1799.599976,1815.500000
2022-08-15,1818.900024,1818.900024,1787.599976,1798.099976
2022-08-16,1795.500000,1798.000000,1785.400024,1789.699951
2022-08-17,1790.800049,1796.599976,1773.900024,1776.699951
2022-08-18,1777.099976,1786.300049,1768.800049,1771.199951
2022-08-19,1773.099976,1773.300049,1759.099976,1762.900024
2022-08-22,1760.599976,1762.099976,1740.199951,1748.400024
2022-08-23,1750.000000,1767.500000,1743.099976,1761.199951
2022-08-24,1761.300049,1769.500000,1754.800049,1761.500000
2022-08-25,1764.400024,1778.800049,1763.000000,1771.400024
2022-08-26,1771.800049,1772.300049,1746.199951,1749.800049
2022-08-29,1748.400024,1757.900024,1731.400024,1749.699951
2022-08-30,1749.800049,1752.800049,1732.900024,1736.300049
2022-08-31,1735.500000,1738.000000,1720.599976,1726.199951
2022-09-01,1723.000000,1723.000000,1699.099976,1709.300049
2022-09-02,1707.800049,1729.500000,1705.900024,1722.599976
2022-09-06,1724.199951,1737.400024,1710.599976,1712.900024
2022-09-07,1712.900024,1731.199951,1701.699951,1727.800049
2022-09-08,1729.500000,1739.400024,1713.699951,1720.199951
2022-09-09,1719.599976,1740.500000,1719.400024,1728.599976
2022-09-12,1728.400024,1746.400024,1722.300049,1740.599976
2022-09-13,1736.000000,1742.900024,1706.699951,1717.400024
2022-09-14,1711.599976,1717.300049,1703.300049,1709.099976
2022-09-15,1707.199951,1707.800049,1668.900024,1677.300049
2022-09-16,1673.699951,1689.900024,1661.900024,1683.500000
2022-09-19,1685.400024,1688.800049,1667.599976,1678.199951
2022-09-20,1684.900024,1688.800049,1668.099976,1671.099976
2022-09-21,1673.199951,1696.900024,1661.300049,1675.699951
2022-09-22,1682.800049,1693.500000,1663.300049,1681.099976
2022-09-23,1680.099976,1685.000000,1646.599976,1655.599976
2022-09-26,1651.000000,1657.199951,1627.699951,1633.400024
2022-09-27,1629.199951,1650.099976,1628.699951,1636.199951
2022-09-28,1636.500000,1671.599976,1622.199951,1670.000000
2022-09-29,1669.000000,1673.099976,1649.300049,1668.599976
2022-09-30,1669.500000,1684.400024,1667.500000,1672.000000
2022-10-03,1670.500000,1710.400024,1666.500000,1702.000000
2022-10-04,1708.400024,1738.699951,1704.000000,1730.500000
2022-10-05,1734.400024,1736.599976,1708.800049,1720.800049
2022-10-06,1725.500000,1734.199951,1714.800049,1720.800049
2022-10-07,1721.000000,1722.800049,1698.400024,1709.300049
2022-10-10,1703.400024,1707.400024,1672.500000,1675.199951
2022-10-11,1675.599976,1691.300049,1667.500000,1686.000000
2022-10-12,1673.400024,1685.099976,1668.000000,1677.500000
2022-10-13,1680.199951,1688.900024,1648.300049,1677.000000
2022-10-14,1672.800049,1677.800049,1645.599976,1648.900024
2022-10-17,1649.900024,1674.300049,1649.099976,1664.000000
2022-10-18,1655.900024,1666.000000,1650.599976,1655.800049
2022-10-19,1657.199951,1659.800049,1632.199951,1634.199951
2022-10-20,1634.599976,1650.300049,1626.300049,1636.800049
2022-10-21,1632.400024,1663.099976,1621.099976,1656.300049
2022-10-24,1662.900024,1675.500000,1648.000000,1654.099976
2022-10-25,1654.500000,1666.800049,1641.199951,1658.000000
2022-10-26,1657.699951,1679.400024,1653.800049,1669.199951
2022-10-27,1668.800049,1674.800049,1658.500000,1665.599976
2022-10-28,1667.199951,1670.900024,1640.699951,1644.800049
2022-10-31,1647.199951,1648.500000,1634.500000,1640.699951
2022-11-01,1636.099976,1660.300049,1633.599976,1649.699951
2022-11-02,1651.400024,1673.099976,1637.400024,1650.000000
2022-11-03,1639.099976,1643.199951,1618.300049,1630.900024
2022-11-04,1631.699951,1686.400024,1631.099976,1676.599976
2022-11-07,1678.599976,1685.599976,1670.000000,1680.500000
2022-11-08,1678.000000,1720.400024,1667.099976,1716.000000
2022-11-09,1715.199951,1725.800049,1705.099976,1713.699951
2022-11-10,1709.699951,1760.599976,1705.500000,1753.699951
2022-11-11,1758.300049,1775.599976,1750.300049,1769.400024
2022-11-14,1769.400024,1778.400024,1755.800049,1776.900024
2022-11-15,1774.000000,1791.800049,1770.199951,1776.800049
2022-11-16,1782.000000,1788.199951,1773.400024,1775.800049
2022-11-17,1777.000000,1777.599976,1756.599976,1763.000000
2022-11-18,1763.099976,1769.900024,1749.199951,1754.400024
2022-11-21,1752.000000,1755.000000,1733.900024,1739.599976
2022-11-22,1739.699951,1751.000000,1737.599976,1739.900024
2022-11-23,1740.800049,1754.900024,1719.000000,1745.599976
2022-11-25,1751.000000,1761.199951,1745.900024,1754.000000
2022-11-28,1755.000000,1763.500000,1738.199951,1740.300049
2022-11-29,1739.500000,1758.199951,1737.900024,1748.400024
2022-11-30,1748.099976,1769.400024,1745.099976,1746.000000
2022-12-01,1783.099976,1818.400024,1782.900024,1815.199951
2022-12-02,1817.000000,1818.699951,1791.800049,1809.599976
2022-12-05,1810.500000,1822.900024,1778.099976,1781.300049
2022-12-06,1780.800049,1793.199951,1779.099976,1782.400024
2022-12-07,1783.300049,1803.199951,1780.500000,1798.000000
2022-12-08,1799.500000,1806.900024,1793.199951,1801.500000
2022-12-09,1801.900024,1819.000000,1800.099976,1810.699951
2022-12-12,1808.000000,1809.300049,1789.000000,1792.300049
2022-12-13,1792.300049,1836.900024,1791.800049,1825.500000
2022-12-14,1822.599976,1825.400024,1806.199951,1818.699951
2022-12-15,1818.699951,1819.699951,1782.000000,1787.800049
2022-12-16,1786.900024,1804.199951,1783.900024,1800.199951
2022-12-19,1801.599976,1808.599976,1793.199951,1797.699951
2022-12-20,1796.800049,1832.400024,1793.699951,1825.400024
2022-12-21,1827.900024,1833.800049,1821.300049,1825.400024
2022-12-22,1823.800049,1829.300049,1792.699951,1795.300049
2022-12-23,1801.000000,1812.199951,1798.900024,1804.199951
2022-12-27,1808.199951,1841.900024,1808.000000,1823.099976
2022-12-28,1822.400024,1822.800049,1804.199951,1815.800049
2022-12-29,1812.300049,1827.300049,1811.199951,1826.000000
2022-12-30,1821.800049,1832.400024,1819.800049,1826.199951
2023-01-03,1831.800049,1856.599976,1831.300049,1846.099976
2023-01-04,1845.199951,1871.300049,1842.000000,1859.000000
2023-01-05,1861.199951,1864.300049,1829.900024,1840.599976
2023-01-06,1835.900024,1875.199951,1835.199951,1869.699951
2023-01-09,1872.800049,1886.400024,1869.300049,1877.800049
2023-01-10,1875.699951,1885.199951,1872.000000,1876.500000
2023-01-11,1881.300049,1890.900024,1870.900024,1878.900024
2023-01-12,1879.699951,1906.500000,1872.400024,1898.800049
2023-01-13,1898.800049,1925.300049,1895.099976,1921.699951
2023-01-17,1923.800049,1931.800049,1906.199951,1909.900024
2023-01-18,1911.099976,1929.800049,1898.599976,1907.000000
2023-01-19,1907.000000,1936.900024,1902.000000,1923.900024
2023-01-20,1933.699951,1939.000000,1922.000000,1928.199951
2023-01-23,1928.400024,1936.699951,1912.500000,1928.599976
2023-01-24,1932.000000,1943.800049,1918.199951,1935.400024
2023-01-25,1938.699951,1949.500000,1920.599976,1942.599976
2023-01-26,1948.000000,1949.800049,1918.400024,1930.000000
2023-01-27,1929.300049,1935.400024,1916.500000,1929.400024
2023-01-30,1928.300049,1933.599976,1920.300049,1922.900024
2023-01-31,1923.000000,1930.400024,1900.599976,1929.500000
2023-02-01,1944.000000,1970.800049,1936.099976,1942.800049
2023-02-02,1967.099976,1975.199951,1925.599976,1930.800049
2023-02-03,1926.300049,1932.400024,1874.500000,1876.599976
2023-02-06,1878.000000,1894.000000,1873.199951,1879.500000
2023-02-07,1880.300049,1897.199951,1877.500000,1884.800049
2023-02-08,1885.099976,1898.900024,1881.400024,1890.699951
2023-02-09,1888.300049,1902.300049,1870.199951,1878.500000
2023-02-10,1873.500000,1883.500000,1863.500000,1874.500000
2023-02-13,1876.699951,1877.199951,1860.800049,1863.500000
2023-02-14,1864.099976,1881.599976,1852.500000,1865.400024
2023-02-15,1865.099976,1870.900024,1839.300049,1845.300049
2023-02-16,1846.500000,1854.900024,1836.599976,1851.800049
2023-02-17,1845.699951,1853.099976,1827.699951,1850.199951
2023-02-21,1850.500000,1856.400024,1839.000000,1842.500000
2023-02-22,1843.699951,1855.000000,1831.900024,1841.500000
2023-02-23,1834.699951,1841.199951,1824.800049,1826.800049
2023-02-24,1829.699951,1835.099976,1815.500000,1817.099976
2023-02-27,1818.000000,1827.300049,1812.000000,1824.900024
2023-02-28,1823.900024,1838.599976,1810.800049,1836.699951
2023-03-01,1834.000000,1852.500000,1829.599976,1845.400024
2023-03-02,1843.800049,1845.300049,1835.900024,1840.500000
2023-03-03,1842.099976,1864.400024,1842.000000,1854.599976
2023-03-06,1861.000000,1864.300049,1850.599976,1854.599976
2023-03-07,1852.599976,1856.900024,1817.099976,1820.000000
2023-03-08,1818.000000,1828.699951,1813.400024,1818.599976
2023-03-09,1818.000000,1839.400024,1815.400024,1834.599976
2023-03-10,1835.099976,1874.300049,1830.000000,1867.199951
2023-03-13,1877.099976,1919.500000,1875.699951,1916.500000
2023-03-14,1919.400024,1919.400024,1899.800049,1910.900024
2023-03-15,1908.199951,1942.500000,1889.500000,1931.300049
2023-03-16,1922.800049,1938.000000,1911.500000,1923.000000
2023-03-17,1925.900024,1993.699951,1922.300049,1973.500000
2023-03-20,1989.699951,2014.900024,1970.000000,1982.800049
2023-03-21,1983.099976,1988.699951,1938.599976,1941.099976
2023-03-22,1943.500000,1982.300049,1936.500000,1949.599976
2023-03-23,1974.000000,2006.099976,1967.300049,1995.900024
2023-03-24,1996.099976,2006.500000,1977.699951,1983.800049
2023-03-27,1982.599976,1984.000000,1945.000000,1953.800049
2023-03-28,1957.800049,1977.099976,1949.900024,1973.500000
2023-03-29,1975.400024,1976.000000,1959.500000,1966.900024
2023-03-30,1965.900024,1984.400024,1954.900024,1980.300049
2023-03-31,1981.300049,1986.800049,1968.000000,1969.000000
2023-04-03,1990.000000,2008.000000,1965.900024,2000.400024
2023-04-04,2001.300049,2043.400024,1994.000000,2038.199951
2023-04-05,2038.199951,2049.199951,2026.099976,2035.599976
2023-04-06,2037.099976,2037.699951,2016.500000,2026.400024
2023-04-10,2008.599976,2021.500000,1996.500000,2003.800049
2023-04-11,2007.000000,2022.500000,2003.699951,2019.000000
2023-04-12,2019.099976,2043.900024,2015.699951,2024.900024
2023-04-13,2029.500000,2063.399902,2028.300049,2055.300049
2023-04-14,2054.699951,2061.600098,2006.000000,2015.800049
2023-04-17,2014.099976,2028.000000,1993.400024,2007.000000
2023-04-18,2007.900024,2024.599976,2003.300049,2019.699951
2023-04-19,2017.900024,2020.300049,1980.900024,2007.300049
2023-04-20,2007.699951,2024.199951,2002.199951,2019.099976
2023-04-21,2016.099976,2016.800049,1982.300049,1990.500000
2023-04-24,1992.000000,2001.500000,1984.400024,1999.800049
2023-04-25,1999.400024,2014.500000,1986.199951,2004.500000
2023-04-26,2007.699951,2020.199951,1993.699951,1996.000000
2023-04-27,1999.800049,2013.300049,1982.000000,1999.000000
2023-04-28,1997.199951,2004.099976,1984.400024,1999.099976
2023-05-01,2000.199951,2015.400024,1985.699951,1992.199951
2023-05-02,1990.500000,2028.800049,1986.900024,2023.300049
2023-05-03,2026.400024,2050.000000,2016.000000,2037.000000
2023-05-04,2054.699951,2085.399902,2038.500000,2055.699951
2023-05-05,2058.000000,2061.300049,2007.000000,2024.800049
2023-05-08,2024.599976,2037.099976,2022.000000,2033.199951
2023-05-09,2028.400024,2045.099976,2026.400024,2042.900024
2023-05-10,2041.599976,2056.000000,2028.300049,2037.099976
2023-05-11,2036.800049,2047.599976,2016.699951,2020.500000
2023-05-12,2020.500000,2027.800049,2005.699951,2019.800049
2023-05-15,2013.400024,2027.500000,2011.199951,2022.699951
2023-05-16,2021.300049,2022.699951,1989.099976,1993.000000
2023-05-17,1993.000000,1997.000000,1978.099976,1984.900024
2023-05-18,1985.599976,1988.800049,1954.400024,1959.800049
2023-05-19,1960.500000,1987.400024,1956.300049,1981.599976
2023-05-22,1979.400024,1984.800049,1970.699951,1977.199951
2023-05-23,1973.900024,1980.000000,1955.800049,1974.500000
2023-05-24,1977.300049,1987.900024,1958.400024,1964.599976
2023-05-25,1959.500000,1965.400024,1939.000000,1943.699951
2023-05-26,1941.699951,1957.099976,1936.000000,1944.300049
2023-05-30,1942.699951,1962.599976,1931.000000,1958.000000
2023-05-31,1958.199951,1973.000000,1953.000000,1963.900024
2023-06-01,1981.300049,2000.699951,1970.099976,1995.500000
2023-06-02,1994.599976,2000.500000,1963.699951,1969.599976
2023-06-05,1962.300049,1980.400024,1953.800049,1974.300049
2023-06-06,1978.000000,1982.900024,1970.300049,1981.500000
2023-06-07,1980.000000,1986.500000,1955.400024,1958.400024
2023-06-08,1956.199951,1985.699951,1955.199951,1978.599976
2023-06-09,1980.500000,1987.800049,1971.000000,1977.199951
2023-06-12,1975.599976,1981.400024,1963.099976,1969.699951
2023-06-13,1971.400024,1985.900024,1953.000000,1958.599976
2023-06-14,1957.199951,1973.900024,1952.500000,1968.900024
2023-06-15,1955.699951,1972.800049,1936.099976,1970.699951
2023-06-16,1970.300049,1980.400024,1965.400024,1971.199951
2023-06-20,1970.699951,1971.800049,1940.800049,1947.699951
2023-06-21,1948.000000,1950.400024,1929.300049,1944.900024
2023-06-22,1943.300049,1945.099976,1922.000000,1923.699951
2023-06-23,1923.500000,1949.000000,1919.500000,1929.599976
2023-06-26,1936.300049,1943.400024,1931.099976,1933.800049
2023-06-27,1932.699951,1940.300049,1919.800049,1923.800049
2023-06-28,1923.099976,1926.099976,1911.400024,1922.199951
2023-06-29,1916.500000,1921.300049,1900.599976,1917.900024
2023-06-30,1916.400024,1930.800049,1908.099976,1929.400024
2023-07-03,1927.800049,1939.900024,1917.699951,1929.500000
2023-07-05,1929.099976,1942.900024,1922.099976,1927.099976
2023-07-06,1922.400024,1934.000000,1908.500000,1915.400024
2023-07-07,1916.599976,1941.099976,1915.400024,1932.500000
2023-07-10,1930.699951,1933.699951,1918.000000,1931.000000
2023-07-11,1930.800049,1944.500000,1929.800049,1937.099976
2023-07-12,1938.000000,1965.099976,1937.500000,1961.699951
2023-07-13,1962.699951,1968.500000,1956.599976,1963.800049
2023-07-14,1965.199951,1967.800049,1954.699951,1964.400024
2023-07-17,1958.599976,1963.599976,1949.000000,1956.400024
2023-07-18,1958.300049,1988.300049,1958.099976,1980.800049
2023-07-19,1982.500000,1984.599976,1973.300049,1980.800049
2023-07-20,1980.000000,1989.800049,1967.699951,1970.900024
2023-07-21,1972.099976,1975.900024,1958.800049,1966.599976
2023-07-24,1963.599976,1969.800049,1955.300049,1962.199951
2023-07-25,1957.000000,1967.099976,1951.599976,1963.699951
2023-07-26,1966.300049,1979.900024,1963.199951,1970.099976
2023-07-27,1973.300049,1982.599976,1941.699951,1945.699951
2023-07-28,1945.500000,1962.199951,1944.199951,1960.400024
2023-07-31,1959.199951,1971.599976,1950.000000,1970.500000
2023-08-01,2004.199951,2004.400024,1978.300049,1978.800049
2023-08-02,1988.900024,1992.199951,1969.099976,1975.000000
2023-08-03,1970.800049,1974.500000,1964.500000,1968.800049
2023-08-04,1969.599976,1984.199951,1954.500000,1976.099976
2023-08-07,1977.599976,1981.699951,1966.099976,1970.000000
2023-08-08,1971.500000,1972.800049,1956.500000,1959.900024
2023-08-09,1959.300049,1966.099976,1947.199951,1950.599976
2023-08-10,1947.699951,1963.500000,1944.400024,1948.900024
2023-08-11,1944.900024,1953.599976,1942.699951,1946.599976
2023-08-14,1945.599976,1948.199951,1934.199951,1944.000000
2023-08-15,1939.400024,1944.300049,1927.500000,1935.199951
2023-08-16,1933.099976,1938.199951,1922.000000,1928.300049
2023-08-17,1922.400024,1933.500000,1914.199951,1915.199951
2023-08-18,1919.199951,1926.000000,1915.900024,1916.500000
2023-08-21,1918.400024,1927.900024,1913.599976,1923.000000
2023-08-22,1924.000000,1933.199951,1917.500000,1926.000000
2023-08-23,1926.800049,1949.699951,1926.199951,1948.099976
2023-08-24,1944.900024,1951.300049,1939.199951,1947.099976
2023-08-25,1944.900024,1950.400024,1931.000000,1939.900024
2023-08-28,1944.000000,1954.199951,1940.099976,1946.800049
2023-08-29,1948.099976,1966.500000,1941.699951,1965.099976
2023-08-30,1966.000000,1977.099976,1962.800049,1973.000000
2023-08-31,1970.199951,1974.900024,1965.500000,1965.900024
2023-09-01,1966.400024,1980.199951,1960.699951,1967.099976
2023-09-05,1966.699951,1972.599976,1950.599976,1952.599976
2023-09-06,1951.500000,1954.500000,1940.000000,1944.199951
2023-09-07,1942.199951,1947.900024,1940.300049,1942.500000
2023-09-08,1943.800049,1954.000000,1940.800049,1942.699951
2023-09-11,1943.300049,1954.599976,1939.500000,1947.199951
2023-09-12,1945.599976,1947.500000,1929.900024,1935.099976
2023-09-13,1935.199951,1938.400024,1927.199951,1932.500000
2023-09-14,1930.699951,1934.500000,1921.699951,1932.800049
2023-09-15,1932.500000,1952.400024,1931.199951,1946.199951
2023-09-18,1945.699951,1955.699951,1943.800049,1953.400024
2023-09-19,1955.300049,1958.900024,1950.900024,1953.699951
2023-09-20,1953.000000,1968.900024,1948.599976,1967.099976
2023-09-21,1952.000000,1952.199951,1933.099976,1939.599976
2023-09-22,1939.599976,1949.099976,1939.599976,1945.599976
2023-09-25,1944.699951,1946.800049,1933.800049,1936.599976
2023-09-26,1935.099976,1935.500000,1917.199951,1919.800049
2023-09-27,1918.800049,1921.699951,1890.300049,1890.900024
2023-09-28,1893.300049,1896.800049,1874.500000,1878.599976
2023-09-29,1882.300049,1896.699951,1862.300049,1866.099976
2023-10-02,1864.400024,1864.699951,1842.699951,1847.199951
2023-10-03,1844.900024,1849.300049,1830.900024,1841.500000
2023-10-04,1838.699951,1846.800049,1831.599976,1834.800049
2023-10-05,1837.599976,1843.500000,1826.199951,1831.800049
2023-10-06,1834.300049,1849.000000,1823.500000,1845.199951
2023-10-09,1861.000000,1877.300049,1857.500000,1864.300049
2023-10-10,1875.400024,1879.099976,1866.099976,1875.300049
2023-10-11,1873.699951,1890.900024,1871.699951,1887.300049
2023-10-12,1888.099976,1898.300049,1880.599976,1883.000000
2023-10-13,1881.699951,1946.199951,1881.500000,1941.500000
2023-10-16,1941.300049,1943.000000,1921.199951,1934.300049
2023-10-17,1933.300049,1944.500000,1924.599976,1935.699951
2023-10-18,1936.699951,1975.800049,1935.900024,1968.300049
2023-10-19,1960.099976,1990.199951,1957.000000,1980.500000
2023-10-20,1988.000000,2009.199951,1983.699951,1994.400024
2023-10-23,1987.699951,1994.300049,1971.000000,1987.800049
2023-10-24,1984.099976,1992.000000,1964.599976,1986.099976
2023-10-25,1982.699951,1998.599976,1973.599976,1994.900024
2023-10-26,1991.199951,2003.699951,1981.599976,1997.400024
2023-10-27,1995.000000,2019.699951,1986.400024,1998.500000
2023-10-30,2013.500000,2016.800049,1999.699951,2005.599976
2023-10-31,2005.599976,2017.699951,1987.400024,1994.300049
2023-11-01,1993.300049,2005.900024,1978.199951,1987.500000
2023-11-02,1992.000000,1999.199951,1986.300049,1993.500000
2023-11-03,1993.500000,2011.900024,1989.300049,1999.199951
2023-11-06,1999.400024,2000.099976,1984.199951,1988.599976
2023-11-07,1984.800049,1985.199951,1962.800049,1973.500000
2023-11-08,1975.300049,1977.500000,1953.199951,1957.800049
2023-11-09,1955.500000,1971.500000,1948.300049,1969.800049
2023-11-10,1964.099976,1965.599976,1936.900024,1937.699951
2023-11-13,1943.400024,1953.500000,1935.599976,1950.199951
2023-11-14,1950.300049,1975.300049,1938.800049,1966.500000
2023-11-15,1966.900024,1979.199951,1958.800049,1964.300049
2023-11-16,1963.000000,1991.099976,1959.000000,1987.300049
2023-11-17,1984.199951,1996.400024,1981.099976,1984.699951
2023-11-20,1980.900024,1987.800049,1967.199951,1980.300049
2023-11-21,1980.000000,2009.800049,1979.900024,2001.599976
2023-11-22,2000.300049,2008.300049,1988.599976,1992.800049
2023-11-23,1991.199951,1999.500000,1990.900024,1993.300049
2023-11-24,1991.199951,2004.500000,1990.900024,2003.000000
2023-11-27,2002.500000,2018.900024,2001.400024,2012.400024
2023-11-28,2014.300049,2044.099976,2011.500000,2040.000000
2023-11-29,2041.699951,2052.100098,2036.000000,2047.099976
2023-11-30,2046.099976,2047.099976,2033.099976,2038.099976
2023-12-01,2056.500000,2095.699951,2052.600098,2089.699951
2023-12-04,2094.399902,2152.300049,2038.400024,2042.199951
2023-12-05,2049.000000,2059.600098,2027.599976,2036.300049
2023-12-06,2037.800049,2053.399902,2035.300049,2047.900024
2023-12-07,2043.400024,2057.199951,2036.599976,2046.400024
2023-12-08,2045.699951,2050.399902,2010.599976,2014.500000
2023-12-11,2020.000000,2023.699951,1991.199951,1993.699951
2023-12-12,1997.800049,2012.500000,1992.300049,1993.199951
2023-12-13,1995.099976,2043.300049,1987.900024,1997.300049
2023-12-14,2043.199951,2062.899902,2039.099976,2044.900024
2023-12-15,2051.300049,2059.600098,2029.199951,2035.699951
2023-12-18,2033.300049,2048.000000,2029.500000,2040.500000
2023-12-19,2041.099976,2061.000000,2034.800049,2052.100098
2023-12-20,2053.800049,2056.899902,2040.599976,2047.699951
2023-12-21,2044.400024,2058.000000,2043.300049,2051.300049
2023-12-22,2061.199951,2083.000000,2058.199951,2069.100098
2023-12-26,2066.000000,2080.500000,2065.100098,2069.800049
2023-12-27,2079.300049,2095.800049,2072.800049,2093.100098
2023-12-28,2089.500000,2098.199951,2074.600098,2083.500000
2023-12-29,2076.100098,2084.100098,2067.600098,2071.800049
2024-01-02,2072.699951,2088.100098,2064.300049,2073.399902
2024-01-03,2067.899902,2074.300049,2038.300049,2042.800049
2024-01-04,2049.300049,2058.100098,2043.300049,2050.000000
2024-01-05,2051.399902,2071.100098,2030.800049,2049.800049
2024-01-08,2052.600098,2053.300049,2022.699951,2033.500000
2024-01-09,2034.500000,2048.600098,2031.900024,2033.000000
2024-01-10,2036.000000,2046.199951,2025.900024,2027.800049
2024-01-11,2029.400024,2056.100098,2017.300049,2019.199951
2024-01-12,2033.199951,2067.300049,2033.099976,2051.600098
2024-01-16,2053.399902,2062.800049,2027.599976,2030.199951
2024-01-17,2031.699951,2036.099976,2004.599976,2006.500000
2024-01-18,2009.099976,2025.599976,2007.699951,2021.599976
2024-01-19,2027.400024,2041.900024,2022.199951,2029.300049
2024-01-22,2031.800049,2034.099976,2017.400024,2022.199951
2024-01-23,2023.199951,2039.300049,2020.800049,2025.800049
2024-01-24,2030.699951,2037.900024,2011.699951,2016.000000
2024-01-25,2014.800049,2025.599976,2004.000000,2017.800049
2024-01-26,2021.000000,2028.099976,2015.599976,2017.300049
2024-01-29,2024.400024,2037.199951,2018.800049,2025.400024
2024-01-30,2032.500000,2048.500000,2028.099976,2031.500000
2024-01-31,2035.400024,2055.000000,2030.000000,2048.399902
2024-02-01,2057.899902,2083.199951,2046.400024,2071.100098
2024-02-02,2072.000000,2074.699951,2044.199951,2053.699951
2024-02-05,2057.899902,2059.100098,2030.800049,2042.900024
2024-02-06,2041.400024,2055.300049,2038.800049,2051.399902
2024-02-07,2052.600098,2061.300049,2046.400024,2051.699951
2024-02-08,2051.000000,2053.800049,2034.599976,2047.900024
2024-02-09,2049.699951,2051.899902,2034.300049,2038.699951
2024-02-12,2038.199951,2041.800049,2025.400024,2033.000000
2024-02-13,2033.699951,2047.300049,2002.800049,2007.199951
2024-02-14,2006.300049,2008.800049,1996.400024,2004.300049
2024-02-15,2004.800049,2020.199951,2001.800049,2014.900024
2024-02-16,2016.099976,2027.199951,2006.599976,2024.099976
2024-02-20,2027.699951,2042.699951,2023.900024,2039.800049
2024-02-21,2036.199951,2043.500000,2030.900024,2034.300049
2024-02-22,2036.500000,2045.500000,2029.300049,2030.699951
2024-02-23,2034.099976,2053.199951,2025.400024,2049.399902
2024-02-26,2044.199951,2046.800049,2034.099976,2038.900024
2024-02-27,2041.199951,2049.100098,2038.099976,2044.099976
2024-02-28,2039.699951,2047.400024,2033.400024,2042.699951
2024-02-29,2043.800049,2059.399902,2036.000000,2054.699951
2024-03-01,2052.800049,2097.100098,2047.000000,2095.699951
2024-03-04,2091.600098,2128.399902,2088.100098,2126.300049
2024-03-05,2123.300049,2150.500000,2118.500000,2141.899902
2024-03-06,2136.399902,2160.699951,2131.899902,2158.199951
2024-03-07,2156.699951,2172.199951,2151.699951,2165.199951
2024-03-08,2166.600098,2203.000000,2161.199951,2185.500000
2024-03-11,2187.600098,2195.500000,2180.899902,2188.600098
2024-03-12,2189.100098,2190.800049,2156.199951,2166.100098
2024-03-13,2163.600098,2185.600098,2161.300049,2180.800049
2024-03-14,2179.500000,2181.300049,2157.000000,2167.500000
2024-03-15,2166.199951,2176.899902,2158.699951,2161.500000
2024-03-18,2159.899902,2167.199951,2149.199951,2164.300049
2024-03-19,2164.000000,2166.300049,2150.199951,2159.699951
2024-03-20,2161.399902,2192.199951,2152.300049,2161.000000
2024-03-21,2190.199951,2225.300049,2168.199951,2184.699951
2024-03-22,2183.399902,2188.000000,2158.399902,2160.000000
2024-03-25,2166.600098,2182.500000,2164.399902,2176.399902
2024-03-26,2173.000000,2200.600098,2168.300049,2177.199951
2024-03-27,2179.399902,2196.199951,2172.100098,2190.600098
2024-03-28,2193.600098,2234.100098,2187.100098,2217.399902
2024-04-01,2259.199951,2286.399902,2249.100098,2257.100098
2024-04-02,2272.699951,2301.899902,2267.100098,2281.800049
2024-04-03,2301.699951,2321.800049,2285.699951,2315.000000
2024-04-04,2321.000000,2325.300049,2298.699951,2308.500000
2024-04-05,2309.500000,2350.000000,2286.199951,2345.399902
2024-04-08,2343.600098,2372.500000,2321.699951,2351.000000
2024-04-09,2358.100098,2384.500000,2355.699951,2362.399902
2024-04-10,2372.399902,2378.100098,2337.100098,2348.399902
2024-04-11,2351.699951,2395.600098,2343.100098,2372.699951
2024-04-12,2389.399902,2448.800049,2350.600098,2374.100098
2024-04-15,2369.399902,2404.300049,2340.199951,2383.000000
2024-04-16,2399.100098,2414.800049,2379.199951,2407.800049
2024-04-17,2398.000000,2412.000000,2370.699951,2388.399902
2024-04-18,2377.899902,2408.000000,2377.199951,2398.000000
2024-04-19,2394.000000,2433.300049,2386.800049,2413.800049
2024-04-22,2403.699951,2404.300049,2338.199951,2346.399902
2024-04-23,2342.300049,2347.899902,2304.600098,2342.100098
2024-04-24,2335.699951,2350.899902,2324.800049,2338.399902
2024-04-25,2327.399902,2357.600098,2316.399902,2342.500000
2024-04-26,2344.199951,2364.399902,2338.000000,2347.199951
2024-04-29,2347.600098,2358.899902,2331.000000,2357.699951
2024-04-30,2347.000000,2347.600098,2296.199951,2302.899902
2024-05-01,2298.199951,2339.500000,2291.699951,2311.000000
2024-05-02,2329.899902,2336.100098,2294.300049,2309.600098
2024-05-03,2313.500000,2330.699951,2285.199951,2308.600098
2024-05-06,2312.800049,2341.899902,2300.600098,2331.199951
2024-05-07,2334.800049,2338.699951,2318.199951,2324.199951
2024-05-08,2322.000000,2329.600098,2311.399902,2322.300049
2024-05-09,2316.500000,2354.199951,2312.899902,2340.300049
2024-05-10,2353.500000,2385.300049,2352.000000,2375.000000
2024-05-13,2369.100098,2370.800049,2337.600098,2343.000000
2024-05-14,2342.300049,2365.199951,2340.500000,2359.899902
2024-05-15,2362.899902,2396.100098,2357.100098,2394.899902
2024-05-16,2391.500000,2402.699951,2375.199951,2385.500000
2024-05-17,2381.399902,2427.399902,2377.800049,2417.399902
2024-05-20,2422.199951,2454.199951,2411.100098,2438.500000
2024-05-21,2431.500000,2438.199951,2408.500000,2425.899902
2024-05-22,2425.399902,2430.500000,2378.000000,2392.899902
2024-05-23,2383.000000,2385.699951,2328.100098,2337.199951
2024-05-24,2330.399902,2349.000000,2326.300049,2334.500000
2024-05-28,2338.000000,2365.500000,2333.800049,2356.500000
2024-05-29,2362.500000,2363.699951,2334.199951,2341.199951
2024-05-30,2336.899902,2349.500000,2320.800049,2342.899902
2024-05-31,2344.100098,2354.000000,2319.000000,2322.899902
2024-06-03,2348.000000,2375.500000,2334.800049,2369.300049
2024-06-04,2371.300049,2373.100098,2335.100098,2347.399902
2024-06-05,2347.100098,2377.600098,2345.300049,2375.500000
2024-06-06,2375.300049,2397.800049,2372.199951,2390.899902
2024-06-07,2395.699951,2406.699951,2304.199951,2325.000000
2024-06-10,2311.000000,2331.300049,2304.500000,2327.000000
2024-06-11,2329.500000,2337.300049,2314.500000,2326.600098
2024-06-12,2334.000000,2358.800049,2327.199951,2354.800049
2024-06-13,2340.899902,2342.399902,2310.899902,2318.000000
2024-06-14,2319.600098,2352.300049,2316.699951,2349.100098
2024-06-17,2348.500000,2348.699951,2324.300049,2329.000000
2024-06-18,2333.699951,2348.199951,2320.199951,2346.899902
2024-06-20,2344.199951,2379.500000,2338.500000,2369.000000
2024-06-21,2373.800049,2382.600098,2329.199951,2331.199951
2024-06-24,2333.500000,2347.500000,2329.500000,2344.399902
2024-06-25,2346.800049,2349.699951,2327.100098,2330.800049
2024-06-26,2331.800049,2335.800049,2304.699951,2313.199951
2024-06-27,2309.399902,2342.000000,2306.800049,2336.600098
2024-06-28,2338.600098,2350.600098,2329.699951,2339.600098
2024-07-01,2336.199951,2348.800049,2328.199951,2338.899902
2024-07-02,2341.600098,2346.100098,2327.399902,2333.399902
2024-07-03,2338.600098,2374.500000,2335.699951,2369.399902
2024-07-05,2365.800049,2401.500000,2356.000000,2397.699951
2024-07-08,2396.199951,2399.300049,2358.300049,2363.500000
2024-07-09,2366.500000,2378.300049,2356.000000,2367.899902
2024-07-10,2371.000000,2393.399902,2369.699951,2379.699951
2024-07-11,2377.399902,2430.399902,2376.800049,2421.899902
2024-07-12,2421.000000,2423.199951,2396.100098,2420.699951
2024-07-15,2419.300049,2445.000000,2406.100098,2428.899902
2024-07-16,2427.100098,2474.500000,2424.500000,2467.800049
2024-07-17,2473.199951,2488.399902,2455.500000,2459.899902
2024-07-18,2462.500000,2478.500000,2442.899902,2456.399902
2024-07-19,2448.000000,2448.399902,2395.699951,2399.100098
2024-07-22,2403.699951,2414.399902,2385.199951,2394.699951
2024-07-23,2398.000000,2413.500000,2389.199951,2407.300049
2024-07-24,2410.699951,2433.000000,2397.000000,2415.699951
2024-07-25,2398.100098,2400.800049,2351.899902,2353.500000
2024-07-26,2363.800049,2389.699951,2354.600098,2381.000000
2024-07-29,2386.899902,2402.100098,2367.300049,2377.800049
2024-07-30,2380.899902,2409.300049,2373.800049,2405.000000
2024-07-31,2407.100098,2447.600098,2402.800049,2426.500000
2024-08-01,2493.399902,2506.600098,2474.000000,2480.800049
2024-08-02,2490.800049,2522.500000,2453.100098,2469.800049
2024-08-05,2490.300049,2500.800049,2403.800049,2444.399902
2024-08-06,2451.699951,2459.500000,2421.800049,2431.600098
2024-08-07,2432.600098,2447.300049,2418.800049,2432.399902
2024-08-08,2422.800049,2467.899902,2420.199951,2463.300049
2024-08-09,2467.300049,2476.500000,2456.100098,2473.399902
2024-08-12,2470.100098,2513.399902,2462.699951,2504.000000
2024-08-13,2512.600098,2517.300049,2498.199951,2507.800049
2024-08-14,2506.300049,2519.699951,2476.199951,2479.699951
2024-08-15,2486.199951,2508.000000,2469.199951,2492.399902
2024-08-16,2494.399902,2548.300049,2488.199951,2537.800049
2024-08-19,2549.699951,2549.899902,2523.699951,2541.300049
2024-08-20,2542.399902,2570.399902,2535.100098,2550.600098
2024-08-21,2552.199951,2558.000000,2528.199951,2547.500000
2024-08-22,2549.899902,2551.399902,2506.399902,2516.699951
2024-08-23,2521.100098,2554.500000,2519.800049,2546.300049
2024-08-26,2545.100098,2563.199951,2544.000000,2555.199951
2024-08-27,2553.800049,2561.399902,2538.500000,2552.899902
2024-08-28,2559.800049,2564.300049,2527.800049,2537.800049
2024-08-29,2539.199951,2562.199951,2536.500000,2560.300049
2024-08-30,2553.600098,2560.100098,2526.600098,2527.600098
2024-09-03,2536.000000,2539.500000,2504.399902,2523.000000
2024-09-04,2524.600098,2531.500000,2502.699951,2526.000000
2024-09-05,2526.399902,2554.000000,2523.699951,2543.100098
2024-09-06,2547.100098,2559.800049,2513.899902,2524.600098
2024-09-09,2526.500000,2536.500000,2514.199951,2532.699951
2024-09-10,2536.000000,2547.500000,2528.899902,2543.100098
2024-09-11,2545.699951,2558.000000,2529.000000,2542.399902
2024-09-12,2540.600098,2588.500000,2538.699951,2580.600098
2024-09-13,2587.500000,2614.600098,2585.000000,2610.699951
2024-09-16,2608.000000,2617.399902,2602.500000,2608.899902
2024-09-17,2609.800049,2613.699951,2587.300049,2592.399902
2024-09-18,2596.000000,2627.199951,2572.500000,2598.600098
2024-09-19,2585.100098,2620.500000,2575.300049,2614.600098
2024-09-20,2611.199951,2651.000000,2608.699951,2646.199951
2024-09-23,2646.199951,2659.800049,2638.600098,2652.500000
2024-09-24,2653.300049,2689.399902,2647.100098,2677.000000
2024-09-25,2682.800049,2694.899902,2673.399902,2684.699951
2024-09-26,2681.199951,2708.699951,2677.500000,2694.899902
2024-09-27,2695.100098,2696.899902,2665.300049,2668.100098
2024-09-30,2680.500000,2687.699951,2646.199951,2659.399902
2024-10-01,2656.100098,2694.699951,2653.800049,2690.300049
2024-10-02,2684.600098,2684.800049,2662.100098,2669.699951
2024-10-03,2679.899902,2683.399902,2657.800049,2679.199951
2024-10-04,2675.699951,2690.600098,2651.600098,2667.800049
2024-10-07,2671.699951,2679.199951,2657.300049,2666.000000
2024-10-08,2662.800049,2672.399902,2623.399902,2635.399902
2024-10-09,2640.699951,2642.899902,2622.800049,2626.000000
2024-10-10,2625.800049,2648.899902,2618.800049,2639.300049
2024-10-11,2647.399902,2679.000000,2645.300049,2676.300049
2024-10-14,2673.100098,2684.199951,2660.000000,2665.600098
2024-10-15,2663.500000,2685.899902,2654.399902,2678.899902
2024-10-16,2679.500000,2702.500000,2674.899902,2691.300049
2024-10-17,2690.399902,2712.699951,2688.199951,2707.500000
2024-10-18,2707.800049,2737.800049,2707.300049,2730.000000
2024-10-21,2736.300049,2755.399902,2728.500000,2738.899902
2024-10-22,2734.699951,2763.300049,2733.500000,2759.800049
2024-10-23,2762.600098,2772.600098,2722.100098,2729.399902
2024-10-24,2729.199951,2756.300049,2728.699951,2748.899902
2024-10-25,2748.600098,2760.899902,2729.100098,2754.600098
2024-10-28,2749.199951,2758.300049,2736.899902,2755.899902
2024-10-29,2754.300049,2787.699951,2752.000000,2781.100098
2024-10-30,2786.899902,2801.800049,2782.399902,2800.800049
2024-10-31,2799.100098,2801.199951,2741.800049,2749.300049
2024-11-01,2754.000000,2772.399902,2742.600098,2749.199951
2024-11-04,2743.500000,2757.500000,2739.399902,2746.199951
2024-11-05,2746.000000,2759.500000,2733.399902,2749.699951
2024-11-06,2752.600098,2758.800049,2660.699951,2676.300049
2024-11-07,2667.699951,2718.300049,2650.300049,2705.800049
2024-11-08,2713.600098,2717.800049,2687.300049,2694.800049
2024-11-11,2692.100098,2693.399902,2617.100098,2617.699951
2024-11-12,2625.699951,2633.399902,2595.699951,2606.300049
2024-11-13,2604.699951,2625.000000,2578.100098,2586.500000
2024-11-14,2578.100098,2585.800049,2541.500000,2572.899902
2024-11-15,2570.399902,2580.800049,2558.899902,2570.100098
2024-11-18,2571.500000,2619.500000,2568.500000,2614.600098
2024-11-19,2616.300049,2643.399902,2614.199951,2631.000000
2024-11-20,2635.800049,2659.000000,2621.899902,2651.699951
2024-11-21,2653.500000,2676.500000,2651.600098,2674.899902
2024-11-22,2672.000000,2718.500000,2670.100098,2712.199951
2024-11-25,2716.899902,2723.199951,2616.600098,2618.500000
2024-11-26,2626.199951,2642.699951,2605.300049,2621.300049
2024-11-27,2633.500000,2657.899902,2627.199951,2639.899902
2024-11-29,2636.399902,2664.300049,2620.699951,2657.000000
2024-12-02,2673.800049,2678.500000,2644.500000,2658.500000
2024-12-03,2662.000000,2678.399902,2656.600098,2667.899902
2024-12-04,2665.800049,2682.000000,2654.199951,2676.199951
2024-12-05,2674.199951,2680.000000,2646.300049,2648.399902
2024-12-06,2655.000000,2667.899902,2635.600098,2659.600098
2024-12-09,2665.000000,2700.000000,2649.699951,2685.800049
2024-12-10,2684.399902,2721.699951,2680.699951,2718.399902
2024-12-11,2721.199951,2759.699951,2719.100098,2756.699951
2024-12-12,2753.600098,2761.300049,2696.699951,2709.399902
2024-12-13,2704.899902,2716.399902,2663.300049,2675.800049
2024-12-16,2668.000000,2683.399902,2661.399902,2670.000000
2024-12-17,2670.199951,2675.800049,2646.100098,2662.000000
2024-12-18,2663.300049,2667.600098,2598.100098,2653.300049
2024-12-19,2600.600098,2640.899902,2596.699951,2608.100098
2024-12-20,2609.699951,2653.800049,2603.699951,2645.100098
2024-12-23,2639.100098,2646.800049,2623.199951,2628.199951
2024-12-24,2629.399902,2635.800049,2624.199951,2635.500000
2024-12-26,2638.000000,2655.699951,2634.100098,2653.899902
2024-12-27,2653.699951,2654.600098,2625.199951,2631.899902
2024-12-30,2636.100098,2640.699951,2608.399902,2618.100098
2024-12-31,2620.000000,2642.000000,2614.300049,2641.000000
2025-01-02,2641.000000,2674.199951,2636.100098,2669.000000
2025-01-03,2671.100098,2681.000000,2649.699951,2654.699951
2025-01-06,2652.800049,2663.800049,2624.600098,2647.399902
2025-01-07,2647.100098,2678.500000,2643.500000,2665.399902
2025-01-08,2662.899902,2687.000000,2658.399902,2672.399902
2025-01-09,2679.899902,2696.800049,2673.699951,2690.800049
2025-01-10,2692.899902,2735.000000,2686.899902,2715.000000
2025-01-13,2716.800049,2723.800049,2675.199951,2678.600098
2025-01-14,2682.000000,2693.699951,2672.000000,2682.300049
2025-01-15,2693.300049,2722.699951,2685.399902,2717.800049
2025-01-16,2722.300049,2757.899902,2720.399902,2750.899902
2025-01-17,2746.800049,2759.199951,2729.199951,2748.699951
2025-01-21,2739.600098,2762.000000,2715.600098,2759.199951
2025-01-22,2758.699951,2774.399902,2756.199951,2770.899902
2025-01-23,2765.899902,2767.100098,2741.000000,2765.000000
2025-01-24,2761.800049,2794.800049,2761.000000,2778.899902
2025-01-27,2778.100098,2778.100098,2732.000000,2738.399902
2025-01-28,2742.399902,2774.000000,2737.399902,2767.500000
2025-01-29,2771.600098,2778.100098,2761.000000,2769.800049
2025-01-30,2772.500000,2829.500000,2770.000000,2823.000000
2025-01-31,2829.000000,2838.000000,2804.000000,2812.500000
2025-02-03,2846.500000,2872.000000,2802.199951,2857.100098
2025-02-04,2850.399902,2877.100098,2837.399902,2875.800049
2025-02-05,2873.699951,2906.000000,2870.100098,2893.000000
2025-02-06,2885.000000,2894.199951,2855.000000,2876.699951
2025-02-07,2880.199951,2910.600098,2876.100098,2887.600098
2025-02-10,2884.800049,2938.100098,2879.899902,2934.399902
2025-02-11,2937.000000,2968.500000,2907.000000,2932.600098
2025-02-12,2927.000000,2936.500000,2886.500000,2928.699951
2025-02-13,2928.800049,2958.800049,2925.800049,2945.399902
2025-02-14,2957.300049,2964.100098,2889.899902,2900.699951
2025-02-18,2895.100098,2956.500000,2887.600098,2949.000000
2025-02-19,2954.100098,2964.399902,2933.699951,2936.100098
2025-02-20,2949.500000,2973.399902,2939.300049,2956.100098
2025-02-21,2955.699951,2964.699951,2930.100098,2953.199951
2025-02-24,2950.399902,2974.000000,2936.800049,2963.199951
2025-02-25,2968.500000,2970.399902,2897.000000,2918.800049
2025-02-26,2929.000000,2942.000000,2903.300049,2930.600098
2025-02-27,2931.399902,2935.800049,2879.000000,2895.899902
2025-02-28,2889.000000,2896.100098,2844.100098,2848.500000
2025-03-03,2872.000000,2906.399902,2866.300049,2901.100098
2025-03-04,2904.199951,2939.800049,2892.500000,2920.600098
2025-03-05,2929.000000,2941.300049,2903.399902,2926.000000
2025-03-06,2929.500000,2935.899902,2897.600098,2926.600098
2025-03-07,2919.199951,2938.800049,2905.300049,2914.100098
2025-03-10,2919.600098,2926.399902,2885.199951,2899.399902
2025-03-11,2893.199951,2929.000000,2882.500000,2920.899902
2025-03-12,2922.300049,2948.899902,2911.000000,2946.800049
2025-03-13,2943.300049,3001.500000,2942.199951,2991.300049
2025-03-14,3001.399902,3017.100098,2988.600098,3001.100098
2025-03-17,2994.800049,3010.899902,2991.399902,3006.100098
2025-03-18,3009.399902,3047.500000,3008.199951,3040.800049
2025-03-19,3041.399902,3061.600098,3031.300049,3041.199951
2025-03-20,3058.000000,3065.199951,3032.800049,3043.800049
2025-03-21,3052.600098,3055.000000,3004.100098,3021.399902
2025-03-24,3027.600098,3038.399902,3007.699951,3015.600098
2025-03-25,3017.500000,3042.399902,3010.800049,3025.899902
2025-03-26,3025.800049,3036.100098,3017.800049,3022.500000
2025-03-27,3025.600098,3071.300049,3022.300049,3061.000000
2025-03-28,3069.699951,3094.899902,3066.800049,3086.500000
2025-03-31,3091.000000,3132.500000,3086.000000,3122.800049
2025-04-01,3157.300049,3177.000000,3130.500000,3146.000000
2025-04-02,3147.500000,3201.600098,3135.699951,3166.199951
2025-04-03,3196.600098,3196.600098,3073.500000,3121.699951
2025-04-04,3138.000000,3160.199951,3032.699951,3035.399902
2025-04-07,3055.100098,3084.399902,2970.399902,2973.600098
2025-04-08,2997.500000,3037.899902,2988.600098,2990.199951
2025-04-09,2998.300049,3118.500000,2983.300049,3079.399902
2025-04-10,3099.100098,3195.000000,3086.100098,3177.500000
2025-04-11,3194.199951,3263.000000,3193.399902,3244.600098
2025-04-14,3246.000000,3261.600098,3208.699951,3226.300049
2025-04-15,3226.100098,3250.899902,3225.500000,3240.399902
2025-04-16,3248.399902,3358.399902,3245.199951,3346.399902
2025-04-17,3357.500000,3371.899902,3296.399902,3328.399902
2025-04-21,3347.000000,3442.300049,3344.000000,3425.300049
2025-04-22,3435.100098,3509.899902,3379.100098,3419.399902
2025-04-23,3367.699951,3396.000000,3270.800049,3294.100098
2025-04-24,3301.800049,3377.000000,3301.300049,3348.600098
2025-04-25,3362.000000,3384.100098,3274.800049,3298.399902
2025-04-28,3336.500000,3363.800049,3278.000000,3347.699951
2025-04-29,3354.899902,3359.300049,3309.199951,3333.600098
2025-04-30,3324.500000,3337.600098,3275.600098,3319.100098
2025-05-01,3299.000000,3300.600098,3209.399902,3222.199951
2025-05-02,3247.600098,3277.000000,3229.500000,3243.300049
2025-05-05,3247.100098,3346.699951,3243.100098,3322.300049
2025-05-06,3345.699951,3444.500000,3332.100098,3422.800049
2025-05-07,3448.100098,3448.199951,3367.000000,3391.899902
2025-05-08,3373.100098,3422.000000,3293.300049,3306.000000
2025-05-09,3310.199951,3352.699951,3278.899902,3344.000000
2025-05-12,3281.000000,3295.500000,3211.199951,3228.000000
2025-05-13,3240.699951,3270.399902,3220.100098,3247.800049
2025-05-14,3254.100098,3261.300049,3170.699951,3188.300049
2025-05-15,3180.800049,3244.300049,3123.300049,3226.600098
2025-05-16,3243.500000,3255.800049,3156.399902,3187.199951
2025-05-19,3220.000000,3252.899902,3209.100098,3233.500000
2025-05-20,3233.000000,3298.500000,3207.399902,3284.600098
2025-05-21,3293.000000,3327.199951,3287.000000,3313.500000
2025-05-22,3318.000000,3346.800049,3277.800049,3295.000000
2025-05-23,3295.100098,3366.500000,3285.500000,3365.800049
2025-05-27,3355.600098,3356.000000,3283.000000,3300.399902
2025-05-28,3300.899902,3324.500000,3273.500000,3294.899902
2025-05-29,3283.699951,3328.800049,3242.399902,3317.100098
2025-05-30,3315.100098,3318.000000,3270.899902,3288.899902
2025-06-02,3323.000000,3408.100098,3319.399902,3397.199951
2025-06-03,3406.500000,3417.800049,3357.199951,3377.100098
2025-06-04,3377.800049,3409.699951,3366.899902,3399.199951
2025-06-05,3398.000000,3427.699951,3362.300049,3375.100098
2025-06-06,3377.399902,3398.300049,3328.800049,3346.600098
2025-06-09,3333.399902,3359.000000,3313.100098,3354.899902
2025-06-10,3346.300049,3370.399902,3321.300049,3343.399902
2025-06-11,3344.300049,3382.300049,3335.399902,3343.699951
2025-06-12,3377.500000,3419.800049,3358.500000,3402.399902
2025-06-13,3406.699951,3468.000000,3399.600098,3452.800049
2025-06-16,3473.000000,3476.300049,3400.899902,3417.300049
2025-06-17,3404.199951,3422.699951,3384.399902,3406.899902
2025-06-18,3409.000000,3419.000000,3380.100098,3408.100098
2025-06-20,3387.100098,3405.199951,3356.199951,3385.699951
2025-06-23,3400.699951,3413.800049,3361.399902,3395.000000
2025-06-24,3383.800049,3385.000000,3308.300049,3333.899902
2025-06-25,3338.100098,3351.300049,3325.500000,3343.100098
2025-06-26,3347.500000,3363.899902,3322.500000,3348.000000
2025-06-27,3341.300049,3341.399902,3266.500000,3287.600098
2025-06-30,3284.300049,3321.600098,3250.500000,3307.699951
2025-07-01,3315.699951,3370.500000,3313.699951,3349.800049
2025-07-02,3350.000000,3371.000000,3337.199951,3359.699951
2025-07-03,3369.000000,3376.899902,3321.399902,3342.899902
2025-07-04,3335.000000,3355.000000,3332.800049,3346.500000
2025-07-07,3344.500000,3352.899902,3304.399902,3342.800049
2025-07-08,3348.899902,3355.600098,3295.399902,3316.899902
2025-07-09,3310.600098,3325.600098,3290.199951,3321.000000
2025-07-10,3322.199951,3339.399902,3319.199951,3325.699951
2025-07-11,3333.100098,3381.600098,3332.300049,3364.000000
2025-07-14,3376.500000,3389.300049,3348.500000,3359.100098
2025-07-15,3352.000000,3375.399902,3327.300049,3336.699951
2025-07-16,3330.500000,3385.800049,3326.100098,3359.100098
2025-07-17,3354.699951,3358.199951,3314.300049,3345.300049
2025-07-18,3347.500000,3368.000000,3337.199951,3358.300049
2025-07-21,3355.600098,3416.899902,3351.000000,3406.399902
2025-07-22,3410.699951,3447.500000,3394.899902,3443.699951
2025-07-23,3444.300049,3451.699951,3390.600098,3397.600098
2025-07-24,3398.600098,3401.100098,3355.199951,3373.500000
2025-07-25,3372.100098,3376.600098,3325.500000,3335.600098
2025-07-28,3321.100098,3345.399902,3300.000000,3310.000000
2025-07-29,3313.399902,3332.300049,3305.800049,3324.000000
2025-07-30,3325.800049,3331.800049,3263.899902,3295.800049
2025-07-31,3272.899902,3312.000000,3272.899902,3293.199951
2025-08-01,3342.699951,3416.899902,3331.399902,3399.800049
2025-08-04,3416.600098,3439.500000,3397.899902,3426.399902
2025-08-05,3428.899902,3444.899902,3403.300049,3434.699951
2025-08-06,3434.899902,3440.500000,3411.699951,3433.399902
2025-08-07,3431.800049,3483.800049,3430.000000,3453.699951
2025-08-08,3487.899902,3534.100098,3445.000000,3491.300049
2025-08-11,3458.100098,3466.300049,3393.000000,3404.699951
2025-08-12,3393.600098,3410.800049,3379.100098,3399.000000
2025-08-13,3399.600098,3422.600098,3392.699951,3408.300049
2025-08-14,3407.199951,3423.800049,3375.500000,3383.199951
2025-08-15,3383.199951,3394.800049,3377.699951,3382.600098
2025-08-18,3382.399902,3403.600098,3368.000000,3378.000000
2025-08-19,3378.300049,3389.699951,3358.100098,3358.699951
2025-08-20,3359.000000,3394.300049,3353.399902,3388.500000
2025-08-21,3392.199951,3394.399902,3367.399902,3381.600098
2025-08-22,3383.300049,3423.399902,3362.800049,3418.500000
2025-08-25,3417.600098,3421.500000,3405.500000,3417.500000
2025-08-26,3410.800049,3443.300049,3396.100098,3433.000000
2025-08-27,3443.000000,3452.500000,3422.199951,3448.600098
2025-08-28,3452.600098,3478.699951,3442.500000,3474.300049
2025-08-29,3477.199951,3518.500000,3463.000000,3516.100098
2025-09-02,3517.899902,3602.399902,3506.000000,3592.199951
2025-09-03,3600.000000,3640.100098,3592.399902,3635.500000
2025-09-04,3619.800049,3621.600098,3573.699951,3606.699951
2025-09-05,3602.000000,3655.500000,3595.399902,3653.300049
2025-09-08,3635.000000,3685.699951,3621.699951,3677.399902
2025-09-09,3676.600098,3715.199951,3663.699951,3682.199951
2025-09-10,3662.000000,3697.500000,3651.399902,3682.000000
2025-09-11,3680.600098,3687.500000,3651.000000,3673.600098
2025-09-12,3672.800049,3695.500000,3667.300049,3686.399902
2025-09-15,3680.199951,3724.899902,3662.800049,3719.000000
2025-09-16,3720.300049,3739.899902,3711.800049,3725.100098
2025-09-17,3727.300049,3744.000000,3679.500000,3717.800049
2025-09-18,3692.500000,3707.300049,3660.500000,3678.300049
2025-09-19,3677.699951,3719.600098,3664.399902,3705.800049
2025-09-22,3721.300049,3783.300049,3718.100098,3775.100098
2025-09-23,3781.199951,3824.600098,3772.399902,3815.699951
2025-09-24,3796.899902,3812.600098,3749.699951,3768.100098
2025-09-25,3768.300049,3792.300049,3751.899902,3771.100098
2025-09-26,3781.500000,3814.399902,3764.000000,3809.000000
2025-09-29,3788.800049,3863.699951,3785.500000,3855.199951
2025-09-30,3863.100098,3899.199951,3820.600098,3873.199951
2025-10-01,3887.699951,3922.699951,3880.300049,3897.500000
2025-10-02,3892.699951,3923.300049,3842.800049,3868.100098
2025-10-03,3880.399902,3916.800049,3861.100098,3908.899902
2025-10-06,3913.500000,3994.500000,3909.199951,3976.300049
2025-10-07,3983.000000,4014.600098,3963.399902,4004.399902
2025-10-08,4007.100098,4081.000000,4005.600098,4070.500000
2025-10-09,4061.800049,4077.899902,3957.899902,3972.600098
2025-10-10,3990.100098,4038.600098,3961.199951,4000.399902
2025-10-13,4018.300049,4137.200195,4011.300049,4133.000000
2025-10-14,4130.899902,4190.899902,4105.000000,4163.399902
2025-10-15,4160.100098,4235.799805,4157.299805,4201.600098
2025-10-16,4225.100098,4346.700195,4214.500000,4304.600098
2025-10-17,4348.100098,4392.000000,4196.000000,4213.299805
2025-10-20,4269.000000,4398.000000,4229.700195,4359.399902
2025-10-21,4371.000000,4393.600098,4093.000000,4109.100098
2025-10-22,4137.000000,4175.000000,4021.199951,4065.399902
2025-10-23,4114.799805,4171.500000,4079.600098,4145.600098
2025-10-24,4144.000000,4159.000000,4055.699951,4137.799805
2025-10-27,4103.200195,4123.799805,3985.899902,4019.699951
2025-10-28,3999.899902,4034.199951,3901.300049,3983.100098
2025-10-29,3967.199951,4046.199951,3930.000000,4000.699951
2025-10-30,3942.800049,4041.500000,3925.100098,4015.899902
2025-10-31,4038.199951,4059.899902,3982.300049,3996.500000
2025-11-03,4001.000000,4043.100098,3971.300049,4014.000000
2025-11-04,4013.699951,4018.000000,3937.100098,3960.500000
2025-11-05,3939.500000,4000.699951,3935.699951,3992.899902
2025-11-06,3992.399902,4028.699951,3973.199951,3991.000000
2025-11-07,3986.899902,4035.800049,3981.600098,4009.800049
2025-11-10,4007.199951,4124.000000,4004.199951,4122.000000
2025-11-11,4124.000000,4155.000000,4102.799805,4116.299805
2025-11-12,4132.200195,4218.500000,4104.399902,4213.600098
2025-11-13,4202.399902,4250.000000,4148.500000,4194.500000
2025-11-14,4174.899902,4215.100098,4032.600098,4094.199951
2025-11-17,4084.399902,4107.600098,4006.800049,4074.500000
2025-11-18,4045.600098,4083.699951,3997.399902,4066.500000
2025-11-19,4067.800049,4134.299805,4055.600098,4082.800049
2025-11-20,4079.899902,4109.600098,4034.000000,4060.000000
2025-11-21,4074.899902,4101.000000,4018.100098,4079.500000
2025-11-24,4069.199951,4138.200195,4036.399902,4094.199951
2025-11-25,4133.500000,4156.299805,4106.700195,4140.000000
2025-11-26,4128.600098,4171.000000,4127.500000,4165.200195
2025-11-28,4198.600098,4263.100098,4174.600098,4254.899902
2025-12-01,4258.500000,4299.600098,4241.100098,4274.799805
2025-12-02,4265.299805,4269.200195,4194.000000,4220.799805
2025-12-03,4241.600098,4273.299805,4225.100098,4232.500000
2025-12-04,4234.500000,4251.100098,4203.299805,4243.000000
2025-12-05,4239.500000,4290.500000,4221.399902,4243.000000
2025-12-08,4228.100098,4247.899902,4204.000000,4217.700195
2025-12-09,4219.600098,4251.700195,4197.799805,4236.200195
2025-12-10,4237.500000,4268.799805,4207.799805,4224.700195
2025-12-11,4258.299805,4317.299805,4231.200195,4313.000000
2025-12-12,4309.100098,4387.799805,4286.000000,4328.299805
2025-12-15,4330.000000,4384.299805,4315.899902,4335.200195
2025-12-16,4334.299805,4367.899902,4297.399902,4332.299805
2025-12-17,4333.500000,4383.600098,4330.700195,4373.899902
2025-12-18,4371.500000,4409.500000,4338.000000,4364.500000
2025-12-19,4363.600098,4389.000000,4336.299805,4387.299805
2025-12-22,4369.899902,4484.500000,4367.899902,4469.399902
2025-12-23,4481.799805,4530.799805,4457.700195,4505.700195
2025-12-24,4516.700195,4555.100098,4474.299805,4502.799805
2025-12-26,4523.500000,4584.000000,4518.000000,4552.700195
2025-12-29,4568.000000,4581.299805,4316.000000,4343.600098
2025-12-30,4350.299805,4420.500000,4338.799805,4386.299805
2025-12-31,4353.000000,4384.899902,4284.299805,4341.100098
2026-01-02,4340.000000,4414.799805,4319.700195,4329.600098
2026-01-05,4368.299805,4467.600098,4354.600098,4451.500000
2026-01-06,4459.799805,4508.299805,4437.899902,4496.100098
2026-01-07,4505.399902,4512.399902,4432.899902,4462.500000
2026-01-08,4467.100098,4489.299805,4415.000000,4460.700195
2026-01-09,4489.299805,4527.000000,4461.799805,4500.899902
2026-01-12,4529.100098,4640.500000,4520.799805,4614.700195
2026-01-13,4610.000000,4644.000000,4576.700195,4599.100098
2026-01-14,4594.299805,4650.500000,4594.299805,4635.700195
2026-01-15,4635.700195,4637.200195,4584.000000,4623.700195
2026-01-16,4621.600098,4625.500000,4539.100098,4595.399902
2026-01-20,4633.700195,4771.500000,4622.200195,4765.799805
2026-01-21,4767.500000,4891.100098,4757.100098,4837.500000
2026-01-22,4836.200195,4944.299805,4772.700195,4913.399902
2026-01-23,4940.000000,4991.399902,4901.200195,4979.700195
2026-01-26,5013.399902,5107.899902,4983.600098,5082.500000
2026-01-27,5005.500000,5190.799805,5004.500000,5082.600098
2026-01-28,5179.000000,5415.200195,5154.799805,5303.600098
2026-01-29,5415.700195,5586.200195,5097.500000,5318.399902
2026-01-30,5410.000000,5480.200195,4700.399902,4745.100098
2026-02-02,4816.000000,4905.600098,4423.200195,4652.600098
2026-02-03,4691.000000,5018.100098,4690.200195,4935.000000
2026-02-04,4966.100098,5113.899902,4867.700195,4950.799805
2026-02-05,4986.600098,5045.000000,4779.600098,4889.500000
2026-02-06,4800.000000,4995.600098,4670.000000,4979.799805
2026-02-09,5003.600098,5111.100098,4988.600098,5079.399902
2026-02-10,5084.299805,5102.700195,5011.000000,5031.000000
2026-02-11,5048.000000,5144.500000,5036.299805,5098.500000
2026-02-12,5107.299805,5122.799805,4900.000000,4948.399902
2026-02-13,4950.000000,5069.100098,4907.100098,5046.299805
2026-02-17,5050.000000,5074.399902,4854.200195,4905.899902
2026-02-18,4898.500000,5031.899902,4868.500000,5009.500000
2026-02-19,4993.700195,5042.799805,4971.500000,4997.399902
2026-02-20,5015.000000,5131.000000,4999.299805,5080.899902
2026-02-23,5128.799805,5257.299805,5120.399902,5225.600098
2026-02-24,5247.500000,5269.399902,5109.500000,5176.299805
2026-02-25,5160.000000,5237.299805,5135.899902,5226.200195
2026-02-26,5175.299805,5221.899902,5144.799805,5194.200195
2026-02-27,5201.899902,5299.000000,5182.899902,5247.899902
2026-03-02,5360.000000,5434.100098,5272.899902,5311.600098
2026-03-03,5335.700195,5394.200195,5005.000000,5123.700195
2026-03-04,5110.000000,5218.299805,5092.799805,5134.700195
2026-03-05,5155.700195,5204.299805,5058.899902,5078.700195
2026-03-06,5099.700195,5185.000000,5071.000000,5158.700195
2026-03-09,5186.700195,5210.399902,5021.200195,5103.700195
2026-03-10,5152.399902,5248.700195,5127.100098,5242.100098
2026-03-11,5194.000000,5230.899902,5155.899902,5179.100098
2026-03-12,5185.399902,5197.799805,5058.200195,5125.799805
2026-03-13,5084.000000,5132.399902,5014.100098,5061.700195
2026-03-16,5010.000000,5044.500000,4970.100098,5002.200195
2026-03-17,5012.200195,5049.399902,4977.000000,5008.200195
2026-03-18,5010.600098,5022.000000,4809.299805,4896.200195
2026-03-19,4828.000000,4868.700195,4505.000000,4605.700195
2026-03-20,4653.899902,4738.200195,4478.399902,4574.899902
2026-03-23,4450.000000,4537.100098,4100.000000,4407.299805
2026-03-24,4414.799805,4485.600098,4306.299805,4402.000000
2026-03-25,4473.500000,4601.000000,4458.200195,4552.299805
2026-03-26,4508.899902,4541.600098,4348.200195,4376.299805
2026-03-27,4371.799805,4552.100098,4369.100098,4492.500000
2026-03-30,4482.799805,4579.100098,4413.399902,4526.000000
2026-03-31,4510.000000,4684.100098,4508.600098,4647.600098
2026-04-01,4698.399902,4821.000000,4690.000000,4813.100098
2026-04-02,4783.000000,4825.899902,4580.399902,4679.700195
2026-04-06,4675.000000,4733.100098,4626.200195,4684.700195
2026-04-07,4678.600098,4745.700195,4631.899902,4684.700195
2026-04-08,4747.200195,4888.000000,4720.600098,4777.200195
2026-04-09,4744.799805,4826.000000,4718.600098,4818.000000
2026-04-10,4790.500000,4820.000000,4752.700195,4787.399902
2026-04-13,4710.000000,4774.399902,4626.000000,4767.399902
2026-04-14,4769.299805,4870.299805,4767.600098,4850.100098
2026-04-15,4862.700195,4895.399902,4807.899902,4823.600098
2026-04-16,4813.600098,4861.299805,4792.100098,4808.299805
2026-04-17,4811.799805,4917.700195,4785.899902,4879.600098
2026-04-20,4811.799805,4847.899902,4752.000000,4828.799805
2026-04-21,4842.399902,4854.799805,4685.799805,4719.600098
2026-04-22,4738.700195,4790.799805,4733.100098,4753.000000
2026-04-23,4759.200195,4771.299805,4680.100098,4724.000000
2026-04-24,4715.600098,4757.100098,4672.200195,4740.899902
2026-04-27,4713.100098,4745.799805,4681.200195,4693.700195
2026-04-28,4697.500000,4716.500000,4567.600098,4608.399902
2026-04-29,4611.399902,4624.299805,4522.200195,4561.500000
2026-04-30,4557.000000,4658.799805,4550.799805,4629.600098
2026-05-01,4636.899902,4673.000000,4570.000000,4644.500000
2026-05-04,4644.000000,4650.600098,4510.100098,4533.299805
2026-05-05,4534.000000,4597.500000,4522.700195,4568.500000
2026-05-06,4569.299805,4734.600098,4556.100098,4694.299805
2026-05-07,4702.200195,4775.200195,4693.299805,4710.899902
2026-05-08,4682.500000,4760.399902,4671.000000,4730.700195
2026-05-11,4690.000000,4758.399902,4655.100098,4728.700195
2026-05-12,4745.299805,4783.399902,4645.200195,4686.700195
2026-05-13,4722.299805,4734.799805,4676.000000,4706.700195
2026-05-14,4696.799805,4725.799805,4649.299805,4685.299805
2026-05-15,4654.500000,4670.100098,4513.799805,4561.899902
2026-05-18,4547.600098,4588.600098,4483.500000,4558.000000
2026-05-19,4570.600098,4593.200195,4467.100098,4511.200195
2026-05-20,4486.600098,4558.399902,4455.000000,4535.299805
2026-05-21,4548.000000,4572.399902,4488.299805,4542.500000
2026-05-22,4544.200195,4547.000000,4488.000000,4523.200195
2026-05-26,4532.000000,4583.299805,4480.000000,4502.299805
2026-05-27,4507.399902,4528.100098,4398.500000,4448.399902
2026-05-28,4453.600098,4512.600098,4363.500000,4499.299805
2026-05-29,4527.600098,4627.100098,4519.500000,4593.000000
2026-06-01,4575.200195,4577.299805,4476.000000,4506.299805
2026-06-02,4515.799805,4571.299805,4492.299805,4519.899902
2026-06-03,4520.000000,4525.100098,4454.000000,4466.899902
2026-06-04,4462.600098,4543.200195,4450.100098,4505.000000
2026-06-05,4503.000000,4508.700195,4336.600098,4365.299805
2026-06-08,4354.000000,4377.500000,4293.000000,4363.399902
2026-06-09,4354.700195,4388.600098,4259.899902,4286.399902
2026-06-10,4276.100098,4281.100098,4090.100098,4133.299805
2026-06-11,4094.399902,4241.299805,4046.199951,4114.000000
2026-06-12,4234.899902,4267.799805,4191.100098,4238.799805
2026-06-15,4289.399902,4391.500000,4283.399902,4351.600098
2026-06-16,4331.299805,4376.500000,4326.700195,4354.399902
2026-06-17,4352.600098,4403.600098,4237.399902,4381.399902
2026-06-18,4275.100098,4350.200195,4220.299805,4245.899902
2026-06-22,4163.899902,4238.100098,4151.399902,4202.700195
2026-06-23,4210.799805,4216.000000,4108.200195,4149.399902
2026-06-24,4130.000000,4132.399902,3975.699951,4008.800049
2026-06-25,4019.000000,4060.000000,3976.300049,4047.600098
2026-06-26,4044.399902,4111.500000,3998.100098,4096.299805
2026-06-29,4101.100098,4102.899902,4012.000000,4038.899902
2026-06-30,4032.500000,4078.100098,3955.399902,4038.500000
2026-07-01,4025.000000,4131.000000,3973.000000,4082.399902
2026-07-02,4049.199951,4157.100098,4042.800049,4125.700195
2026-07-06,4187.500000,4215.500000,4140.600098,4167.500000
2026-07-07,4176.399902,4192.399902,4102.700195,4157.399902
2026-07-08,4106.500000,4144.700195,4032.500000,4082.399902
2026-07-09,4087.600098,4148.399902,4063.399902,4140.799805
2026-07-10,4135.399902,4144.600098,4081.699951,4113.700195
2026-07-13,4106.600098,4111.600098,3992.899902,4005.699951
2026-07-14,4005.899902,4112.500000,3990.399902,4069.699951
2026-07-15,4059.800049,4089.100098,4023.300049,4051.800049
2026-07-16,4068.899902,4071.899902,3973.399902,3992.100098
2026-07-17,3980.100098,4028.899902,3963.000000,4018.800049
2026-07-20,4005.600098,4046.000000,3986.500000,4015.899902
2026-07-21,4013.399902,4092.500000,4003.300049,4076.399902
2026-07-22,4084.699951,4171.399902,4081.000000,4151.899902
2026-07-23,4126.000000,4144.000000,4042.500000,4050.199951
2026-07-24,4053.399902,4085.199951,4024.000000,4070.800049
2026-07-27,4097.500000,4119.299805,4067.100098,4077.000000
2026-07-28,4083.000000,4085.699951,4011.100098,4038.699951
2026-07-29,4020.899902,4115.200195,3993.800049,4036.300049
2026-07-30,4060.699951,4118.500000,4028.500000,4100.100098
2026-07-31,4163.899902,4170.700195,4076.399902,4107.000000
2026-08-03,4135.200195,4145.500000,4074.000000,4090.500000
2026-08-04,4109.600098,4163.799805,4098.200195,4152.600098
2026-08-05,4133.799805,4328.200195,4121.600098,4305.200195
2026-08-06,4307.000000,4363.700195,4281.200195,4299.600098
2026-08-07,4298.299805,4432.299805,4288.000000,4399.700195
2026-08-10,4400.000000,4453.799805,4373.899902,4419.700195
2026-08-11,4446.899902,4495.000000,4415.700195,4441.100098
2026-08-12,4430.000000,4502.700195,4421.399902,4467.500000
2026-08-13,4468.799805,4509.100098,4400.000000,4420.399902
2026-08-14,4408.200195,4454.600098,4365.500000,4437.299805
2026-08-17,4440.000000,4486.500000,4422.299805,4473.700195
2026-08-18,4473.399902,4493.100098,4383.299805,4420.600098
2026-08-19,4391.399902,4582.799805,4378.000000,4545.299805
2026-08-20,4580.000000,4597.100098,4506.000000,4571.399902
2026-08-21,4577.000000,4690.399902,4565.500000,4680.600098
2026-08-24,4673.399902,4738.500000,4651.799805,4697.799805
2026-08-25,4710.100098,4755.000000,4659.500000,4694.500000
2026-08-26,4715.700195,4730.899902,4638.200195,4653.299805
2026-08-27,4650.000000,4697.700195,4616.000000,4664.000000
2026-08-28,4656.000000,4688.000000,4495.000000,4529.899902
2026-08-31,4483.200195,4521.500000,4445.600098,4481.500000
2026-09-01,4498.700195,4510.500000,4369.700195,4396.399902
2026-09-02,4377.200195,4444.399902,4329.200195,4414.600098
2026-09-03,4436.399902,4558.500000,4426.700195,4539.899902
2026-09-04,4522.000000,4537.799805,4412.000000,4476.600098
2026-09-08,4466.500000,4488.799805,4381.000000,4439.000000
2026-09-09,4399.000000,4479.000000,4384.100098,4460.700195
2026-09-10,4448.000000,4479.899902,4354.700195,4407.299805
2026-09-11,4359.399902,4444.899902,4333.000000,4408.899902
2026-09-14,4375.000000,4396.799805,4293.000000,4351.899902
2026-09-15,4340.299805,4358.200195,4301.600098,4332.799805
2026-09-16,4333.500000,4413.100098,4273.299805,4387.500000
2026-09-17,4301.399902,4423.299805,4294.500000,4399.700195
2026-09-18,4381.600098,4439.799805,4372.200195,4424.899902
2026-09-21,4413.000000,4422.100098,4360.299805,4383.899902
2026-09-22,4382.500000,4414.100098,4327.600098,4359.299805
