date,open,high,low,close
2019-01-02,30.355000,31.195000,30.315001,31.010000
2019-01-03,30.219999,30.240000,29.405001,29.445000
2019-01-04,29.985001,30.879999,29.889999,30.750000
2019-01-07,30.750000,31.235001,30.680000,31.025000
2019-01-08,31.325001,31.434999,30.915001,31.285000
2019-01-09,31.455000,31.855000,31.420000,31.690001
2019-01-10,31.440001,31.844999,31.295000,31.830000
2019-01-11,31.645000,31.790001,31.575001,31.770000
2019-01-14,31.490000,31.584999,31.365000,31.475000
2019-01-15,31.575001,32.014999,31.520000,31.950001
2019-01-16,31.985001,32.174999,31.920000,31.980000
2019-01-17,31.865000,32.369999,31.780001,32.185001
2019-01-18,32.505001,32.740002,32.294998,32.674999
2019-01-22,32.410000,32.465000,31.870001,32.125000
2019-01-23,32.259998,32.500000,31.875000,32.235001
2019-01-24,32.349998,32.619999,32.334999,32.505001
2019-01-25,32.750000,33.064999,32.630001,32.965000
2019-01-28,32.474998,32.535000,32.255001,32.525002
2019-01-29,32.590000,32.595001,32.125000,32.174999
2019-01-30,32.709999,33.270000,32.564999,33.174999
2019-01-31,33.005001,33.320000,32.900002,33.139999
2019-02-01,33.154999,33.514999,33.105000,33.334999
2019-02-04,33.380001,33.875000,33.355000,33.869999
2019-02-05,33.985001,34.240002,33.945000,34.154999
2019-02-06,34.195000,34.365002,34.064999,34.270000
2019-02-07,33.955002,34.099998,33.570000,33.799999
2019-02-08,33.494999,33.994999,33.474998,33.994999
2019-02-11,34.099998,34.205002,33.900002,33.980000
2019-02-12,34.215000,34.474998,34.165001,34.430000
2019-02-13,34.599998,34.724998,34.455002,34.474998
2019-02-14,34.345001,34.660000,34.320000,34.535000
2019-02-15,34.794998,34.845001,34.615002,34.810001
2019-02-19,34.669998,34.924999,34.634998,34.820000
2019-02-20,34.849998,35.005001,34.674999,34.860001
2019-02-21,34.775002,35.014999,34.660000,34.875000
2019-02-22,35.035000,35.340000,35.025002,35.320000
2019-02-25,35.584999,35.735001,35.465000,35.490002
2019-02-26,35.365002,35.665001,35.334999,35.564999
2019-02-27,35.430000,35.575001,35.165001,35.529999
2019-02-28,35.400002,35.564999,35.340000,35.430000
2019-03-01,35.709999,35.764999,35.384998,35.669998
2019-03-04,35.820000,35.910000,35.139999,35.535000
2019-03-05,35.514999,35.560001,35.320000,35.430000
2019-03-06,35.404999,35.445000,35.200001,35.244999
2019-03-07,35.145000,35.174999,34.794998,34.910000
2019-03-08,34.490002,34.935001,34.419998,34.904999
2019-03-11,35.029999,35.689999,35.029999,35.654999
2019-03-12,35.755001,35.985001,35.645000,35.865002
2019-03-13,36.020000,36.314999,36.000000,36.099998
2019-03-14,36.160000,36.285000,36.075001,36.174999
2019-03-15,36.185001,36.660000,36.160000,36.494999
2019-03-18,36.520000,36.744999,36.424999,36.650002
2019-03-19,36.799999,36.900002,36.580002,36.724998
2019-03-20,36.685001,36.924999,36.404999,36.625000
2019-03-21,36.630001,37.625000,36.625000,37.544998
2019-03-22,37.349998,37.505001,36.645000,36.660000
2019-03-25,36.540001,36.744999,36.264999,36.500000
2019-03-26,36.820000,37.055000,36.485001,36.700001
2019-03-27,36.755001,36.895000,36.169998,36.490002
2019-03-28,36.599998,36.790001,36.415001,36.639999
2019-03-29,36.945000,37.014999,36.764999,37.000000
2019-04-01,37.360001,37.549999,37.150002,37.505001
2019-04-02,37.535000,37.685001,37.419998,37.634998
2019-04-03,37.860001,38.130001,37.790001,37.939999
2019-04-04,37.924999,38.025002,37.555000,37.779999
2019-04-05,37.904999,38.000000,37.840000,37.959999
2019-04-08,37.869999,38.125000,37.709999,38.105000
2019-04-09,37.939999,38.080002,37.840000,37.924999
2019-04-10,37.959999,38.200001,37.939999,38.189999
2019-04-11,38.270000,38.279999,38.060001,38.139999
2019-04-12,38.355000,38.404999,38.139999,38.404999
2019-04-15,38.404999,38.500000,38.185001,38.389999
2019-04-16,38.509998,38.625000,38.400002,38.584999
2019-04-17,38.830002,38.849998,38.610001,38.799999
2019-04-18,38.884998,38.919998,38.619999,38.910000
2019-04-22,38.730000,39.014999,38.695000,39.000000
2019-04-23,39.060001,39.474998,39.020000,39.424999
2019-04-24,39.455002,39.619999,39.380001,39.439999
2019-04-25,39.619999,39.730000,39.220001,39.430000
2019-04-26,39.189999,39.290001,38.860001,39.279999
2019-04-29,39.285000,39.415001,39.244999,39.290001
2019-04-30,39.270000,39.410000,39.049999,39.355000
2019-05-01,39.750000,39.849998,39.250000,39.255001
2019-05-02,39.244999,39.529999,38.840000,39.049999
2019-05-03,39.189999,39.455002,39.134998,39.419998
2019-05-06,38.480000,39.180000,38.330002,39.115002
2019-05-07,38.674999,38.825001,37.924999,38.275002
2019-05-08,38.150002,38.560001,38.084999,38.230000
2019-05-09,37.755001,38.095001,37.330002,37.970001
2019-05-10,37.724998,38.259998,37.180000,38.090000
2019-05-13,37.014999,37.235001,36.549999,36.654999
2019-05-14,36.840000,37.474998,36.810001,37.244999
2019-05-15,36.985001,37.764999,36.924999,37.650002
2019-05-16,37.674999,38.270000,37.625000,37.994999
2019-05-17,37.605000,38.200001,37.599998,37.689999
2019-05-20,37.055000,37.345001,36.855000,37.035000
2019-05-21,37.424999,37.610001,37.340000,37.490002
2019-05-22,37.244999,37.520000,37.224998,37.294998
2019-05-23,36.790001,36.810001,36.369999,36.639999
2019-05-24,36.840000,37.029999,36.610001,36.650002
2019-05-28,36.764999,37.000000,36.525002,36.544998
2019-05-29,36.275002,36.505001,36.084999,36.330002
2019-05-30,36.415001,36.630001,36.305000,36.555000
2019-05-31,36.115002,36.285000,35.930000,35.945000
2019-06-03,36.000000,36.200001,35.075001,35.314999
2019-06-04,35.764999,36.494999,35.584999,36.494999
2019-06-05,36.980000,37.055000,36.549999,36.970001
2019-06-06,37.070000,37.474998,36.900002,37.400002
2019-06-07,37.595001,38.320000,37.520000,38.095001
2019-06-10,38.369999,38.845001,38.369999,38.485001
2019-06-11,38.875000,38.915001,38.264999,38.485001
2019-06-12,38.299999,38.404999,38.180000,38.270000
2019-06-13,38.404999,38.520000,38.244999,38.384998
2019-06-14,38.035000,38.174999,37.884998,38.049999
2019-06-17,38.075001,38.270000,37.994999,38.080002
2019-06-18,38.485001,38.959999,38.365002,38.770000
2019-06-19,38.869999,39.009998,38.605000,38.910000
2019-06-20,39.480000,39.610001,39.150002,39.480000
2019-06-21,39.195000,39.494999,39.139999,39.154999
2019-06-24,39.224998,39.360001,39.169998,39.230000
2019-06-25,39.209999,39.244999,38.465000,38.509998
2019-06-26,38.884998,39.200001,38.875000,38.924999
2019-06-27,39.055000,39.160000,38.939999,39.025002
2019-06-28,39.145000,39.189999,38.900002,39.020000
2019-07-01,39.915001,39.965000,39.474998,39.639999
2019-07-02,39.619999,39.770000,39.529999,39.744999
2019-07-03,39.845001,40.049999,39.764999,40.049999
2019-07-05,39.724998,40.044998,39.580002,39.974998
2019-07-08,39.665001,39.720001,39.485001,39.669998
2019-07-09,39.465000,39.840000,39.404999,39.810001
2019-07-10,40.029999,40.365002,40.000000,40.125000
2019-07-11,40.224998,40.430000,40.139999,40.275002
2019-07-12,40.400002,40.595001,40.330002,40.570000
2019-07-15,40.680000,40.755001,40.590000,40.705002
2019-07-16,40.654999,40.660000,40.255001,40.325001
2019-07-17,40.400002,40.490002,40.215000,40.220001
2019-07-18,40.130001,40.580002,40.099998,40.520000
2019-07-19,40.924999,40.939999,40.294998,40.345001
2019-07-22,40.500000,40.910000,40.494999,40.810001
2019-07-23,41.044998,41.075001,40.730000,41.035000
2019-07-24,40.980000,41.389999,40.980000,41.375000
2019-07-25,41.285000,41.285000,40.985001,41.205002
2019-07-26,41.224998,41.375000,41.185001,41.294998
2019-07-29,41.314999,41.340000,40.950001,41.270000
2019-07-30,40.985001,41.180000,40.895000,41.005001
2019-07-31,41.224998,41.270000,39.959999,40.384998
2019-08-01,40.455002,41.310001,39.980000,40.180000
2019-08-02,39.855000,39.869999,39.165001,39.525002
2019-08-05,38.470001,38.525002,37.570000,37.875000
2019-08-06,38.384998,38.645000,38.064999,38.505001
2019-08-07,38.064999,38.849998,37.855000,38.744999
2019-08-08,39.055000,39.705002,38.955002,39.695000
2019-08-09,39.459999,39.570000,38.945000,39.244999
2019-08-12,38.974998,39.119999,38.549999,38.730000
2019-08-13,38.695000,39.849998,38.610001,39.700001
2019-08-14,38.970001,39.145000,38.380001,38.480000
2019-08-15,38.514999,38.610001,38.084999,38.410000
2019-08-16,38.805000,39.220001,38.750000,39.139999
2019-08-19,39.755001,39.855000,39.529999,39.735001
2019-08-20,39.685001,39.884998,39.514999,39.535000
2019-08-21,39.915001,40.099998,39.820000,40.000000
2019-08-22,40.105000,40.195000,39.549999,39.904999
2019-08-23,39.685001,40.049999,38.424999,38.584999
2019-08-26,39.060001,39.134998,38.794998,39.119999
2019-08-27,39.375000,39.445000,38.834999,39.060001
2019-08-28,38.849998,39.160000,38.570000,39.095001
2019-08-29,39.625000,39.895000,39.485001,39.775002
2019-08-30,40.035000,40.084999,39.480000,39.764999
2019-09-03,39.435001,39.785000,39.139999,39.279999
2019-09-04,39.705002,39.970001,39.665001,39.950001
2019-09-05,40.474998,40.950001,40.455002,40.785000
2019-09-06,40.875000,40.895000,40.639999,40.750000
2019-09-09,40.939999,40.959999,40.230000,40.445000
2019-09-10,40.259998,40.259998,39.785000,40.240002
2019-09-11,40.365002,40.669998,40.279999,40.660000
2019-09-12,40.910000,41.209999,40.709999,40.880001
2019-09-13,40.814999,40.814999,40.535000,40.580002
2019-09-16,40.244999,40.570000,40.205002,40.480000
2019-09-17,40.509998,40.645000,40.415001,40.645000
2019-09-18,40.580002,40.669998,40.090000,40.639999
2019-09-19,40.764999,41.090000,40.674999,40.730000
2019-09-20,40.735001,40.755001,40.025002,40.130001
2019-09-23,40.134998,40.375000,40.049999,40.255001
2019-09-24,40.520000,40.674999,39.695000,39.865002
2019-09-25,39.810001,40.450001,39.445000,40.340000
2019-09-26,40.325001,40.525002,40.070000,40.384998
2019-09-27,40.384998,40.470001,39.544998,39.845001
2019-09-30,40.014999,40.360001,39.959999,40.264999
2019-10-01,40.445000,40.715000,39.875000,39.889999
2019-10-02,39.625000,39.634998,38.845001,39.139999
2019-10-03,39.125000,39.634998,38.639999,39.619999
2019-10-04,39.900002,40.325001,39.860001,40.275002
2019-10-07,40.139999,40.439999,40.075001,40.105000
2019-10-08,39.845001,39.965000,39.365002,39.369999
2019-10-09,39.779999,40.105000,39.720001,39.955002
2019-10-10,39.915001,40.389999,39.884998,40.230000
2019-10-11,40.724998,41.145000,40.660000,40.785000
2019-10-14,40.744999,40.930000,40.740002,40.759998
2019-10-15,40.924999,41.310001,40.884998,41.209999
2019-10-16,40.985001,41.005001,40.775002,40.924999
2019-10-17,41.064999,41.180000,40.630001,40.845001
2019-10-18,40.785000,40.845001,40.200001,40.455002
2019-10-21,40.695000,40.910000,40.549999,40.889999
2019-10-22,40.970001,41.115002,40.310001,40.340000
2019-10-23,40.215000,40.380001,40.130001,40.375000
2019-10-24,40.805000,41.000000,40.654999,40.965000
2019-10-25,40.965000,41.509998,40.939999,41.459999
2019-10-28,41.825001,42.005001,41.805000,41.985001
2019-10-29,41.950001,42.025002,41.590000,41.605000
2019-10-30,41.730000,41.910000,41.450001,41.860001
2019-10-31,41.924999,41.970001,41.564999,41.834999
2019-11-01,41.974998,42.334999,41.910000,42.334999
2019-11-04,42.660000,42.685001,42.465000,42.555000
2019-11-05,42.674999,42.689999,42.360001,42.505001
2019-11-06,42.500000,42.525002,42.270000,42.485001
2019-11-07,42.770000,43.060001,42.700001,42.820000
2019-11-08,42.709999,43.060001,42.540001,43.060001
2019-11-11,42.814999,43.139999,42.759998,43.080002
2019-11-12,43.139999,43.384998,43.035000,43.224998
2019-11-13,43.055000,43.360001,43.044998,43.320000
2019-11-14,43.150002,43.305000,43.029999,43.270000
2019-11-15,43.575001,43.619999,43.439999,43.619999
2019-11-18,43.605000,43.814999,43.439999,43.750000
2019-11-19,43.924999,43.965000,43.674999,43.834999
2019-11-20,43.735001,43.865002,43.240002,43.570000
2019-11-21,43.485001,43.535000,43.259998,43.349998
2019-11-22,43.474998,43.544998,43.125000,43.294998
2019-11-25,43.490002,43.924999,43.474998,43.924999
2019-11-26,43.950001,44.075001,43.880001,43.965000
2019-11-27,44.099998,44.209999,43.970001,44.209999
2019-11-29,44.095001,44.165001,44.005001,44.080002
2019-12-02,44.099998,44.099998,43.259998,43.450001
2019-12-03,42.764999,43.095001,42.580002,43.064999
2019-12-04,43.345001,43.380001,43.174999,43.240002
2019-12-05,43.395000,43.435001,43.195000,43.400002
2019-12-06,43.730000,43.919998,43.695000,43.880001
2019-12-09,43.805000,43.945000,43.650002,43.650002
2019-12-10,43.720001,43.915001,43.575001,43.685001
2019-12-11,43.799999,44.020000,43.709999,43.980000
2019-12-12,43.855000,44.514999,43.750000,44.450001
2019-12-13,44.404999,44.845001,44.320000,44.744999
2019-12-16,45.084999,45.299999,45.075001,45.145000
2019-12-17,45.224998,45.244999,44.980000,45.040001
2019-12-18,45.095001,45.209999,45.020000,45.035000
2019-12-19,45.064999,45.365002,45.049999,45.360001
2019-12-20,45.480000,45.529999,45.360001,45.474998
2019-12-23,45.615002,45.720001,45.549999,45.605000
2019-12-24,45.685001,45.685001,45.514999,45.619999
2019-12-26,45.715000,45.970001,45.685001,45.959999
2019-12-27,46.145000,46.145000,45.840000,45.955002
2019-12-30,45.945000,45.950001,45.340000,45.689999
2019-12-31,45.535000,45.884998,45.474998,45.834999
2020-01-02,46.250000,46.695000,46.160000,46.695000
2020-01-03,46.014999,46.490002,46.009998,46.169998
2020-01-06,45.709999,46.330002,45.625000,46.279999
2020-01-07,46.360001,46.490002,46.189999,46.259998
2020-01-08,46.310001,46.959999,46.224998,46.755001
2020-01-09,47.185001,47.314999,46.945000,47.285000
2020-01-10,47.490002,47.555000,47.095001,47.174999
2020-01-13,47.389999,47.820000,47.365002,47.764999
2020-01-14,47.825001,47.869999,47.465000,47.540001
2020-01-15,47.570000,47.825001,47.435001,47.595001
2020-01-16,47.900002,48.244999,47.834999,48.235001
2020-01-17,48.459999,48.605000,48.200001,48.560001
2020-01-21,48.410000,48.820000,48.400002,48.540001
2020-01-22,48.845001,49.055000,48.674999,48.715000
2020-01-23,48.764999,48.985001,48.555000,48.945000
2020-01-24,49.305000,49.415001,48.544998,48.715000
2020-01-27,47.580002,47.930000,47.355000,47.555000
2020-01-28,47.970001,48.595001,47.869999,48.465000
2020-01-29,48.865002,48.935001,48.395000,48.590000
2020-01-30,48.570000,49.055000,48.275002,49.009998
2020-01-31,48.724998,48.750000,47.494999,47.665001
2020-02-03,47.720001,48.415001,47.665001,48.294998
2020-02-04,49.134998,49.665001,49.014999,49.560001
2020-02-05,50.375000,50.400002,49.490002,49.849998
2020-02-06,50.055000,50.320000,49.830002,50.305000
2020-02-07,50.070000,50.264999,49.744999,49.845001
2020-02-10,49.555000,50.529999,49.544998,50.520000
2020-02-11,50.904999,50.950001,50.200001,50.349998
2020-02-12,50.695000,50.915001,50.410000,50.895000
2020-02-13,50.494999,51.025002,50.419998,50.759998
2020-02-14,50.860001,51.064999,50.700001,50.980000
2020-02-18,50.570000,50.900002,50.514999,50.790001
2020-02-19,51.119999,51.470001,51.084999,51.395000
2020-02-20,51.285000,51.410000,50.165001,50.860001
2020-02-21,50.599998,50.645000,49.410000,49.720001
2020-02-24,47.334999,48.355000,46.900002,47.665001
2020-02-25,48.095001,48.270000,45.970001,46.139999
2020-02-26,46.314999,47.355000,46.000000,46.349998
2020-02-27,44.830002,45.779999,43.820000,43.849998
2020-02-28,42.105000,44.605000,42.029999,44.185001
2020-03-02,44.980000,46.750000,44.189999,46.740002
2020-03-03,47.005001,47.330002,44.490002,44.965000
2020-03-04,45.935001,46.910000,45.299999,46.895000
2020-03-05,45.645000,46.514999,45.119999,45.415001
2020-03-06,43.895000,44.720001,43.244999,44.455002
2020-03-09,40.790001,43.000000,40.750000,41.080002
2020-03-10,42.840000,43.825001,41.310001,43.820000
2020-03-11,42.645000,42.910000,41.154999,41.750000
2020-03-12,38.720001,40.950001,37.500000,37.674999
2020-03-13,40.044998,42.189999,38.150002,42.095001
2020-03-16,35.860001,39.605000,35.595001,36.279999
2020-03-17,37.134998,39.220001,35.970001,38.750000
2020-03-18,36.174999,37.910000,35.134998,37.290001
2020-03-19,36.945000,38.695000,36.060001,37.424999
2020-03-20,38.130001,38.520000,35.590000,35.709999
2020-03-23,35.345001,36.110001,34.049999,35.200001
2020-03-24,37.330002,38.834999,37.180000,38.805000
2020-03-25,39.099998,40.544998,38.009998,38.755001
2020-03-26,39.244999,41.255001,39.150002,41.154999
2020-03-27,39.880001,40.630001,39.125000,39.294998
2020-03-30,39.820000,41.044998,39.695000,40.950001
2020-03-31,40.855000,41.590000,39.974998,40.185001
2020-04-01,38.794998,39.625000,37.985001,38.270000
2020-04-02,38.134998,39.215000,37.980000,39.165001
2020-04-03,38.994999,39.415001,38.075001,38.560001
2020-04-06,40.255001,42.125000,40.000000,41.849998
2020-04-07,43.325001,43.340000,41.430000,41.474998
2020-04-08,42.020000,42.764999,41.625000,42.590000
2020-04-09,43.095001,43.314999,42.299999,42.599998
2020-04-13,42.430000,42.755001,41.825001,42.695000
2020-04-14,43.645000,44.564999,43.470001,44.485001
2020-04-15,43.599998,43.869999,43.189999,43.514999
2020-04-16,44.084999,44.154999,43.325001,44.044998
2020-04-17,44.825001,44.834999,43.985001,44.630001
2020-04-20,44.025002,44.610001,43.855000,43.915001
2020-04-21,43.294998,43.400002,41.820000,42.075001
2020-04-22,43.095001,43.935001,42.939999,43.695000
2020-04-23,43.794998,44.290001,43.360001,43.395000
2020-04-24,43.575001,44.325001,43.294998,44.314999
2020-04-27,44.715000,44.845001,44.424999,44.695000
2020-04-28,45.250000,45.279999,44.040001,44.099998
2020-04-29,45.040001,46.070000,44.880001,45.910000
2020-04-30,46.005001,46.005001,45.365002,45.705002
2020-05-01,44.700001,45.325001,44.279999,44.450001
2020-05-04,44.244999,45.084999,44.040001,45.040001
2020-05-05,45.555000,46.240002,45.474998,45.660000
2020-05-06,46.099998,46.459999,45.810001,46.014999
2020-05-07,46.639999,46.970001,46.570000,46.705002
2020-05-08,47.150002,47.455002,46.875000,47.389999
2020-05-11,47.064999,47.985001,46.970001,47.705002
2020-05-12,47.900002,48.035000,46.685001,46.720001
2020-05-13,46.744999,47.105000,45.310001,45.915001
2020-05-14,45.595001,46.529999,45.095001,46.500000
2020-05-15,45.764999,46.744999,45.634998,46.735001
2020-05-18,47.654999,48.150002,47.490002,47.880001
2020-05-19,47.900002,48.445000,47.685001,47.705002
2020-05-20,48.365002,48.840000,48.340000,48.750000
2020-05-21,48.700001,48.845001,48.044998,48.070000
2020-05-22,48.000000,48.305000,47.805000,48.244999
2020-05-26,49.209999,49.244999,48.154999,48.195000
2020-05-27,48.189999,48.490002,47.165001,48.470001
2020-05-28,48.290001,49.259998,48.255001,48.375000
2020-05-29,48.520000,49.099998,48.115002,48.985001
2020-06-01,48.755001,49.075001,48.540001,48.970001
2020-06-02,49.070000,49.430000,48.605000,49.430000
2020-06-03,49.630001,49.974998,49.415001,49.814999
2020-06-04,49.619999,49.965000,49.130001,49.404999
2020-06-05,49.755001,50.849998,49.669998,50.705002
2020-06-08,50.615002,50.980000,50.150002,50.959999
2020-06-09,50.705002,51.450001,50.660000,51.200001
2020-06-10,51.570000,52.445000,51.474998,52.055000
2020-06-11,51.150002,51.224998,49.055000,49.070000
2020-06-12,50.384998,50.634998,48.840000,49.705002
2020-06-15,48.799999,50.410000,48.639999,50.185001
2020-06-16,51.384998,51.695000,50.459999,51.255001
2020-06-17,51.544998,51.730000,51.160000,51.244999
2020-06-18,51.150002,51.529999,51.040001,51.474998
2020-06-19,52.095001,52.154999,50.875000,51.119999
2020-06-22,51.044998,51.985001,50.965000,51.939999
2020-06-23,52.404999,52.915001,52.240002,52.314999
2020-06-24,52.099998,52.389999,50.855000,51.134998
2020-06-25,51.209999,51.845001,50.654999,51.790001
2020-06-26,51.689999,51.764999,50.615002,50.770000
2020-06-29,50.764999,51.330002,50.154999,51.325001
2020-06-30,51.330002,52.455002,51.259998,52.244999
2020-07-01,52.279999,52.634998,52.040001,52.330002
2020-07-02,52.825001,53.110001,52.525002,52.634998
2020-07-06,53.314999,53.805000,53.285000,53.555000
2020-07-07,53.494999,54.035000,52.939999,52.994999
2020-07-08,53.415001,53.865002,53.130001,53.860001
2020-07-09,54.299999,54.310001,53.279999,54.055000
2020-07-10,53.930000,54.064999,53.400002,54.040001
2020-07-13,54.500000,54.860001,52.785000,52.919998
2020-07-14,52.500000,53.605000,51.939999,53.529999
2020-07-15,54.020000,54.285000,53.189999,53.820000
2020-07-16,53.244999,53.395000,52.744999,53.154999
2020-07-17,53.470001,53.564999,52.924999,53.415001
2020-07-20,53.564999,54.910000,53.264999,54.779999
2020-07-21,55.169998,55.189999,54.029999,54.230000
2020-07-22,54.279999,54.834999,54.235001,54.665001
2020-07-23,54.375000,54.735001,53.005001,53.244999
2020-07-24,52.355000,52.945000,51.735001,52.599998
2020-07-27,52.919998,53.485001,52.814999,53.430000
2020-07-28,53.264999,53.430000,52.764999,52.805000
2020-07-29,53.005001,53.715000,53.005001,53.570000
2020-07-30,53.084999,53.904999,52.799999,53.869999
2020-07-31,54.720001,55.235001,53.830002,55.215000
2020-08-03,55.965000,56.755001,55.939999,56.575001
2020-08-04,56.455002,56.724998,56.209999,56.720001
2020-08-05,56.900002,57.060001,56.645000,56.930000
2020-08-06,56.884998,57.785000,56.759998,57.730000
2020-08-07,57.500000,57.505001,56.419998,56.869999
2020-08-10,56.980000,57.075001,55.945000,56.709999
2020-08-11,56.525002,56.764999,55.575001,55.689999
2020-08-12,56.139999,57.105000,56.070000,56.955002
2020-08-13,57.035000,57.455002,56.775002,56.980000
2020-08-14,57.005001,57.105000,56.625000,56.939999
2020-08-17,57.285000,57.450001,57.215000,57.320000
2020-08-18,57.430000,57.689999,57.049999,57.535000
2020-08-19,57.680000,57.935001,57.369999,57.465000
2020-08-20,57.250000,58.345001,57.189999,58.230000
2020-08-21,58.285000,59.035000,58.255001,58.970001
2020-08-24,59.820000,59.840000,58.985001,59.480000
2020-08-25,59.345001,59.805000,59.255001,59.779999
2020-08-26,60.404999,61.154999,60.270000,60.994999
2020-08-27,61.250000,61.529999,60.494999,61.044998
2020-08-28,61.285000,61.779999,61.205002,61.580002
2020-08-31,61.825001,62.174999,61.439999,61.775002
2020-09-01,62.330002,63.035000,61.939999,62.955002
2020-09-02,63.855000,63.860001,62.404999,63.514999
2020-09-03,62.500000,62.549999,59.400002,59.895000
2020-09-04,59.560001,60.410000,56.525002,59.060001
2020-09-08,56.814999,58.165001,56.290001,56.389999
2020-09-09,57.764999,58.799999,57.134998,58.230000
2020-09-10,59.029999,59.119999,56.570000,56.915001
2020-09-11,57.450001,57.669998,55.759998,56.480000
2020-09-14,57.419998,57.974998,57.150002,57.665001
2020-09-15,58.544998,58.650002,57.845001,58.235001
2020-09-16,58.494999,58.575001,57.279999,57.334999
2020-09-17,55.994999,57.255001,55.904999,56.860001
2020-09-18,56.955002,57.055000,55.189999,55.880001
2020-09-21,54.750000,56.244999,54.555000,56.220001
2020-09-22,56.855000,57.255001,55.889999,57.110001
2020-09-23,57.139999,57.195000,55.160000,55.330002
2020-09-24,54.814999,56.330002,54.744999,55.639999
2020-09-25,55.669998,57.139999,55.320000,56.970001
2020-09-28,57.915001,58.064999,57.435001,58.060001
2020-09-29,57.985001,58.230000,57.740002,57.865002
2020-09-30,57.834999,58.945000,57.810001,58.349998
2020-10-01,59.160000,59.240002,58.590000,58.965000
2020-10-02,57.514999,58.470001,57.240002,57.470001
2020-10-05,57.880001,58.764999,57.845001,58.730000
2020-10-06,58.590000,59.145000,57.615002,57.820000
2020-10-07,58.424999,58.994999,58.380001,58.880001
2020-10-08,59.395000,59.395000,58.985001,59.185001
2020-10-09,59.465000,60.105000,59.450001,60.090000
2020-10-12,60.974998,62.134998,60.669998,61.730000
2020-10-13,61.930000,62.040001,61.099998,61.334999
2020-10-14,61.485001,61.810001,60.555000,61.009998
2020-10-15,60.000000,60.855000,59.840000,60.735001
2020-10-16,61.070000,61.314999,60.505001,60.560001
2020-10-19,60.865002,61.095001,59.264999,59.450001
2020-10-20,59.674999,60.285000,59.290001,59.654999
2020-10-21,59.509998,60.134998,59.430000,59.564999
2020-10-22,59.590000,59.785000,58.605000,59.285000
2020-10-23,59.369999,59.380001,58.724998,59.220001
2020-10-26,58.564999,59.035000,57.215000,57.935001
2020-10-27,58.215000,58.470001,57.895000,58.224998
2020-10-28,57.119999,57.154999,55.660000,55.755001
2020-10-29,55.970001,57.340000,55.935001,56.685001
2020-10-30,55.889999,56.240002,54.785000,55.430000
2020-11-02,55.855000,56.310001,55.040001,55.570000
2020-11-03,56.005001,57.049999,55.775002,56.549999
2020-11-04,58.270000,59.189999,57.685001,58.750000
2020-11-05,60.294998,60.750000,60.044998,60.575001
2020-11-06,60.430000,60.985001,59.605000,60.790001
2020-11-09,62.080002,62.680000,60.294998,60.349998
2020-11-10,59.825001,60.244999,58.744999,59.224998
2020-11-11,59.825001,60.794998,59.705002,60.630001
2020-11-12,60.630001,60.930000,59.810001,60.090000
2020-11-13,60.544998,60.724998,59.974998,60.599998
2020-11-16,60.605000,61.294998,60.480000,61.185001
2020-11-17,60.880001,61.174999,60.584999,60.845001
2020-11-18,60.740002,61.029999,60.169998,60.195000
2020-11-19,60.075001,60.790001,59.810001,60.680000
2020-11-20,60.735001,60.750000,60.035000,60.055000
2020-11-23,60.240002,60.634998,59.520000,60.040001
2020-11-24,60.270000,60.994999,59.834999,60.875000
2020-11-25,61.084999,61.259998,60.775002,61.005001
2020-11-27,61.330002,61.590000,61.215000,61.330002
2020-11-30,61.310001,61.830002,60.615002,61.740002
2020-12-01,62.250000,62.875000,61.990002,62.529999
2020-12-02,62.264999,62.505001,61.794998,62.435001
2020-12-03,62.505001,62.814999,62.230000,62.395000
2020-12-04,62.485001,63.029999,62.349998,63.020000
2020-12-07,63.055000,63.384998,62.945000,63.200001
2020-12-08,63.139999,63.605000,62.869999,63.404999
2020-12-09,63.365002,63.555000,61.974998,62.189999
2020-12-10,61.810001,62.575001,61.665001,62.279999
2020-12-11,61.904999,62.150002,61.450001,62.150002
2020-12-14,62.340000,62.935001,62.299999,62.375000
2020-12-15,63.049999,63.415001,62.645000,63.415001
2020-12-16,63.500000,64.070000,63.290001,63.845001
2020-12-17,64.309998,64.489998,64.044998,64.349998
2020-12-18,64.445000,64.455002,63.715000,64.125000
2020-12-21,63.165001,64.070000,62.599998,64.040001
2020-12-22,64.394997,64.885002,64.099998,64.595001
2020-12-23,64.669998,64.714996,64.010002,64.105003
2020-12-24,64.214996,64.690002,64.169998,64.529999
2020-12-28,65.169998,65.389999,64.864998,65.260002
2020-12-29,65.614998,65.699997,64.834999,64.949997
2020-12-30,65.175003,65.309998,64.820000,64.915001
2020-12-31,64.945000,65.195000,64.485001,65.010002
2021-01-04,65.339996,65.355003,63.119999,63.950001
2021-01-05,63.805000,64.470001,63.764999,64.364998
2021-01-06,63.445000,64.489998,63.060001,63.255001
2021-01-07,63.865002,65.084999,63.840000,64.959999
2021-01-08,65.279999,65.555000,64.639999,65.379997
2021-01-11,64.745003,65.300003,64.570000,64.839996
2021-01-12,64.760002,64.845001,63.915001,64.529999
2021-01-13,64.614998,65.139999,64.489998,64.940002
2021-01-14,65.099998,65.235001,64.275002,64.370003
2021-01-15,64.275002,64.559998,63.580002,63.709999
2021-01-19,64.150002,64.650002,63.924999,64.540001
2021-01-20,65.035004,66.050003,64.945000,65.820000
2021-01-21,66.175003,66.889999,65.820000,66.669998
2021-01-22,66.389999,66.750000,66.254997,66.415001
2021-01-25,67.165001,67.394997,65.349998,66.970001
2021-01-26,67.205002,67.309998,66.760002,67.014999
2021-01-27,66.695000,66.910004,65.154999,65.750000
2021-01-28,66.084999,67.120003,65.860001,66.019997
2021-01-29,65.690002,65.949997,64.114998,64.464996
2021-02-01,65.230003,66.400002,64.750000,66.080002
2021-02-02,66.720001,67.169998,66.625000,66.974998
2021-02-03,67.110001,67.250000,66.544998,66.745003
2021-02-04,67.105003,67.809998,66.910004,67.809998
2021-02-05,68.014999,68.025002,67.464996,67.660004
2021-02-08,67.934998,68.400002,67.839996,68.370003
2021-02-09,68.190002,68.614998,68.169998,68.290001
2021-02-10,68.565002,68.650002,67.610001,68.190002
2021-02-11,68.650002,68.985001,68.385002,68.940002
2021-02-12,68.760002,69.339996,68.570000,69.294998
2021-02-16,69.570000,69.620003,68.889999,69.070000
2021-02-17,68.434998,68.610001,67.769997,68.459999
2021-02-18,67.750000,68.239998,67.264999,68.125000
2021-02-19,68.474998,68.535004,67.720001,68.025002
2021-02-22,67.190002,67.410004,66.485001,66.525002
2021-02-23,65.419998,66.750000,64.305000,66.339996
2021-02-24,65.845001,67.415001,65.339996,67.355003
2021-02-25,66.754997,67.199997,64.709999,65.000000
2021-02-26,65.644997,66.349998,64.764999,65.345001
2021-03-01,66.455002,67.489998,66.035004,67.449997
2021-03-02,67.544998,67.589996,66.285004,66.379997
2021-03-03,66.059998,66.250000,64.639999,64.709999
2021-03-04,64.510002,64.980003,62.480000,63.279999
2021-03-05,64.070000,64.654999,62.355000,64.474998
2021-03-08,64.415001,64.724998,62.849998,62.915001
2021-03-09,64.385002,65.455002,64.300003,65.055000
2021-03-10,65.754997,65.764999,64.745003,64.794998
2021-03-11,65.769997,66.589996,65.629997,66.180000
2021-03-12,65.389999,65.724998,64.970001,65.705002
2021-03-15,65.754997,66.445000,65.495003,66.404999
2021-03-16,66.915001,67.544998,66.620003,66.904999
2021-03-17,66.364998,67.250000,65.860001,66.849998
2021-03-18,65.934998,66.050003,64.915001,64.995003
2021-03-19,65.010002,65.294998,64.489998,64.800003
2021-03-22,65.010002,66.254997,64.904999,65.934998
2021-03-23,66.114998,66.404999,65.349998,65.525002
2021-03-24,65.919998,65.930000,64.720001,64.730003
2021-03-25,64.345001,64.980003,63.860001,64.690002
2021-03-26,64.654999,66.404999,64.629997,66.334999
2021-03-29,66.135002,66.320000,65.489998,65.989998
2021-03-30,65.525002,65.595001,64.970001,65.364998
2021-03-31,65.864998,66.809998,65.809998,66.404999
2021-04-01,67.129997,67.745003,67.065002,67.739998
2021-04-05,68.135002,69.260002,68.044998,69.139999
2021-04-06,69.029999,69.254997,68.614998,68.845001
2021-04-07,68.790001,69.334999,68.540001,69.209999
2021-04-08,69.860001,70.224998,69.739998,70.209999
2021-04-09,69.955002,70.904999,69.830002,70.885002
2021-04-12,70.595001,70.769997,70.199997,70.544998
2021-04-13,70.815002,71.264999,70.684998,71.209999
2021-04-14,71.199997,71.235001,70.320000,70.455002
2021-04-15,71.099998,71.720001,71.089996,71.665001
2021-04-16,71.720001,71.785004,71.349998,71.650002
2021-04-19,71.330002,71.660004,70.629997,71.055000
2021-04-20,70.904999,71.214996,70.029999,70.425003
2021-04-21,70.300003,71.160004,70.105003,71.135002
2021-04-22,71.010002,71.315002,69.989998,70.300003
2021-04-23,70.430000,71.574997,70.415001,71.349998
2021-04-26,71.375000,71.790001,71.324997,71.714996
2021-04-27,71.830002,71.885002,71.285004,71.540001
2021-04-28,71.125000,71.220001,70.705002,70.875000
2021-04-29,71.455002,71.544998,70.095001,70.815002
2021-04-30,70.095001,70.474998,69.684998,69.849998
2021-05-03,70.224998,70.364998,69.480003,69.654999
2021-05-04,69.135002,69.154999,67.644997,68.404999
2021-05-05,68.964996,68.995003,68.110001,68.239998
2021-05-06,68.209999,68.964996,67.720001,68.925003
2021-05-07,69.614998,69.925003,69.214996,69.514999
2021-05-10,69.180000,69.214996,67.735001,67.760002
2021-05-11,66.464996,67.695000,66.305000,67.555000
2021-05-12,66.559998,66.925003,65.480003,65.654999
2021-05-13,66.375000,67.125000,66.080002,66.525002
2021-05-14,67.269997,68.224998,67.139999,67.989998
2021-05-17,67.589996,67.610001,66.875000,67.489998
2021-05-18,67.684998,67.824997,66.904999,66.949997
2021-05-19,65.910004,67.235001,65.750000,67.184998
2021-05-20,67.455002,68.699997,67.445000,68.470001
2021-05-21,68.820000,68.885002,68.035004,68.095001
2021-05-24,68.660004,69.544998,68.625000,69.305000
2021-05-25,69.584999,69.745003,69.169998,69.324997
2021-05-26,69.425003,69.625000,69.095001,69.320000
2021-05-27,69.260002,69.544998,68.940002,68.955002
2021-05-28,69.305000,69.599998,69.165001,69.199997
2021-06-01,69.510002,69.584999,68.735001,68.860001
2021-06-02,69.000000,69.614998,68.870003,69.334999
2021-06-03,68.775002,69.050003,68.269997,68.690002
2021-06-04,69.110001,70.089996,69.110001,70.010002
2021-06-07,69.949997,70.074997,69.654999,69.995003
2021-06-08,70.330002,70.625000,69.805000,70.000000
2021-06-09,70.339996,70.459999,70.010002,70.050003
2021-06-10,70.195000,70.739998,69.945000,70.565002
2021-06-11,70.654999,70.985001,70.589996,70.985001
2021-06-14,71.055000,71.709999,70.764999,71.705002
2021-06-15,71.650002,71.650002,71.135002,71.264999
2021-06-16,71.400002,71.535004,70.184998,70.879997
2021-06-17,70.675003,71.995003,70.675003,71.699997
2021-06-18,71.355003,71.635002,70.959999,71.044998
2021-06-21,70.945000,71.714996,70.485001,71.675003
2021-06-22,71.629997,72.364998,71.550003,72.324997
2021-06-23,72.334999,72.500000,72.084999,72.245003
2021-06-24,72.709999,72.919998,72.555000,72.699997
2021-06-25,72.764999,72.820000,72.495003,72.614998
2021-06-28,72.915001,73.459999,72.900002,73.375000
2021-06-29,73.415001,73.945000,73.245003,73.910004
2021-06-30,73.794998,74.010002,73.599998,73.830002
2021-07-01,73.730003,73.955002,73.455002,73.955002
2021-07-02,74.309998,75.004997,74.290001,74.930000
2021-07-06,75.089996,75.570000,74.495003,75.214996
2021-07-07,75.695000,75.779999,75.019997,75.625000
2021-07-08,74.434998,75.120003,74.099998,74.910004
2021-07-09,74.820000,75.669998,74.709999,75.599998
2021-07-12,75.900002,75.934998,75.415001,75.660004
2021-07-13,75.529999,76.519997,75.464996,75.970001
2021-07-14,76.580002,76.919998,76.195000,76.529999
2021-07-15,76.440002,76.500000,75.495003,75.900002
2021-07-16,76.050003,76.410004,75.074997,75.150002
2021-07-19,74.254997,74.459999,73.684998,74.114998
2021-07-20,74.485001,75.629997,74.055000,75.214996
2021-07-21,75.184998,75.955002,75.044998,75.940002
2021-07-22,76.099998,76.559998,76.099998,76.500000
2021-07-23,76.839996,77.300003,76.565002,77.260002
2021-07-26,77.065002,77.360001,76.775002,77.220001
2021-07-27,77.125000,77.150002,75.525002,76.489998
2021-07-28,76.514999,76.800003,75.665001,76.394997
2021-07-29,76.315002,77.010002,76.305000,76.750000
2021-07-30,76.260002,76.779999,76.239998,76.699997
2021-08-02,77.044998,77.150002,76.320000,76.425003
2021-08-03,76.565002,76.955002,75.945000,76.915001
2021-08-04,76.855003,77.260002,76.610001,77.070000
2021-08-05,77.209999,77.519997,76.980003,77.495003
2021-08-06,77.224998,77.519997,77.205002,77.430000
2021-08-09,77.519997,77.660004,77.105003,77.180000
2021-08-10,77.320000,77.389999,76.404999,76.625000
2021-08-11,76.889999,77.029999,76.245003,76.635002
2021-08-12,76.555000,77.120003,76.239998,77.074997
2021-08-13,77.125000,77.514999,77.040001,77.495003
2021-08-16,77.309998,77.855003,76.654999,77.845001
2021-08-17,77.370003,77.495003,76.720001,77.199997
2021-08-18,77.019997,77.364998,76.050003,76.135002
2021-08-19,75.714996,77.165001,75.605003,76.879997
2021-08-20,77.169998,77.940002,76.985001,77.870003
2021-08-23,78.074997,78.985001,78.070000,78.875000
2021-08-24,78.974998,79.065002,78.714996,78.785004
2021-08-25,78.970001,79.180000,78.610001,78.739998
2021-08-26,78.644997,78.805000,78.180000,78.245003
2021-08-27,78.315002,79.055000,78.180000,79.000000
2021-08-30,79.235001,79.945000,79.235001,79.849998
2021-08-31,79.900002,79.925003,79.279999,79.430000
2021-09-01,79.705002,80.065002,79.385002,79.449997
2021-09-02,79.745003,79.849998,79.044998,79.364998
2021-09-03,79.269997,79.889999,79.245003,79.680000
2021-09-07,79.775002,79.870003,79.324997,79.699997
2021-09-08,79.690002,79.714996,78.830002,79.394997
2021-09-09,79.449997,79.724998,79.029999,79.095001
2021-09-10,79.535004,79.730003,78.235001,78.315002
2021-09-13,78.910004,79.114998,77.824997,78.339996
2021-09-14,78.675003,78.834999,78.029999,78.239998
2021-09-15,78.504997,78.989998,78.065002,78.925003
2021-09-16,78.644997,79.050003,78.160004,78.970001
2021-09-17,78.764999,78.769997,77.625000,77.739998
2021-09-20,76.464996,76.855003,75.175003,76.190002
2021-09-21,76.654999,76.845001,75.925003,76.220001
2021-09-22,76.635002,77.565002,76.294998,77.264999
2021-09-23,77.665001,78.485001,77.425003,78.300003
2021-09-24,77.824997,78.485001,77.790001,78.355003
2021-09-27,77.695000,77.875000,77.099998,77.595001
2021-09-28,76.599998,76.775002,75.235001,75.294998
2021-09-29,75.605003,76.000000,75.070000,75.199997
2021-09-30,75.639999,75.964996,74.620003,74.660004
2021-10-01,74.930000,75.949997,74.169998,75.785004
2021-10-04,75.349998,75.440002,73.440002,74.029999
2021-10-05,74.180000,75.514999,74.110001,75.084999
2021-10-06,74.220001,75.629997,73.974998,75.574997
2021-10-07,76.230003,76.855003,76.125000,76.264999
2021-10-08,76.559998,76.614998,75.855003,75.980003
2021-10-11,75.639999,76.574997,75.504997,75.559998
2021-10-12,75.855003,75.949997,75.044998,75.169998
2021-10-13,75.495003,75.794998,75.004997,75.629997
2021-10-14,76.400002,77.370003,76.290001,77.334999
2021-10-15,77.605003,77.970001,77.370003,77.955002
2021-10-18,77.519997,78.654999,77.305000,78.614998
2021-10-19,78.824997,79.394997,78.665001,79.394997
2021-10-20,79.470001,79.584999,78.830002,79.175003
2021-10-21,78.934998,79.519997,78.769997,79.480003
2021-10-22,79.449997,79.779999,78.875000,79.205002
2021-10-25,79.504997,79.750000,79.154999,79.464996
2021-10-26,80.000000,80.334999,79.650002,79.690002
2021-10-27,79.824997,80.230003,79.540001,79.620003
2021-10-28,80.105003,80.480003,79.955002,80.419998
2021-10-29,79.629997,80.815002,79.535004,80.764999
2021-11-01,80.764999,80.805000,80.235001,80.644997
2021-11-02,80.754997,81.555000,80.754997,81.355003
2021-11-03,81.495003,82.000000,81.019997,81.830002
2021-11-04,82.139999,83.309998,81.995003,83.110001
2021-11-05,83.720001,84.010002,83.019997,83.540001
2021-11-08,83.809998,84.135002,83.614998,83.989998
2021-11-09,84.114998,84.205002,83.220001,83.644997
2021-11-10,83.000000,83.415001,82.014999,82.264999
2021-11-11,82.855003,82.889999,82.514999,82.650002
2021-11-12,82.925003,83.794998,82.785004,83.654999
2021-11-15,83.989998,84.110001,83.095001,83.570000
2021-11-16,83.470001,84.565002,83.419998,84.449997
2021-11-17,84.285004,84.724998,83.930000,84.195000
2021-11-18,84.680000,85.154999,84.070000,85.035004
2021-11-19,85.339996,85.980003,85.055000,85.654999
2021-11-22,85.989998,87.125000,84.650002,84.699997
2021-11-23,84.375000,84.775002,83.434998,84.504997
2021-11-24,84.000000,85.139999,83.589996,85.120003
2021-11-26,83.904999,84.555000,82.665001,82.995003
2021-11-29,84.230003,85.300003,83.964996,85.070000
2021-11-30,84.750000,85.525002,83.639999,84.360001
2021-12-01,85.250000,85.894997,83.129997,83.205002
2021-12-02,82.434998,84.355003,82.254997,83.970001
2021-12-03,84.209999,84.470001,81.525002,82.565002
2021-12-06,82.805000,83.599998,81.945000,83.349998
2021-12-07,85.010002,86.364998,85.000000,86.260002
2021-12-08,86.290001,86.714996,85.695000,86.654999
2021-12-09,86.440002,87.004997,85.650002,85.720001
2021-12-10,86.620003,87.550003,86.364998,87.440002
2021-12-13,87.620003,87.790001,86.014999,86.139999
2021-12-14,85.099998,85.644997,83.705002,84.724998
2021-12-15,84.794998,87.055000,83.989998,86.970001
2021-12-16,87.294998,87.434998,84.004997,84.504997
2021-12-17,83.574997,84.760002,83.139999,83.940002
2021-12-20,82.500000,83.044998,82.180000,82.785004
2021-12-21,83.669998,84.949997,82.894997,84.879997
2021-12-22,84.764999,86.050003,84.540001,85.989998
2021-12-23,86.105003,86.815002,86.095001,86.470001
2021-12-27,86.815002,88.345001,86.794998,88.324997
2021-12-28,88.489998,88.519997,87.644997,87.864998
2021-12-29,87.894997,88.294998,87.485001,87.940002
2021-12-30,87.974998,88.269997,87.254997,87.360001
2021-12-31,87.275002,87.485001,86.894997,86.934998
2022-01-03,87.050003,87.839996,86.669998,87.760002
2022-01-04,87.910004,88.000000,86.175003,86.830002
2022-01-05,86.324997,86.389999,84.129997,84.160004
2022-01-06,83.489998,84.599998,83.235001,83.735001
2022-01-07,83.680000,84.080002,82.419998,82.964996
2022-01-10,81.730003,83.084999,80.644997,82.980003
2022-01-11,82.764999,84.095001,82.150002,83.974998
2022-01-12,84.599998,85.180000,83.949997,84.370003
2022-01-13,84.805000,85.050003,81.974998,82.184998
2022-01-14,81.625000,82.930000,81.625000,82.879997
2022-01-18,81.675003,82.160004,80.665001,80.889999
2022-01-19,81.144997,82.144997,79.680000,79.760002
2022-01-20,80.470001,81.375000,78.625000,78.730003
2022-01-21,78.540001,79.445000,77.144997,77.165001
2022-01-24,75.879997,77.620003,73.120003,77.565002
2022-01-25,76.044998,77.209999,74.900002,75.769997
2022-01-26,77.830002,78.739998,75.309998,76.214996
2022-01-27,77.449997,77.860001,75.415001,75.690002
2022-01-28,76.629997,79.019997,75.489998,79.000000
2022-01-31,79.019997,81.089996,78.635002,80.985001
2022-02-01,81.095001,81.330002,80.019997,81.195000
2022-02-02,81.370003,81.989998,80.820000,81.855003
2022-02-03,80.695000,81.245003,79.184998,79.480003
2022-02-04,79.055000,80.500000,78.720001,79.800003
2022-02-07,79.860001,80.334999,78.964996,79.269997
2022-02-08,79.019997,80.464996,78.834999,80.250000
2022-02-09,81.285004,82.055000,80.949997,82.029999
2022-02-10,80.400002,81.764999,79.464996,79.885002
2022-02-11,79.964996,80.315002,77.150002,77.445000
2022-02-14,77.239998,78.044998,76.519997,77.419998
2022-02-15,78.584999,79.510002,78.309998,79.455002
2022-02-16,78.915001,79.650002,78.055000,79.375000
2022-02-17,78.635002,78.714996,76.855003,77.000000
2022-02-18,77.264999,77.375000,75.635002,76.220001
2022-02-22,75.419998,76.724998,74.690002,75.514999
2022-02-23,76.300003,76.504997,73.544998,73.625000
2022-02-24,71.095001,76.195000,70.860001,76.139999
2022-02-25,76.254997,77.199997,75.320000,77.175003
2022-02-28,76.355003,77.360001,75.714996,77.035004
2022-03-01,76.745003,77.139999,74.904999,75.495003
2022-03-02,76.050003,77.449997,75.459999,77.129997
2022-03-03,77.779999,77.785004,75.820000,76.209999
2022-03-04,75.614998,75.930000,74.279999,74.875000
2022-03-07,74.809998,75.154999,72.095001,72.135002
2022-03-08,71.940002,74.014999,70.724998,71.785004
2022-03-09,73.735001,74.964996,73.144997,74.625000
2022-03-10,73.305000,73.525002,72.209999,73.320000
2022-03-11,73.970001,74.154999,71.919998,72.029999
2022-03-14,71.699997,72.514999,70.489998,70.695000
2022-03-15,71.254997,73.214996,71.019997,73.070000
2022-03-16,73.995003,75.474998,72.820000,75.445000
2022-03-17,75.040001,76.029999,74.635002,75.980003
2022-03-18,75.709999,77.675003,75.339996,77.535004
2022-03-21,76.974998,77.654999,76.230003,77.245003
2022-03-22,77.300003,78.760002,77.195000,78.355003
2022-03-23,77.625000,78.339996,77.074997,77.150002
2022-03-24,77.580002,79.175003,77.320000,79.154999
2022-03-25,79.279999,79.389999,78.120003,79.110001
2022-03-28,78.745003,80.084999,78.544998,80.050003
2022-03-29,80.985001,81.824997,80.404999,81.750000
2022-03-30,81.330002,81.559998,80.235001,80.660004
2022-03-31,80.650002,80.800003,79.345001,79.464996
2022-04-01,79.544998,79.730003,78.345001,79.230003
2022-04-04,79.434998,80.775002,79.404999,80.735001
2022-04-05,80.385002,80.570000,78.760002,79.035004
2022-04-06,77.720001,77.900002,76.480003,77.165001
2022-04-07,76.754997,77.805000,76.230003,77.285004
2022-04-08,76.940002,77.120003,76.040001,76.205002
2022-04-11,75.250000,75.345001,74.184998,74.285004
2022-04-12,75.205002,75.775002,73.675003,73.955002
2022-04-13,74.000000,75.375000,73.724998,75.144997
2022-04-14,75.224998,75.360001,73.285004,73.320000
2022-04-18,72.959999,74.035004,72.940002,73.559998
2022-04-19,73.375000,75.070000,73.105003,74.940002
2022-04-20,75.665001,75.864998,74.650002,74.870003
2022-04-21,75.599998,76.309998,73.375000,73.599998
2022-04-22,73.519997,73.949997,71.440002,71.540001
2022-04-25,71.224998,72.665001,70.779999,72.614998
2022-04-26,71.955002,72.065002,69.875000,69.910004
2022-04-27,70.690002,72.309998,70.535004,70.945000
2022-04-28,72.059998,74.205002,71.675003,73.785004
2022-04-29,72.980003,73.830002,70.574997,70.709999
2022-05-02,70.629997,71.879997,69.830002,71.785004
2022-05-03,71.775002,72.349998,71.245003,71.910004
2022-05-04,72.190002,74.570000,70.995003,74.434998
2022-05-05,73.339996,73.430000,70.010002,70.855003
2022-05-06,70.209999,71.410004,69.230003,70.285004
2022-05-09,69.014999,69.459999,67.254997,67.565002
2022-05-10,69.175003,69.565002,67.574997,68.595001
2022-05-11,67.974998,69.264999,66.224998,66.430000
2022-05-12,65.445000,66.699997,64.214996,65.745003
2022-05-13,66.639999,68.264999,66.209999,67.930000
2022-05-16,67.364998,68.235001,66.754997,67.330002
2022-05-17,68.779999,69.385002,68.000000,69.279999
2022-05-18,68.364998,68.565002,65.860001,66.110001
2022-05-19,65.614998,66.510002,65.074997,65.385002
2022-05-20,66.294998,66.474998,63.520000,65.529999
2022-05-23,65.735001,67.120003,65.529999,67.035004
2022-05-24,66.099998,66.434998,64.885002,66.040001
2022-05-25,65.605003,67.305000,65.555000,66.809998
2022-05-26,66.419998,68.709999,66.279999,68.415001
2022-05-27,69.180000,70.745003,69.050003,70.730003
2022-05-31,70.455002,70.915001,69.540001,70.224998
2022-06-01,70.980003,71.459999,69.495003,70.014999
2022-06-02,69.519997,71.714996,69.195000,71.709999
2022-06-03,70.349998,70.834999,69.669998,69.995003
2022-06-06,70.875000,71.315002,69.654999,70.000000
2022-06-07,69.254997,70.970001,69.114998,70.834999
2022-06-08,70.625000,70.964996,69.839996,70.035004
2022-06-09,69.525002,70.205002,68.150002,68.165001
2022-06-10,66.989998,67.199997,65.525002,65.544998
2022-06-13,63.480000,64.084999,62.410000,62.639999
2022-06-14,63.110001,63.455002,62.450001,63.035000
2022-06-15,63.820000,65.315002,62.955002,64.364998
2022-06-16,62.730000,62.785000,61.235001,61.744999
2022-06-17,61.735001,62.900002,61.299999,62.310001
2022-06-21,63.055000,64.180000,63.055000,63.730000
2022-06-22,63.035000,64.339996,62.860001,63.459999
2022-06-23,64.004997,64.535004,63.419998,64.410004
2022-06-24,65.150002,66.739998,65.150002,66.724998
2022-06-27,66.940002,67.139999,65.974998,66.275002
2022-06-28,66.334999,66.995003,64.260002,64.290001
2022-06-29,64.209999,64.805000,63.689999,64.419998
2022-06-30,63.564999,64.360001,62.555000,63.560001
2022-07-01,63.160000,63.865002,62.615002,63.705002
2022-07-05,62.840000,64.519997,62.480000,64.504997
2022-07-06,64.644997,65.580002,64.324997,65.059998
2022-07-07,65.345001,66.555000,65.345001,66.404999
2022-07-08,65.695000,66.650002,65.489998,66.434998
2022-07-11,65.855003,66.139999,65.070000,65.519997
2022-07-12,65.760002,66.129997,64.245003,64.625000
2022-07-13,63.410000,64.870003,63.130001,64.455002
2022-07-14,63.939999,65.275002,63.115002,65.044998
2022-07-15,65.669998,66.220001,65.394997,66.190002
2022-07-18,66.839996,67.080002,65.300003,65.550003
2022-07-19,66.279999,67.620003,65.879997,67.550003
2022-07-20,67.559998,68.889999,67.379997,68.605003
2022-07-21,68.690002,69.584999,67.974998,69.570000
2022-07-22,69.540001,69.824997,68.214996,68.610001
2022-07-25,68.580002,68.654999,67.660004,68.175003
2022-07-26,68.120003,68.139999,66.820000,67.070000
2022-07-27,68.175003,70.320000,68.074997,69.955002
2022-07-28,70.035004,71.180000,69.410004,71.019997
2022-07-29,71.239998,72.334999,70.940002,72.110001
2022-08-01,71.459999,72.675003,71.285004,71.955002
2022-08-02,71.334999,72.269997,70.830002,71.445000
2022-08-03,71.794998,73.550003,71.779999,73.345001
2022-08-04,73.320000,73.714996,72.849998,73.680000
2022-08-05,72.500000,73.714996,72.440002,73.510002
2022-08-08,73.445000,74.014999,72.489998,72.885002
2022-08-09,72.294998,72.440002,71.764999,72.154999
2022-08-10,73.870003,74.184998,73.279999,74.125000
2022-08-11,74.589996,75.025002,73.699997,73.834999
2022-08-12,74.320000,75.309998,74.089996,75.305000
2022-08-15,75.004997,75.889999,74.919998,75.779999
2022-08-16,75.434998,75.930000,74.870003,75.574997
2022-08-17,74.885002,75.610001,74.495003,75.035004
2022-08-18,75.110001,75.724998,74.820000,75.425003
2022-08-19,74.805000,74.894997,73.889999,74.055000
2022-08-22,73.044998,73.070000,71.809998,71.989998
2022-08-23,71.849998,72.559998,71.705002,71.800003
2022-08-24,71.750000,72.150002,71.449997,71.845001
2022-08-25,72.029999,73.065002,71.934998,73.059998
2022-08-26,73.029999,73.205002,69.889999,69.940002
2022-08-29,69.184998,69.690002,68.750000,69.014999
2022-08-30,69.404999,69.525002,67.675003,68.294998
2022-08-31,68.705002,68.925003,67.595001,67.629997
2022-09-01,66.970001,67.385002,65.889999,67.300003
2022-09-02,67.995003,68.379997,66.074997,66.425003
2022-09-06,66.514999,66.800003,65.550003,65.985001
2022-09-07,66.114998,67.309998,65.889999,67.040001
2022-09-08,66.544998,67.620003,66.245003,67.269997
2022-09-09,67.830002,68.785004,67.699997,68.599998
2022-09-12,69.025002,69.730003,69.014999,69.699997
2022-09-13,67.709999,68.089996,65.820000,66.000000
2022-09-14,66.309998,66.724998,65.605003,66.239998
2022-09-15,65.709999,66.110001,64.324997,64.714996
2022-09-16,64.150002,64.489998,63.439999,64.355003
2022-09-19,63.555000,64.779999,63.514999,64.720001
2022-09-20,64.114998,64.745003,63.779999,64.339996
2022-09-21,64.675003,65.625000,63.325001,63.334999
2022-09-22,62.980000,63.380001,62.334999,62.689999
2022-09-23,62.119999,62.215000,61.055000,61.869999
2022-09-26,61.680000,62.715000,61.264999,61.439999
2022-09-27,62.255001,62.840000,60.950001,61.520000
2022-09-28,61.110001,62.470001,60.639999,62.169998
2022-09-29,61.279999,61.419998,59.834999,60.549999
2022-09-30,60.305000,61.200001,59.279999,59.389999
2022-10-03,59.860001,61.595001,59.630001,61.230000
2022-10-04,62.470001,63.355000,62.424999,63.285000
2022-10-05,62.430000,63.955002,62.064999,63.494999
2022-10-06,63.330002,64.025002,62.900002,62.974998
2022-10-07,61.689999,61.695000,60.060001,60.384998
2022-10-10,60.384998,60.470001,58.775002,59.369999
2022-10-11,59.029999,59.439999,58.025002,58.459999
2022-10-12,58.505001,58.904999,58.180000,58.279999
2022-10-13,56.705002,60.404999,56.485001,60.090000
2022-10-14,60.580002,60.709999,58.305000,58.400002
2022-10-17,59.830002,60.480000,59.669998,60.180000
2022-10-18,61.740002,61.959999,59.924999,60.689999
2022-10-19,60.160000,61.115002,59.904999,60.514999
2022-10-20,60.535000,61.865002,60.250000,60.549999
2022-10-21,60.400002,62.299999,60.195000,62.169998
2022-10-24,62.435001,63.259998,61.674999,63.029999
2022-10-25,63.185001,64.279999,63.185001,64.235001
2022-10-26,62.615002,64.129997,62.514999,62.805000
2022-10-27,63.040001,63.424999,61.945000,62.090000
2022-10-28,62.435001,64.925003,62.435001,64.790001
2022-10-31,64.144997,64.320000,63.555000,63.935001
2022-11-01,64.730003,64.845001,63.125000,63.400002
2022-11-02,63.355000,64.169998,61.189999,61.209999
2022-11-03,60.355000,60.465000,59.365002,59.410000
2022-11-04,60.645000,60.810001,59.110001,60.494999
2022-11-07,60.599998,61.605000,60.169998,61.505001
2022-11-08,62.014999,62.845001,61.180000,62.095001
2022-11-09,61.520000,61.544998,60.389999,60.480000
2022-11-10,63.465000,65.519997,63.145000,65.449997
2022-11-11,65.389999,66.790001,65.070000,66.570000
2022-11-14,66.044998,66.824997,65.684998,66.000000
2022-11-15,67.500000,67.775002,66.129997,66.800003
2022-11-16,66.285004,66.480003,65.610001,65.885002
2022-11-17,64.834999,66.275002,64.809998,65.970001
2022-11-18,66.714996,66.735001,65.489998,66.044998
2022-11-21,65.669998,65.940002,65.205002,65.334999
2022-11-22,65.620003,66.635002,65.150002,66.599998
2022-11-23,66.455002,67.389999,66.410004,67.190002
2022-11-25,66.735001,67.004997,66.605003,66.800003
2022-11-28,66.044998,66.470001,65.105003,65.370003
2022-11-29,65.285004,65.480003,64.464996,64.730003
2022-11-30,64.699997,67.989998,64.635002,67.980003
2022-12-01,68.044998,68.400002,67.235001,68.074997
2022-12-02,66.934998,67.904999,66.675003,67.680000
2022-12-05,67.160004,67.535004,66.114998,66.555000
2022-12-06,66.485001,66.584999,64.709999,65.129997
2022-12-07,64.894997,65.300003,64.334999,64.800003
2022-12-08,65.160004,66.050003,64.769997,65.860001
2022-12-09,65.565002,66.375000,65.209999,65.455002
2022-12-12,65.559998,66.885002,65.540001,66.885002
2022-12-13,69.320000,69.665001,66.989998,67.675003
2022-12-14,67.610001,68.400002,66.320000,67.105003
2022-12-15,66.004997,66.250000,64.349998,64.595001
2022-12-16,64.375000,64.754997,63.415001,63.740002
2022-12-19,63.564999,63.665001,62.294998,62.709999
2022-12-20,62.380001,63.125000,62.080002,62.805000
2022-12-21,63.095001,64.144997,62.939999,63.845001
2022-12-22,63.044998,63.115002,61.180000,62.235001
2022-12-23,61.790001,62.360001,61.334999,62.299999
2022-12-27,62.084999,62.195000,61.345001,61.709999
2022-12-28,61.560001,62.134998,60.645000,60.715000
2022-12-29,61.310001,62.514999,61.305000,62.305000
2022-12-30,61.660000,62.255001,61.275002,62.220001
2023-01-03,62.884998,63.299999,61.189999,61.630001
2023-01-04,61.950001,62.185001,61.110001,61.790001
2023-01-05,61.480000,61.639999,60.485001,60.590000
2023-01-06,61.125000,62.645000,60.404999,62.365002
2023-01-09,62.924999,64.239998,62.904999,63.090000
2023-01-10,62.935001,63.580002,62.599998,63.480000
2023-01-11,63.680000,64.580002,63.485001,64.580002
2023-01-12,64.680000,65.355003,63.889999,65.059998
2023-01-13,64.445000,65.339996,64.294998,65.245003
2023-01-17,65.154999,65.925003,65.074997,65.540001
2023-01-18,65.910004,66.260002,64.654999,64.695000
2023-01-19,64.190002,64.550003,63.705002,63.939999
2023-01-20,64.260002,65.720001,64.029999,65.669998
2023-01-23,65.934998,67.550003,65.785004,67.165001
2023-01-24,66.785004,67.389999,66.684998,67.135002
2023-01-25,66.000000,67.165001,65.385002,66.995003
2023-01-26,67.650002,68.095001,66.949997,68.065002
2023-01-27,67.635002,68.830002,67.605003,68.349998
2023-01-30,67.565002,67.860001,66.989998,67.044998
2023-01-31,67.044998,68.010002,67.000000,67.980003
2023-02-01,67.930000,70.135002,67.605003,69.580002
2023-02-02,70.769997,71.879997,70.445000,71.480003
2023-02-03,70.250000,72.044998,70.144997,70.885002
2023-02-06,70.099998,70.650002,69.754997,70.019997
2023-02-07,70.125000,72.040001,70.095001,71.769997
2023-02-08,71.910004,72.294998,70.760002,70.904999
2023-02-09,72.000000,72.120003,70.235001,70.514999
2023-02-10,69.989998,70.430000,69.525002,70.190002
2023-02-13,70.464996,71.559998,70.419998,71.404999
2023-02-14,71.070000,72.114998,70.625000,71.709999
2023-02-15,71.275002,72.050003,71.105003,72.044998
2023-02-16,71.000000,71.805000,70.739998,70.794998
2023-02-17,70.290001,70.370003,69.300003,69.910004
2023-02-21,68.974998,69.389999,68.190002,68.250000
2023-02-22,68.389999,68.699997,67.824997,68.150002
2023-02-23,69.419998,69.540001,68.305000,69.279999
2023-02-24,68.050003,68.339996,67.650002,68.044998
2023-02-27,68.730003,69.080002,68.285004,68.410004
2023-02-28,68.190002,68.919998,68.070000,68.260002
2023-03-01,68.290001,68.400002,67.550003,67.760002
2023-03-02,67.574997,68.809998,67.459999,68.595001
2023-03-03,69.035004,70.074997,68.970001,70.070000
2023-03-06,70.519997,71.360001,70.349998,70.404999
2023-03-07,70.349998,70.620003,69.355003,69.529999
2023-03-08,69.775002,70.190002,69.364998,70.105003
2023-03-09,70.214996,71.004997,68.964996,69.099998
2023-03-10,69.000000,69.175003,67.614998,67.885002
2023-03-13,67.459999,69.199997,67.040001,68.254997
2023-03-14,69.135002,70.074997,68.849998,69.830002
2023-03-15,69.065002,69.955002,68.730003,69.870003
2023-03-16,69.625000,71.930000,69.394997,71.830002
2023-03-17,71.970001,72.589996,71.309998,71.730003
2023-03-20,71.445000,71.855003,70.910004,71.764999
2023-03-21,72.154999,72.474998,71.404999,72.345001
2023-03-22,72.345001,73.785004,71.584999,71.625000
2023-03-23,72.540001,73.775002,72.105003,72.790001
2023-03-24,72.559998,73.014999,72.080002,72.980003
2023-03-27,73.089996,73.339996,72.245003,72.415001
2023-03-28,72.290001,72.315002,71.425003,72.074997
2023-03-29,72.980003,73.750000,72.875000,73.584999
2023-03-30,74.264999,74.544998,73.940002,74.440002
2023-03-31,74.349998,75.574997,74.254997,75.504997
2023-04-03,75.044998,75.489998,74.684998,75.385002
2023-04-04,75.495003,75.754997,74.690002,74.970001
2023-04-05,74.614998,74.684998,73.580002,74.114998
2023-04-06,73.574997,74.629997,73.254997,74.535004
2023-04-10,73.794998,74.510002,73.389999,74.495003
2023-04-11,74.364998,74.375000,73.669998,73.794998
2023-04-12,74.294998,74.495003,73.254997,73.375000
2023-04-13,73.660004,74.855003,73.540001,74.739998
2023-04-14,74.320000,74.934998,73.675003,74.324997
2023-04-17,74.419998,74.760002,74.014999,74.595001
2023-04-18,75.165001,75.364998,74.500000,74.824997
2023-04-19,74.150002,74.750000,74.050003,74.610001
2023-04-20,73.925003,74.855003,73.790001,74.120003
2023-04-21,73.794998,74.014999,73.400002,73.879997
2023-04-24,73.584999,73.945000,73.004997,73.555000
2023-04-25,73.195000,73.334999,71.959999,71.985001
2023-04-26,73.250000,73.809998,72.879997,73.055000
2023-04-27,73.400002,74.660004,73.220001,74.605003
2023-04-28,74.605003,75.430000,74.525002,75.415001
2023-05-01,75.355003,75.824997,75.235001,75.459999
2023-05-02,75.550003,75.635002,74.364998,74.754997
2023-05-03,74.845001,75.330002,74.089996,74.125000
2023-05-04,73.830002,74.269997,73.464996,73.769997
2023-05-05,74.485001,75.875000,74.379997,75.620003
2023-05-08,75.474998,75.644997,75.114998,75.580002
2023-05-09,75.165001,75.305000,74.919998,75.000000
2023-05-10,75.654999,76.089996,75.180000,75.915001
2023-05-11,75.790001,75.790001,75.050003,75.574997
2023-05-12,75.705002,75.815002,74.889999,75.474998
2023-05-15,75.550003,76.114998,75.279999,76.099998
2023-05-16,75.995003,76.595001,75.970001,76.180000
2023-05-17,76.500000,77.324997,76.144997,77.195000
2023-05-18,77.290001,78.889999,77.290001,78.775002
2023-05-19,78.794998,78.930000,78.470001,78.739998
2023-05-22,78.504997,79.095001,78.375000,78.889999
2023-05-23,78.495003,78.820000,77.695000,77.724998
2023-05-24,77.110001,77.464996,76.735001,77.154999
2023-05-25,79.205002,80.430000,78.790001,80.114998
2023-05-26,80.320000,82.535004,80.309998,82.389999
2023-05-30,83.599998,84.019997,82.654999,82.830002
2023-05-31,82.355003,83.129997,82.095001,82.139999
2023-06-01,81.879997,83.324997,81.614998,82.974998
2023-06-02,83.464996,83.834999,82.860001,83.449997
2023-06-05,83.400002,83.955002,82.824997,82.970001
2023-06-06,82.769997,83.129997,82.355003,82.949997
2023-06-07,82.790001,83.434998,81.540001,81.709999
2023-06-08,81.830002,82.724998,81.769997,82.595001
2023-06-09,82.995003,83.855003,82.724998,83.004997
2023-06-12,83.574997,84.845001,83.404999,84.809998
2023-06-13,85.565002,85.730003,84.635002,85.324997
2023-06-14,85.224998,86.235001,84.930000,86.205002
2023-06-15,85.855003,87.705002,85.834999,87.315002
2023-06-16,88.144997,88.150002,86.510002,86.595001
2023-06-20,85.919998,86.449997,85.370003,85.830002
2023-06-21,85.500000,85.665001,84.309998,84.559998
2023-06-22,84.180000,85.285004,84.165001,85.250000
2023-06-23,84.199997,84.824997,83.970001,84.324997
2023-06-26,84.400002,85.139999,83.660004,83.720001
2023-06-27,84.055000,85.565002,83.974998,85.370003
2023-06-28,84.894997,85.879997,84.830002,85.419998
2023-06-29,85.510002,85.724998,85.055000,85.570000
2023-06-30,86.419998,87.150002,86.355003,86.930000
2023-07-03,86.915001,86.955002,86.305000,86.745003
2023-07-05,86.139999,86.855003,86.065002,86.209999
2023-07-06,85.360001,86.059998,85.099998,85.980003
2023-07-07,85.839996,86.639999,85.555000,85.605003
2023-07-10,85.294998,85.834999,84.970001,85.830002
2023-07-11,86.010002,86.110001,85.175003,86.014999
2023-07-12,86.875000,87.400002,86.400002,86.989998
2023-07-13,87.584999,88.315002,87.410004,88.125000
2023-07-14,88.345001,89.035004,87.739998,87.995003
2023-07-17,88.160004,89.379997,88.059998,89.120003
2023-07-18,88.915001,90.565002,88.449997,90.129997
2023-07-19,90.355003,90.730003,89.559998,89.904999
2023-07-20,89.330002,89.709999,87.834999,88.110001
2023-07-21,88.669998,89.114998,87.959999,88.065002
2023-07-24,88.455002,88.669998,87.879997,88.220001
2023-07-25,88.504997,89.525002,88.489998,89.230003
2023-07-26,88.294998,88.510002,87.410004,88.029999
2023-07-27,89.220001,89.489998,87.375000,87.775002
2023-07-28,88.589996,89.235001,88.404999,88.970001
2023-07-31,89.050003,89.285004,88.665001,89.175003
2023-08-01,88.885002,89.514999,88.650002,89.324997
2023-08-02,88.540001,88.595001,86.800003,87.114998
2023-08-03,86.404999,87.269997,86.349998,86.760002
2023-08-04,86.464996,86.985001,85.445000,85.580002
2023-08-07,85.940002,86.235001,85.199997,85.820000
2023-08-08,85.220001,85.269997,84.305000,85.160004
2023-08-09,85.275002,85.275002,83.769997,84.059998
2023-08-10,84.699997,85.434998,83.654999,84.070000
2023-08-11,83.400002,83.940002,83.160004,83.449997
2023-08-14,83.364998,84.790001,83.165001,84.779999
2023-08-15,84.529999,84.830002,83.750000,83.945000
2023-08-16,83.764999,84.245003,83.139999,83.144997
2023-08-17,83.514999,83.669998,82.230003,82.355003
2023-08-18,81.519997,82.815002,81.470001,82.480003
2023-08-21,82.904999,84.224998,82.824997,84.055000
2023-08-22,84.809998,84.860001,83.775002,83.959999
2023-08-23,84.165001,85.724998,84.160004,85.474998
2023-08-24,86.550003,86.555000,83.440002,83.504997
2023-08-25,83.839996,84.820000,83.095001,84.355003
2023-08-28,84.995003,85.224998,84.389999,85.044998
2023-08-29,84.800003,86.834999,84.709999,86.750000
2023-08-30,86.764999,87.495003,86.464996,87.404999
2023-08-31,87.605003,88.165001,87.510002,87.830002
2023-09-01,88.379997,88.495003,87.650002,88.099998
2023-09-05,87.879997,88.690002,87.595001,88.415001
2023-09-06,88.070000,88.290001,86.940002,87.480003
2023-09-07,85.855003,86.404999,85.540001,86.214996
2023-09-08,86.209999,86.949997,86.169998,86.394997
2023-09-11,87.154999,87.235001,86.084999,86.845001
2023-09-12,86.120003,86.425003,85.114998,85.269997
2023-09-13,85.235001,85.945000,84.995003,85.485001
2023-09-14,86.010002,86.320000,85.470001,86.105003
2023-09-15,85.794998,85.820000,84.224998,84.449997
2023-09-18,84.025002,84.955002,84.000000,84.675003
2023-09-19,84.315002,84.845001,83.855003,84.629997
2023-09-20,84.860001,84.970001,83.264999,83.300003
2023-09-21,82.425003,83.010002,81.989998,82.029999
2023-09-22,82.389999,82.959999,82.019997,82.205002
2023-09-25,81.995003,82.595001,81.785004,82.470001
2023-09-26,81.930000,81.974998,80.705002,80.985001
2023-09-27,81.375000,81.535004,80.305000,81.110001
2023-09-28,80.724998,82.205002,80.345001,81.684998
2023-09-29,82.489998,83.254997,81.684998,81.964996
2023-10-02,82.004997,83.084999,81.879997,82.845001
2023-10-03,82.375000,82.940002,81.019997,81.440002
2023-10-04,81.504997,82.675003,81.504997,82.455002
2023-10-05,82.449997,82.699997,81.574997,82.565002
2023-10-06,82.000000,84.470001,81.760002,84.110001
2023-10-09,83.595001,84.675003,83.209999,84.544998
2023-10-10,84.605003,85.355003,84.370003,84.675003
2023-10-11,84.934998,85.500000,84.665001,85.459999
2023-10-12,85.535004,86.415001,84.889999,85.540001
2023-10-13,85.709999,85.855003,84.019997,84.315002
2023-10-16,84.455002,85.510002,84.440002,85.125000
2023-10-17,84.055000,85.169998,83.449997,84.730003
2023-10-18,84.135002,84.820000,83.514999,83.860001
2023-10-19,84.195000,84.760002,83.235001,83.379997
2023-10-20,83.339996,83.400002,81.885002,81.970001
2023-10-23,81.459999,82.900002,81.004997,82.065002
2023-10-24,82.389999,82.754997,81.739998,82.629997
2023-10-25,83.025002,83.125000,81.410004,81.654999
2023-10-26,81.800003,82.160004,79.750000,80.095001
2023-10-27,80.584999,81.375000,80.205002,80.559998
2023-10-30,80.985001,81.714996,80.739998,81.425003
2023-10-31,81.464996,82.074997,80.830002,82.004997
2023-11-01,82.150002,83.699997,82.150002,83.589996
2023-11-02,84.345001,85.080002,84.230003,85.004997
2023-11-03,84.919998,86.224998,84.735001,85.879997
2023-11-06,85.995003,86.474998,85.724998,86.445000
2023-11-07,86.675003,87.644997,86.544998,87.389999
2023-11-08,87.690002,88.029999,87.290001,87.885002
2023-11-09,88.014999,88.660004,87.360001,87.474998
2023-11-10,88.004997,89.820000,87.904999,89.760002
2023-11-13,89.385002,89.459999,88.860001,89.235001
2023-11-14,90.599998,91.250000,90.320000,91.019997
2023-11-15,91.425003,91.565002,90.785004,91.135002
2023-11-16,90.955002,91.690002,90.790001,91.589996
2023-11-17,91.385002,91.750000,91.004997,91.400002
2023-11-20,91.514999,92.964996,91.504997,92.724998
2023-11-21,92.305000,92.449997,91.639999,91.974998
2023-11-22,92.555000,93.175003,92.135002,92.385002
2023-11-24,92.230003,92.309998,91.855003,92.205002
2023-11-27,92.074997,92.735001,91.910004,92.199997
2023-11-28,91.889999,92.620003,91.889999,92.375000
2023-11-29,93.050003,93.449997,92.389999,92.445000
2023-11-30,92.830002,92.955002,91.805000,92.580002
2023-12-01,92.339996,92.955002,91.894997,92.790001
2023-12-04,91.864998,91.864998,90.660004,91.660004
2023-12-05,91.169998,92.315002,91.169998,92.209999
2023-12-06,92.785004,92.919998,91.360001,91.430000
2023-12-07,91.864998,92.695000,91.669998,92.540001
2023-12-08,92.339996,93.404999,92.224998,93.330002
2023-12-11,93.055000,94.165001,92.839996,94.144997
2023-12-12,93.800003,94.800003,93.720001,94.769997
2023-12-13,94.995003,95.834999,94.769997,95.605003
2023-12-14,95.680000,96.040001,94.665001,95.370003
2023-12-15,95.269997,96.400002,95.269997,95.849998
2023-12-18,95.620003,96.139999,95.214996,95.925003
2023-12-19,95.904999,96.300003,95.849998,96.290001
2023-12-20,96.180000,96.519997,94.820000,94.834999
2023-12-21,95.800003,96.114998,95.095001,95.900002
2023-12-22,96.175003,96.305000,95.550003,96.025002
2023-12-26,96.084999,96.625000,96.084999,96.425003
2023-12-27,96.474998,96.620003,96.010002,96.419998
2023-12-28,96.760002,96.860001,96.489998,96.535004
2023-12-29,96.584999,96.779999,95.760002,96.239998
2024-01-02,94.930000,95.080002,93.125000,93.720001
2024-01-03,92.864998,93.375000,92.599998,92.764999
2024-01-04,92.195000,92.834999,91.995003,92.084999
2024-01-05,92.190002,92.855003,91.709999,92.059998
2024-01-08,92.525002,94.434998,92.430000,94.370003
2024-01-09,93.644997,94.790001,93.445000,94.519997
2024-01-10,94.565002,95.529999,94.364998,95.324997
2024-01-11,95.794998,96.275002,94.464996,95.809998
2024-01-12,95.964996,96.339996,95.639999,96.120003
2024-01-16,96.000000,96.764999,95.445000,96.360001
2024-01-17,95.644997,96.000000,94.845001,95.885002
2024-01-18,97.165001,97.919998,96.800003,97.830002
2024-01-19,98.470001,100.105003,98.254997,100.084999
2024-01-22,100.574997,101.139999,100.144997,100.525002
2024-01-23,100.620003,100.995003,100.035004,100.930000
2024-01-24,101.625000,102.644997,101.334999,101.625000
2024-01-25,102.559998,103.074997,101.580002,102.050003
2024-01-26,101.334999,101.785004,100.644997,100.875000
2024-01-29,101.000000,101.820000,100.800003,101.800003
2024-01-30,101.764999,101.919998,100.650002,100.959999
2024-01-31,100.000000,100.410004,98.790001,98.839996
2024-02-01,99.235001,100.224998,99.169998,100.084999
2024-02-02,99.404999,101.440002,99.375000,101.120003
2024-02-05,101.529999,101.639999,100.400002,101.349998
2024-02-06,101.459999,101.635002,100.235001,100.885002
2024-02-07,101.595001,102.245003,101.190002,102.220001
2024-02-08,102.394997,102.815002,102.269997,102.540001
2024-02-09,102.970001,104.055000,102.849998,103.919998
2024-02-12,103.915001,104.235001,102.980003,103.129997
2024-02-13,100.894997,102.059998,100.589996,101.379997
2024-02-14,102.135002,102.519997,101.415001,102.440002
2024-02-15,102.574997,102.675003,101.654999,102.224998
2024-02-16,102.500000,102.705002,101.150002,101.285004
2024-02-20,100.690002,101.050003,99.250000,100.254997
2024-02-21,99.285004,99.625000,98.535004,99.625000
2024-02-22,102.199997,103.165001,101.964996,102.885002
2024-02-23,103.699997,103.830002,102.320000,102.644997
2024-02-26,103.095001,103.349998,102.639999,102.745003
2024-02-27,103.025002,103.025002,102.070000,102.834999
2024-02-28,102.495003,102.629997,101.980003,102.349998
2024-02-29,102.894997,103.735001,102.320000,103.489998
2024-03-01,103.754997,105.529999,103.705002,105.379997
2024-03-04,105.230003,105.985001,104.995003,105.379997
2024-03-05,104.339996,104.389999,102.125000,102.790001
2024-03-06,103.864998,104.385002,102.910004,103.605003
2024-03-07,104.489998,105.559998,103.970001,105.239998
2024-03-08,105.430000,106.175003,103.610001,103.675003
2024-03-11,103.199997,103.620003,102.644997,103.389999
2024-03-12,104.385002,105.519997,103.394997,105.510002
2024-03-13,105.190002,105.250000,103.934998,104.370003
2024-03-14,104.809998,105.180000,103.754997,104.389999
2024-03-15,102.889999,103.360001,102.394997,102.815002
2024-03-18,103.544998,104.209999,103.070000,103.150002
2024-03-19,102.644997,103.699997,102.129997,103.684998
2024-03-20,103.764999,104.879997,103.400002,104.845001
2024-03-21,105.964996,105.964996,104.830002,104.919998
2024-03-22,104.925003,105.339996,104.550003,104.955002
2024-03-25,103.959999,104.705002,103.660004,104.260002
2024-03-26,104.635002,104.805000,103.745003,103.830002
2024-03-27,104.485001,104.540001,103.559998,104.360001
2024-03-28,104.114998,104.434998,103.925003,104.135002
2024-04-01,104.355003,105.035004,104.044998,104.425003
2024-04-02,103.264999,103.570000,102.580002,103.419998
2024-04-03,102.900002,104.230003,102.875000,103.695000
2024-04-04,104.684998,105.050003,102.000000,102.055000
2024-04-05,102.500000,103.750000,102.214996,103.224998
2024-04-08,103.290001,103.629997,102.724998,103.105003
2024-04-09,103.635002,103.849998,102.330002,103.625000
2024-04-10,102.445000,102.735001,101.915001,102.355003
2024-04-11,102.809998,104.570000,102.315002,104.400002
2024-04-12,103.154999,103.639999,102.330002,102.709999
2024-04-15,103.339996,103.404999,100.605003,100.760002
2024-04-16,100.980003,101.504997,100.480003,100.879997
2024-04-17,101.250000,101.419998,99.349998,99.425003
2024-04-18,99.394997,99.650002,98.184998,98.290001
2024-04-19,97.915001,98.235001,96.019997,96.264999
2024-04-22,97.004997,97.709999,96.040001,97.125000
2024-04-23,97.529999,98.709999,97.385002,98.565002
2024-04-24,99.294998,99.705002,98.470001,99.014999
2024-04-25,97.779999,98.985001,97.345001,98.800003
2024-04-26,99.580002,100.644997,99.190002,99.915001
2024-04-29,100.430000,100.580002,99.760002,100.345001
2024-04-30,100.000000,100.404999,98.105003,98.135002
2024-05-01,97.610001,99.250000,97.110001,97.129997
2024-05-02,98.370003,98.665001,97.129997,98.529999
2024-05-03,101.195000,101.614998,100.834999,101.275002
2024-05-06,101.660004,102.464996,101.504997,102.464996
2024-05-07,102.764999,102.815002,102.120003,102.129997
2024-05-08,101.764999,102.529999,101.739998,102.419998
2024-05-09,102.254997,102.470001,101.879997,102.389999
2024-05-10,102.925003,103.385002,102.445000,102.769997
2024-05-13,103.525002,103.610001,102.930000,103.254997
2024-05-14,103.220001,104.315002,103.160004,104.169998
2024-05-15,104.824997,106.550003,104.750000,106.514999
2024-05-16,106.580002,106.910004,106.099998,106.144997
2024-05-17,106.389999,106.455002,105.330002,105.910004
2024-05-20,106.014999,107.355003,105.919998,107.154999
2024-05-21,106.745003,107.504997,106.555000,107.330002
2024-05-22,107.635002,107.964996,106.934998,107.570000
2024-05-23,108.800003,108.809998,106.355003,106.695000
2024-05-24,106.964996,107.824997,106.610001,107.595001
2024-05-28,108.205002,108.290001,107.375000,108.050003
2024-05-29,106.910004,107.879997,106.910004,107.364998
2024-05-30,106.169998,106.330002,104.589996,104.915001
2024-05-31,105.224998,105.245003,102.764999,105.080002
2024-06-03,105.885002,105.980003,104.084999,105.345001
2024-06-04,105.290001,105.735001,104.750000,105.565002
2024-06-05,106.400002,107.910004,106.230003,107.910004
2024-06-06,107.970001,108.044998,107.264999,107.550003
2024-06-07,107.665001,108.260002,107.269997,107.800003
2024-06-10,107.434998,108.364998,107.364998,108.074997
2024-06-11,107.800003,110.114998,107.750000,110.084999
2024-06-12,111.180000,113.654999,110.974998,112.519997
2024-06-13,113.565002,113.879997,112.720001,113.410004
2024-06-14,113.250000,113.900002,113.175003,113.834999
2024-06-17,114.114998,115.964996,113.724998,115.559998
2024-06-18,115.675003,116.084999,115.245003,115.705002
2024-06-20,116.224998,116.294998,114.019997,114.404999
2024-06-21,114.430000,114.879997,113.684998,114.205002
2024-06-24,112.820000,113.330002,111.180000,111.209999
2024-06-25,112.025002,113.309998,111.394997,113.250000
2024-06-26,113.080002,113.654999,112.239998,113.120003
2024-06-27,112.900002,113.735001,112.764999,113.175003
2024-06-28,113.570000,115.195000,112.959999,113.114998
2024-07-01,113.285004,114.160004,111.639999,113.970001
2024-07-02,112.980003,114.550003,112.980003,114.540001
2024-07-03,114.375000,116.139999,114.279999,116.084999
2024-07-05,116.214996,116.955002,115.735001,116.440002
2024-07-08,116.815002,117.574997,116.614998,117.235001
2024-07-09,117.834999,118.114998,116.470001,117.139999
2024-07-10,117.945000,118.925003,117.285004,118.839996
2024-07-11,119.019997,119.070000,115.529999,115.864998
2024-07-12,116.184998,118.139999,115.779999,116.900002
2024-07-15,117.495003,118.264999,116.445000,117.110001
2024-07-16,117.385002,117.445000,115.885002,116.720001
2024-07-17,114.050003,114.165001,112.125000,112.180000
2024-07-18,113.410004,113.430000,110.775002,112.190002
2024-07-19,111.595001,112.279999,110.190002,110.434998
2024-07-22,111.894997,113.180000,111.419998,113.050003
2024-07-23,112.580002,113.614998,112.449997,112.599998
2024-07-24,111.129997,111.480003,107.680000,107.940002
2024-07-25,107.824997,109.434998,105.230003,106.785004
2024-07-26,108.224998,109.000000,107.224998,108.139999
2024-07-29,109.000000,109.470001,107.345001,107.660004
2024-07-30,108.059998,108.165001,104.150002,104.955002
2024-07-31,108.195000,109.794998,107.434998,109.400002
2024-08-01,109.099998,110.364998,104.199997,105.320000
2024-08-02,102.519997,103.364998,100.625000,102.360001
2024-08-05,95.955002,100.860001,95.375000,98.949997
2024-08-06,100.214996,102.324997,99.150002,100.294998
2024-08-07,102.724998,103.224998,98.535004,98.669998
2024-08-08,100.455002,102.610001,99.000000,102.355003
2024-08-09,102.294998,103.404999,101.675003,102.815002
2024-08-12,103.135002,104.455002,102.654999,103.654999
2024-08-13,104.940002,106.875000,104.809998,106.839996
2024-08-14,107.500000,107.970001,105.980003,107.425003
2024-08-15,108.815002,110.625000,108.580002,110.514999
2024-08-16,109.930000,110.915001,109.629997,110.699997
2024-08-19,110.440002,112.529999,109.989998,112.525002
2024-08-20,112.230003,112.904999,111.470001,112.129997
2024-08-21,112.199997,113.180000,111.845001,112.790001
2024-08-22,113.419998,113.684998,109.964996,110.195000
2024-08-23,111.290001,112.470001,110.550003,111.980003
2024-08-26,111.879997,112.300003,110.010002,110.574997
2024-08-27,109.889999,111.480003,109.349998,111.245003
2024-08-28,111.099998,111.315002,108.790001,109.709999
2024-08-29,109.739998,111.285004,108.440002,108.720001
2024-08-30,109.904999,110.589996,108.720001,110.165001
2024-09-03,109.000000,109.080002,104.504997,105.105003
2024-09-04,104.040001,106.029999,103.709999,104.834999
2024-09-05,104.080002,105.974998,103.985001,104.675003
2024-09-06,104.589996,104.839996,101.489998,101.959999
2024-09-09,103.224998,103.745003,102.269997,103.629997
2024-09-10,104.345001,105.404999,103.349998,105.180000
2024-09-11,105.540001,108.934998,103.870003,108.769997
2024-09-12,108.690002,110.135002,107.925003,109.669998
2024-09-13,109.805000,110.495003,109.360001,110.220001
2024-09-16,109.425003,110.150002,108.785004,109.800003
2024-09-17,110.900002,111.070000,109.029999,109.584999
2024-09-18,109.860001,110.629997,108.480003,108.584999
2024-09-19,111.635002,112.504997,111.025002,111.809998
2024-09-20,111.370003,111.764999,110.269997,111.264999
2024-09-23,111.165001,111.309998,110.705002,111.044998
2024-09-24,111.510002,112.029999,110.309998,111.805000
2024-09-25,111.584999,112.614998,111.535004,112.125000
2024-09-26,114.315002,114.440002,112.415001,113.610001
2024-09-27,113.769997,113.805000,112.129997,112.550003
2024-09-30,112.059998,112.949997,111.500000,112.879997
2024-10-01,112.544998,112.610001,109.474998,110.129997
2024-10-02,110.154999,111.449997,109.529999,110.945000
2024-10-03,110.620003,112.220001,110.605003,111.404999
2024-10-04,112.845001,112.925003,111.459999,112.644997
2024-10-07,112.139999,112.885002,111.589996,111.870003
2024-10-08,112.675003,114.150002,112.419998,113.959999
2024-10-09,114.050003,115.394997,113.695000,115.235001
2024-10-10,114.464996,115.504997,114.144997,115.205002
2024-10-11,114.930000,115.665001,114.760002,115.404999
2024-10-14,116.139999,117.150002,116.084999,116.910004
2024-10-15,117.000000,117.285004,113.915001,114.339996
2024-10-16,114.699997,114.870003,113.459999,114.695000
2024-10-17,116.294998,116.360001,115.044998,115.044998
2024-10-18,115.644997,115.879997,115.209999,115.455002
2024-10-21,115.095001,116.010002,114.885002,115.995003
2024-10-22,115.379997,116.269997,115.050003,115.875000
2024-10-23,115.445000,115.620003,113.239998,114.214996
2024-10-24,114.680000,114.834999,113.870003,114.550003
2024-10-25,115.199997,116.440002,114.980003,115.144997
2024-10-28,115.970001,115.970001,115.084999,115.110001
2024-10-29,115.330002,116.995003,114.900002,116.660004
2024-10-30,115.595001,115.904999,114.730003,114.805000
2024-10-31,113.544998,113.544998,111.080002,111.120003
2024-11-01,111.239998,112.790001,111.089996,111.955002
2024-11-04,112.059998,112.675003,111.394997,111.870003
2024-11-05,112.214996,113.535004,112.214996,113.445000
2024-11-06,115.635002,116.889999,115.290001,116.675003
2024-11-07,117.485001,118.845001,117.430000,118.709999
2024-11-08,118.559998,118.970001,118.150002,118.580002
2024-11-11,118.565002,118.639999,117.220001,117.925003
2024-11-12,117.845001,118.224998,117.144997,118.074997
2024-11-13,117.824997,118.535004,117.300003,117.665001
2024-11-14,117.855003,118.059998,117.074997,117.264999
2024-11-15,115.815002,115.964996,113.974998,114.355003
2024-11-18,114.355003,115.209999,113.860001,114.724998
2024-11-19,114.004997,115.760002,114.004997,115.665001
2024-11-20,115.764999,115.805000,114.025002,115.565002
2024-11-21,116.684998,117.285004,114.900002,116.739998
2024-11-22,116.529999,117.070000,116.110001,116.800003
2024-11-25,117.680000,117.885002,116.264999,116.794998
2024-11-26,117.324997,117.745003,116.879997,117.379997
2024-11-27,116.584999,116.654999,114.764999,115.790001
2024-11-29,116.059998,117.110001,115.945000,116.864998
2024-12-02,116.949997,118.415001,116.919998,117.974998
2024-12-03,117.474998,118.430000,117.245003,118.400002
2024-12-04,119.879997,120.625000,119.529999,120.565002
2024-12-05,120.375000,120.514999,119.790001,119.955002
2024-12-06,120.165001,120.940002,120.035004,120.419998
2024-12-09,119.970001,120.400002,119.330002,119.635002
2024-12-10,119.230003,119.555000,117.599998,117.974998
2024-12-11,118.910004,120.065002,118.500000,119.684998
2024-12-12,118.919998,119.455002,118.629997,119.014999
2024-12-13,120.089996,120.559998,118.574997,119.525002
2024-12-16,119.680000,120.824997,119.425003,120.720001
2024-12-17,119.864998,120.459999,119.404999,119.989998
2024-12-18,120.394997,120.724998,115.849998,116.120003
2024-12-19,117.300003,117.680000,116.095001,116.245003
2024-12-20,115.455002,118.930000,115.095001,117.980003
2024-12-23,118.125000,119.084999,117.495003,119.035004
2024-12-24,119.459999,120.269997,119.279999,120.264999
2024-12-26,119.879997,120.785004,119.495003,120.345001
2024-12-27,119.535004,119.690002,117.574997,118.745003
2024-12-30,117.014999,118.169998,116.290001,117.235001
2024-12-31,117.555000,117.635002,115.879997,116.260002
2025-01-02,117.180000,117.510002,114.889999,115.985001
2025-01-03,116.695000,118.000000,116.464996,117.875000
2025-01-06,119.220001,120.529999,118.904999,119.375000
2025-01-07,120.000000,120.000000,116.570000,116.980003
2025-01-08,117.250000,117.269997,115.815002,116.940002
2025-01-10,115.709999,115.730003,113.714996,114.389999
2025-01-13,112.550003,113.660004,112.224998,113.580002
2025-01-14,114.459999,114.775002,112.974998,113.879997
2025-01-15,115.434998,116.485001,115.055000,116.144997
2025-01-16,117.089996,117.165001,115.224998,115.250000
2025-01-17,117.330002,117.470001,116.540001,117.055000
2025-01-21,117.445000,118.320000,116.629997,118.029999
2025-01-22,119.625000,120.974998,119.455002,120.695000
2025-01-23,119.764999,120.934998,119.650002,120.910004
2025-01-24,121.290001,121.290001,119.264999,119.650002
2025-01-27,114.290001,115.489998,112.735001,113.785004
2025-01-28,114.555000,117.080002,113.345001,116.820000
2025-01-29,116.589996,116.644997,114.745003,115.870003
2025-01-30,115.665001,116.485001,114.870003,116.084999
2025-01-31,117.165001,117.864998,115.095001,115.404999
2025-02-03,112.849998,114.544998,112.250000,113.849998
2025-02-04,114.239998,115.669998,114.199997,115.489998
2025-02-05,115.595001,117.120003,115.230003,117.095001
2025-02-06,117.095001,117.654999,116.574997,117.415001
2025-02-07,117.889999,118.455002,116.019997,116.410004
2025-02-10,117.330002,118.404999,117.294998,118.110001
2025-02-11,117.455002,118.639999,117.375000,118.165001
2025-02-12,116.500000,118.050003,116.370003,117.910004
2025-02-13,118.120003,119.654999,117.955002,119.580002
2025-02-14,119.480003,120.084999,119.260002,119.985001
2025-02-18,120.605003,121.095001,120.044998,121.080002
2025-02-19,120.945000,121.570000,120.099998,121.089996
2025-02-20,120.974998,121.135002,119.430000,120.705002
2025-02-21,120.739998,120.790001,117.375000,117.434998
2025-02-24,117.889999,118.220001,115.610001,115.754997
2025-02-25,115.510002,115.614998,113.474998,114.254997
2025-02-26,115.375000,116.589996,114.614998,115.500000
2025-02-27,116.129997,116.250000,111.245003,111.294998
2025-02-28,110.794998,112.879997,109.849998,112.764999
2025-03-03,113.345001,113.574997,108.525002,109.334999
2025-03-04,108.525002,111.180000,107.129997,109.250000
2025-03-05,109.589996,111.144997,108.120003,110.785004
2025-03-06,108.510002,110.224998,107.190002,107.709999
2025-03-07,107.584999,109.544998,106.315002,109.269997
2025-03-10,107.110001,107.309998,103.540001,104.625000
2025-03-11,104.305000,105.955002,103.144997,104.199997
2025-03-12,106.059998,106.760002,104.574997,105.839996
2025-03-13,105.535004,105.769997,103.425003,103.830002
2025-03-14,105.190002,107.080002,105.154999,106.970001
2025-03-17,106.885002,108.480003,106.574997,107.714996
2025-03-18,106.949997,107.059998,105.684998,106.074997
2025-03-19,106.620003,108.714996,106.175003,107.455002
2025-03-20,106.235001,107.864998,106.074997,106.690002
2025-03-21,105.360001,107.125000,104.970001,106.980003
2025-03-24,108.570000,109.074997,108.285004,108.815002
2025-03-25,108.745003,109.320000,108.690002,109.175003
2025-03-26,108.839996,109.099998,106.320000,106.739998
2025-03-27,106.010002,106.610001,105.195000,105.754997
2025-03-28,105.205002,105.629997,102.839996,103.190002
2025-03-31,101.389999,103.474998,100.364998,103.239998
2025-04-01,102.830002,104.084999,101.989998,103.995003
2025-04-02,102.510002,105.629997,102.430000,104.764999
2025-04-03,99.745003,100.349998,97.535004,97.614998
2025-04-04,94.570000,95.320000,91.150002,91.184998
2025-04-07,87.464996,95.904999,86.224998,91.730003
2025-04-08,95.144997,96.419998,88.220001,89.864998
2025-04-09,90.050003,102.489998,89.934998,101.930000
2025-04-10,98.425003,99.099998,93.864998,97.184998
2025-04-11,96.699997,99.599998,95.974998,99.175003
2025-04-14,102.250000,102.315002,99.000000,100.080002
2025-04-15,100.235001,101.205002,99.974998,100.445000
2025-04-16,97.750000,98.790001,95.269997,96.955002
2025-04-17,97.650002,97.650002,96.019997,96.430000
2025-04-21,94.904999,95.144997,92.595001,93.940002
2025-04-22,95.190002,96.785004,94.635002,96.230003
2025-04-23,99.919998,100.974998,98.614998,99.019997
2025-04-24,99.995003,102.855003,99.834999,102.714996
2025-04-25,102.404999,104.430000,102.305000,104.235001
2025-04-28,104.099998,104.614998,102.510002,104.065002
2025-04-29,103.565002,104.985001,103.565002,104.550003
2025-04-30,102.495003,105.375000,101.900002,104.985001
2025-05-01,107.279999,108.275002,106.430000,106.525002
2025-05-02,107.745003,108.809998,107.455002,108.305000
2025-05-05,107.375000,108.500000,107.320000,107.730003
2025-05-06,106.129997,107.620003,105.805000,106.834999
2025-05-07,106.834999,108.375000,106.099998,107.904999
2025-05-08,108.974998,109.970001,108.004997,108.934998
2025-05-09,109.419998,109.620003,108.239998,108.800003
2025-05-12,113.415001,113.889999,112.269997,113.849998
2025-05-13,114.260002,116.690002,114.129997,116.309998
2025-05-14,116.855003,117.525002,116.379997,117.065002
2025-05-15,116.430000,117.885002,116.290001,117.224998
2025-05-16,117.605003,117.605003,116.430000,117.445000
2025-05-19,115.709999,117.540001,115.669998,117.275002
2025-05-20,116.544998,116.855003,115.949997,116.834999
2025-05-21,115.739998,117.355003,114.175003,114.639999
2025-05-22,114.695000,115.699997,114.415001,114.669998
2025-05-23,112.675003,114.144997,112.550003,113.404999
2025-05-27,115.169998,116.260002,114.785004,116.099998
2025-05-28,116.239998,116.705002,115.449997,115.620003
2025-05-29,117.370003,117.489998,115.220001,115.815002
2025-05-30,115.760002,115.815002,113.709999,115.455002
2025-06-02,115.150002,116.544998,115.010002,116.474998
2025-06-03,116.629997,118.315002,116.544998,118.224998
2025-06-04,118.375000,118.769997,117.815002,118.400002
2025-06-05,118.750000,119.785004,117.555000,118.065002
2025-06-06,119.205002,119.730003,118.839996,119.180000
2025-06-09,119.644997,120.504997,119.555000,119.764999
2025-06-10,119.745003,120.614998,119.294998,120.434998
2025-06-11,120.724998,121.214996,119.550003,120.169998
2025-06-12,120.144997,121.565002,120.125000,121.285004
2025-06-13,119.879997,120.794998,119.144997,119.584999
2025-06-16,120.305000,121.879997,120.305000,121.519997
2025-06-17,121.010002,121.864998,120.375000,120.660004
2025-06-18,120.955002,121.565002,120.190002,120.805000
2025-06-20,121.235001,121.644997,119.705002,120.269997
2025-06-23,120.190002,121.544998,119.375000,121.440002
2025-06-24,122.675003,123.769997,122.529999,123.620003
2025-06-25,124.260002,124.860001,124.150002,124.675003
2025-06-26,125.235001,125.735001,124.739998,125.535004
2025-06-27,125.875000,126.355003,124.815002,125.385002
2025-06-30,126.485001,126.959999,125.875000,126.614998
2025-07-01,126.209999,126.474998,124.625000,125.485001
2025-07-02,125.169998,126.894997,125.080002,126.809998
2025-07-03,127.500000,128.865005,127.449997,128.479996
2025-07-07,127.985001,128.320007,126.889999,127.459999
2025-07-08,128.130005,128.389999,127.614998,128.145004
2025-07-09,128.600006,129.399994,127.959999,128.914993
2025-07-10,129.235001,129.350006,127.815002,128.490005
2025-07-11,127.879997,128.675003,127.720001,127.925003
2025-07-14,127.610001,128.134995,126.599998,127.820000
2025-07-15,129.309998,129.615005,128.910004,128.955002
2025-07-16,129.000000,129.429993,127.404999,129.354996
2025-07-17,129.509995,130.735001,129.255005,130.529999
2025-07-18,131.029999,131.074997,130.095001,130.445007
2025-07-21,130.589996,131.505005,130.440002,130.615005
2025-07-22,130.514999,130.604996,128.475006,129.404999
2025-07-23,129.740005,130.315002,128.970001,130.145004
2025-07-24,130.464996,130.949997,129.960007,130.695007
2025-07-25,130.654999,131.324997,130.384995,130.994995
2025-07-28,131.494995,132.074997,131.225006,132.039993
2025-07-29,132.899994,133.634995,131.820007,132.044998
2025-07-30,132.184998,132.789993,131.300003,132.339996
2025-07-31,134.005005,134.005005,130.729996,131.369995
2025-08-01,129.940002,129.985001,127.889999,128.535004
2025-08-04,129.744995,131.169998,129.744995,131.145004
2025-08-05,131.630005,131.744995,129.759995,130.059998
2025-08-06,130.184998,131.695007,130.100006,131.524994
2025-08-07,132.990005,133.205002,130.550003,131.645004
2025-08-08,132.139999,133.110001,131.794998,132.960007
2025-08-11,132.875000,133.475006,131.755005,132.059998
2025-08-12,132.720001,134.139999,131.985001,134.104996
2025-08-13,134.880005,135.024994,133.664993,134.154999
2025-08-14,133.475006,134.324997,133.164993,133.865005
2025-08-15,133.684998,133.684998,132.320007,132.850006
2025-08-18,132.684998,133.255005,132.554993,133.134995
2025-08-19,133.085007,133.115005,130.565002,130.809998
2025-08-20,130.479996,130.479996,127.919998,129.925003
2025-08-21,129.610001,130.130005,128.895004,129.455002
2025-08-22,129.315002,132.065002,128.955002,131.210007
2025-08-25,131.205002,131.735001,130.554993,130.914993
2025-08-26,131.024994,131.690002,130.835007,131.514999
2025-08-27,131.645004,132.375000,131.039993,132.225006
2025-08-28,132.384995,133.554993,131.725006,133.270004
2025-08-29,132.684998,132.710007,130.744995,131.225006
2025-09-02,128.904999,130.020004,128.139999,129.899994
2025-09-03,130.565002,130.934998,129.699997,130.675003
2025-09-04,130.139999,131.375000,129.610001,131.320007
2025-09-05,132.565002,132.615005,130.095001,131.429993
2025-09-08,132.119995,132.895004,132.089996,132.414993
2025-09-09,132.710007,132.809998,131.729996,132.669998
2025-09-10,135.354996,135.985001,134.429993,135.074997
2025-09-11,135.925003,136.115005,135.309998,135.529999
2025-09-12,135.800003,135.929993,135.149994,135.440002
2025-09-15,135.654999,136.690002,135.490005,136.660004
2025-09-16,136.975006,137.070007,136.020004,136.184998
2025-09-17,136.095001,136.259995,134.309998,135.714996
2025-09-18,137.475006,138.464996,136.809998,138.059998
2025-09-19,138.615005,139.589996,138.164993,139.460007
2025-09-22,139.074997,141.445007,139.020004,141.330002
2025-09-23,141.134995,141.365005,139.490005,140.110001
2025-09-24,140.485001,140.485001,138.315002,139.244995
2025-09-25,137.979996,139.345001,137.125000,139.000000
2025-09-26,139.149994,139.544998,138.190002,139.419998
2025-09-29,140.220001,140.960007,139.839996,140.164993
2025-09-30,140.164993,141.070007,139.869995,140.929993
2025-10-01,140.210007,142.410004,140.169998,142.309998
2025-10-02,143.634995,143.664993,142.434998,143.080002
2025-10-03,143.210007,143.940002,141.869995,142.360001
2025-10-06,144.279999,144.720001,143.725006,143.800003
2025-10-07,144.539993,144.750000,142.085007,142.839996
2025-10-08,143.169998,145.350006,143.095001,145.345001
2025-10-09,145.279999,145.410004,144.345001,145.100006
2025-10-10,145.404999,145.669998,139.139999,139.195007
2025-10-13,142.365005,143.059998,141.554993,142.585007
2025-10-14,140.714996,142.190002,139.119995,140.755005
2025-10-15,142.729996,143.289993,140.399994,142.149994
2025-10-16,143.175003,143.809998,141.285004,142.255005
2025-10-17,141.410004,142.929993,140.509995,142.505005
2025-10-20,143.320007,144.710007,143.235001,144.095001
2025-10-21,144.005005,144.684998,143.475006,144.169998
2025-10-22,144.104996,144.419998,140.949997,142.744995
2025-10-23,142.184998,144.774994,142.184998,144.544998
2025-10-24,146.250000,147.285004,146.035004,146.789993
2025-10-27,148.850006,149.630005,148.610001,149.500000
2025-10-28,150.225006,151.570007,149.710007,150.979996
2025-10-29,152.350006,152.994995,150.934998,152.065002
2025-10-30,151.199997,151.979996,150.145004,150.195007
2025-10-31,151.710007,151.820007,149.470001,150.339996
2025-11-03,151.779999,152.110001,150.130005,150.955002
2025-11-04,148.225006,149.199997,146.725006,146.970001
2025-11-05,146.710007,148.740005,146.485001,147.544998
2025-11-06,147.309998,147.470001,143.835007,144.580002
2025-11-07,143.345001,144.115005,140.800003,144.080002
2025-11-10,146.654999,148.044998,145.895004,147.764999
2025-11-11,146.789993,147.054993,145.529999,146.505005
2025-11-12,147.729996,147.729996,146.074997,146.960007
2025-11-13,146.139999,146.339996,142.514999,143.294998
2025-11-14,140.649994,145.380005,140.145004,144.074997
2025-11-17,142.725006,144.285004,140.675003,141.820007
2025-11-18,140.595001,141.320007,138.235001,139.514999
2025-11-19,139.524994,142.059998,139.164993,140.485001
2025-11-20,143.720001,144.255005,135.759995,136.074997
2025-11-21,136.300003,138.419998,133.740005,136.600006
2025-11-24,137.520004,140.350006,137.434998,139.854996
2025-11-25,138.625000,140.589996,136.654999,140.229996
2025-11-26,141.884995,142.494995,140.789993,141.889999
2025-11-28,142.190002,143.134995,141.804993,143.110001
2025-12-01,141.720001,143.604996,141.285004,143.175003
2025-12-02,144.065002,145.514999,143.645004,144.649994
2025-12-03,143.949997,145.095001,143.229996,144.994995
2025-12-04,145.190002,145.794998,144.494995,145.535004
2025-12-05,146.210007,147.309998,145.690002,146.600006
2025-12-08,147.429993,148.380005,146.919998,147.630005
2025-12-09,147.339996,148.250000,146.960007,148.020004
2025-12-10,147.690002,149.220001,146.820007,148.729996
2025-12-11,147.059998,148.130005,145.110001,147.970001
2025-12-12,146.940002,147.080002,143.259995,143.690002
2025-12-15,144.419998,144.630005,142.020004,142.300003
2025-12-16,141.910004,142.970001,141.300003,142.559998
2025-12-17,142.720001,142.839996,139.320007,139.389999
2025-12-18,141.860001,142.419998,140.789993,141.539993
2025-12-19,142.589996,144.619995,142.570007,144.600006
2025-12-22,146.009995,146.009995,144.649994,145.160004
2025-12-23,144.740005,145.979996,144.360001,145.949997
2025-12-24,145.789993,146.500000,145.679993,146.300003
2025-12-26,146.610001,146.979996,146.240005,146.529999
2025-12-29,145.350006,146.380005,145.039993,145.869995
2025-12-30,145.850006,146.259995,145.380005,145.410004
2025-12-31,145.710007,145.800003,143.899994,143.970001
2026-01-02,145.630005,146.520004,143.410004,144.300003
2026-01-05,146.009995,146.389999,144.250000,144.619995
2026-01-06,145.210007,146.770004,144.630005,146.649994
2026-01-07,146.529999,147.380005,146.039993,146.529999
2026-01-08,145.929993,145.929993,143.500000,144.240005
2026-01-09,144.570007,146.580002,144.029999,146.149994
2026-01-12,145.190002,147.289993,145.050003,146.789993
2026-01-13,146.850006,147.520004,145.850006,146.479996
2026-01-14,145.500000,145.929993,143.320007,144.699997
2026-01-15,146.929993,147.570007,145.309998,145.460007
2026-01-16,146.720001,146.949997,145.020004,145.619995
2026-01-20,143.089996,144.100006,141.610001,141.839996
2026-01-21,142.779999,145.039993,141.960007,143.809998
2026-01-22,145.610001,145.699997,144.160004,144.880005
2026-01-23,144.529999,145.830002,143.750000,145.089996
2026-01-26,145.270004,146.710007,144.889999,146.080002
2026-01-27,147.419998,148.619995,147.029999,148.050003
2026-01-28,149.000000,149.899994,148.610001,149.229996
2026-01-29,147.839996,147.929993,143.270004,146.869995
2026-01-30,146.039993,146.750000,142.990005,143.880005
2026-02-02,143.529999,146.149994,143.389999,145.259995
2026-02-03,145.880005,145.970001,140.169998,142.080002
2026-02-04,140.830002,141.009995,136.110001,138.119995
2026-02-05,137.220001,138.479996,135.080002,135.630005
2026-02-06,138.009995,141.470001,137.419998,141.130005
2026-02-09,140.600006,144.029999,139.910004,143.350006
2026-02-10,143.820007,144.149994,142.389999,142.550003
2026-02-11,144.509995,144.759995,141.320007,142.970001
2026-02-12,143.309998,143.770004,138.919998,139.210007
2026-02-13,139.559998,140.910004,137.929993,139.559998
2026-02-17,138.639999,140.449997,137.020004,139.479996
2026-02-18,140.059998,142.119995,139.270004,140.910004
2026-02-19,140.089996,140.710007,139.279999,140.210007
2026-02-20,139.199997,141.750000,138.970001,140.880005
2026-02-23,140.179993,140.649994,137.889999,138.520004
2026-02-24,139.240005,140.940002,138.190002,140.320007
2026-02-25,141.360001,143.339996,141.210007,143.009995
2026-02-26,142.940002,143.009995,139.259995,141.009995
2026-02-27,138.309998,139.770004,137.940002,138.759995
2026-03-02,137.029999,139.960007,136.559998,139.539993
2026-03-03,136.360001,138.330002,134.990005,137.500000
2026-03-04,138.529999,140.630005,138.039993,139.839996
2026-03-05,139.160004,141.259995,138.089996,140.179993
2026-03-06,137.820007,139.830002,136.789993,137.289993
2026-03-09,135.970001,140.210007,135.460007,139.759995
2026-03-10,139.839996,141.389999,139.020004,139.759995
2026-03-11,140.580002,141.589996,139.520004,140.429993
2026-03-12,139.270004,139.750000,137.649994,137.839996
2026-03-13,138.449997,139.710007,136.520004,136.800003
2026-03-16,138.720001,140.080002,138.520004,138.779999
2026-03-17,139.389999,140.270004,138.929993,139.539993
2026-03-18,139.309998,140.070007,137.929993,137.960007
2026-03-19,136.000000,139.169998,135.440002,138.429993
2026-03-20,137.979996,137.979996,134.320007,135.289993
2026-03-23,137.500000,139.199997,136.220001,136.949997
2026-03-24,136.050003,136.919998,134.869995,136.149994
2026-03-25,137.289993,138.000000,136.279999,136.759995
2026-03-26,135.179993,135.520004,132.419998,132.500000
2026-03-27,131.529999,132.050003,129.580002,129.919998
2026-03-30,131.270004,131.550003,126.680000,127.500000
2026-03-31,129.149994,133.220001,128.979996,132.899994
2026-04-01,134.119995,136.050003,133.759995,134.910004
2026-04-02,131.910004,136.039993,131.350006,135.990005
2026-04-06,136.479996,137.250000,135.710007,136.779999
2026-04-07,136.169998,137.490005,134.110001,137.429993
2026-04-08,143.130005,143.559998,140.740005,141.690002
2026-04-09,141.759995,142.190002,140.350006,142.070007
2026-04-10,142.500000,143.559998,141.919998,142.619995
2026-04-13,142.330002,145.669998,142.130005,145.610001
2026-04-14,146.899994,147.940002,146.080002,147.940002
2026-04-15,148.270004,150.369995,147.960007,150.300003
2026-04-16,150.990005,152.179993,149.750000,152.020004
2026-04-17,154.059998,154.809998,153.509995,154.350006
2026-04-20,154.300003,154.750000,153.039993,154.559998
2026-04-21,155.000000,156.070007,154.149994,154.690002
2026-04-22,156.220001,158.160004,155.520004,158.089996
2026-04-23,156.770004,157.800003,153.949997,155.839996
2026-04-24,158.429993,160.399994,157.600006,160.220001
2026-04-27,160.020004,160.619995,158.809998,160.570007
2026-04-28,157.110001,158.639999,156.160004,157.850006
2026-04-29,158.830002,159.149994,157.750000,159.110001
2026-04-30,159.649994,159.800003,156.880005,159.500000
2026-05-01,160.389999,162.289993,160.139999,161.869995
2026-05-04,162.710007,163.240005,160.880005,162.050003
2026-05-05,163.869995,166.020004,163.520004,165.630005
2026-05-06,167.880005,170.080002,166.839996,170.029999
2026-05-07,170.259995,171.949997,168.699997,169.690002
2026-05-08,171.589996,175.600006,171.300003,175.520004
2026-05-11,176.149994,178.300003,175.869995,177.880005
2026-05-12,176.149994,176.990005,171.199997,175.199997
2026-05-13,177.270004,177.740005,174.259995,176.850006
2026-05-14,177.360001,180.220001,176.869995,179.500000
2026-05-15,176.210007,178.699997,174.630005,176.259995
2026-05-18,177.619995,177.850006,171.910004,174.360001
2026-05-19,172.679993,175.179993,170.830002,173.240005
2026-05-20,174.660004,177.250000,173.949997,177.139999
2026-05-21,175.830002,178.979996,175.830002,178.600006
2026-05-22,180.029999,181.729996,179.559998,180.389999
2026-05-26,183.199997,186.000000,182.589996,185.139999
2026-05-27,186.179993,186.270004,182.539993,184.429993
2026-05-28,184.830002,187.580002,183.789993,186.850006
2026-05-29,189.330002,191.630005,189.199997,191.020004
2026-06-01,192.320007,196.500000,191.149994,195.759995
2026-06-02,196.449997,198.380005,195.750000,198.210007
2026-06-03,198.369995,198.729996,194.529999,196.229996
2026-06-04,191.520004,194.740005,189.690002,193.169998
2026-06-05,188.889999,189.220001,179.800003,180.300003
2026-06-08,185.220001,186.710007,183.169998,184.179993
2026-06-09,185.910004,187.080002,172.880005,180.770004
2026-06-10,178.160004,182.410004,176.149994,176.630005
2026-06-11,177.789993,183.660004,176.500000,183.210007
2026-06-12,183.240005,185.839996,181.639999,184.800003
2026-06-15,190.369995,192.080002,189.750000,191.789993
2026-06-16,191.229996,192.250000,186.429993,186.440002
2026-06-17,189.009995,189.990005,185.300003,185.800003
2026-06-18,190.419998,192.000000,189.380005,191.440002
2026-06-22,192.949997,194.300003,190.860001,192.149994
2026-06-23,184.679993,187.250000,183.699997,184.190002
2026-06-24,184.070007,185.660004,180.789993,183.050003
2026-06-25,188.149994,188.410004,180.380005,184.570007
2026-06-26,181.000000,183.110001,179.759995,181.110001
2026-06-29,183.119995,185.660004,178.669998,185.410004
2026-06-30,185.759995,190.940002,185.600006,190.520004
2026-07-01,186.830002,187.979996,185.380005,185.619995
2026-07-02,185.490005,187.380005,178.720001,180.589996
2026-07-06,182.660004,185.710007,182.039993,183.570007
2026-07-07,179.839996,180.720001,176.360001,179.179993
2026-07-08,177.479996,181.630005,177.149994,181.399994
2026-07-09,184.759995,186.399994,183.559998,185.350006
2026-07-10,184.009995,186.229996,183.089996,185.779999
2026-07-13,183.100006,183.899994,180.539993,181.279999
2026-07-14,183.710007,184.429993,181.330002,183.619995
2026-07-15,185.110001,185.289993,178.220001,181.580002
2026-07-16,179.000000,179.479996,176.410004,177.520004
2026-07-17,172.850006,177.919998,171.339996,175.589996
2026-07-20,177.190002,178.699997,175.520004,175.710007
2026-07-21,179.559998,181.020004,178.169998,180.779999
2026-07-22,178.160004,181.429993,178.149994,180.270004
2026-07-23,178.800003,180.389999,177.199997,178.449997
2026-07-24,177.820007,179.009995,175.050003,175.880005
2026-07-27,177.830002,178.300003,171.729996,174.300003
2026-07-28,171.210007,172.169998,167.539993,171.089996
2026-07-29,171.119995,172.509995,166.460007,166.570007
2026-07-30,172.809998,176.089996,172.160004,175.729996
2026-07-31,177.460007,178.619995,172.699997,175.350006
2026-08-03,174.009995,178.919998,173.039993,178.039993
2026-08-04,182.520004,187.710007,181.869995,186.899994
2026-08-05,187.339996,188.619995,185.710007,185.910004
2026-08-06,183.190002,186.910004,182.059998,185.330002
2026-08-07,187.990005,188.729996,185.740005,187.970001
2026-08-10,188.080002,188.839996,186.270004,186.320007
2026-08-11,187.690002,187.710007,185.070007,186.089996
2026-08-12,189.470001,189.589996,188.330002,188.860001
2026-08-13,189.130005,191.740005,188.860001,190.770004
2026-08-14,191.139999,191.350006,189.250000,190.009995
2026-08-17,190.789993,191.750000,190.110001,190.320007
2026-08-18,186.289993,187.500000,184.330002,185.619995
2026-08-19,186.389999,186.910004,182.410004,183.639999
2026-08-20,183.470001,184.710007,182.660004,183.100006
2026-08-21,184.419998,184.559998,181.899994,183.309998
2026-08-24,181.679993,181.880005,178.820007,180.050003
2026-08-25,182.110001,183.020004,180.589996,181.740005
2026-08-26,180.710007,183.350006,180.710007,182.839996
2026-08-27,186.470001,188.740005,185.669998,188.610001
2026-08-28,188.070007,188.669998,185.509995,185.690002
2026-08-31,185.779999,186.649994,185.279999,186.500000
2026-09-01,183.699997,184.919998,182.630005,183.639999
2026-09-02,183.460007,183.779999,182.270004,183.600006
2026-09-03,183.520004,186.320007,182.490005,185.970001
2026-09-04,187.190002,188.199997,186.419998,187.279999
2026-09-08,188.639999,189.080002,187.020004,187.869995
2026-09-09,187.529999,188.830002,187.149994,187.869995
2026-09-10,185.240005,186.520004,184.570007,185.220001
2026-09-11,187.350006,188.639999,186.880005,187.669998
2026-09-14,183.000000,185.600006,182.080002,184.279999
2026-09-15,184.500000,185.070007,183.460007,183.740005
2026-09-16,184.929993,186.130005,182.419998,183.929993
2026-09-17,187.300003,188.529999,186.729996,188.059998
2026-09-18,189.229996,189.809998,187.520004,189.600006
2026-09-21,191.789993,195.089996,190.970001,194.850006
2026-09-22,194.589996,195.630005,194.470001,195.059998
