date,open,high,low,close
2019-01-02,85.180000,85.830002,84.269997,85.199997
2019-01-03,85.320000,85.500000,83.250000,83.470001
2019-01-04,84.449997,86.430000,84.410004,85.959999
2019-01-07,85.989998,87.099998,85.730003,86.290001
2019-01-08,86.980003,87.250000,86.000000,86.959999
2019-01-09,87.339996,87.860001,87.089996,87.349998
2019-01-10,86.959999,87.580002,86.519997,87.519997
2019-01-11,87.110001,87.839996,86.949997,87.809998
2019-01-14,87.279999,87.320000,86.830002,86.839996
2019-01-15,86.959999,88.419998,86.940002,88.400002
2019-01-16,88.519997,88.900002,88.180000,88.239998
2019-01-17,88.000000,89.389999,87.930000,89.019997
2019-01-18,89.680000,90.129997,89.010002,90.080002
2019-01-22,89.449997,89.620003,88.839996,89.459999
2019-01-23,89.629997,90.050003,88.589996,89.559998
2019-01-24,89.470001,89.550003,88.389999,88.809998
2019-01-25,89.250000,89.250000,88.660004,88.919998
2019-01-28,88.309998,88.400002,87.489998,87.910004
2019-01-29,87.910004,88.410004,87.660004,88.339996
2019-01-30,88.669998,89.800003,88.449997,89.550003
2019-01-31,89.449997,90.879997,89.360001,90.669998
2019-02-01,90.779999,90.959999,90.129997,90.750000
2019-02-04,90.760002,90.760002,89.720001,90.489998
2019-02-05,90.639999,91.150002,90.339996,90.360001
2019-02-06,90.199997,90.809998,90.089996,90.769997
2019-02-07,90.180000,90.330002,89.290001,89.769997
2019-02-08,89.419998,89.949997,89.290001,89.940002
2019-02-11,90.139999,90.199997,89.580002,89.830002
2019-02-12,90.220001,91.110001,90.059998,91.059998
2019-02-13,91.239998,91.529999,90.849998,91.260002
2019-02-14,91.029999,91.879997,90.900002,91.470001
2019-02-15,92.160004,92.900002,91.470001,92.849998
2019-02-19,92.599998,92.989998,92.589996,92.629997
2019-02-20,92.400002,92.639999,92.059998,92.519997
2019-02-21,92.190002,92.250000,91.300003,91.709999
2019-02-22,91.889999,92.629997,91.779999,92.550003
2019-02-25,93.019997,93.239998,92.610001,92.680000
2019-02-26,92.470001,92.720001,92.239998,92.349998
2019-02-27,92.040001,92.360001,91.610001,91.919998
2019-02-28,91.750000,92.250000,91.550003,91.650002
2019-03-01,92.220001,93.080002,92.139999,92.949997
2019-03-04,93.279999,93.449997,91.059998,91.690002
2019-03-05,91.730003,91.970001,91.169998,91.639999
2019-03-06,91.650002,91.769997,90.050003,90.300003
2019-03-07,90.169998,90.360001,89.279999,89.589996
2019-03-08,89.110001,89.449997,88.629997,89.400002
2019-03-11,89.639999,90.500000,89.379997,90.419998
2019-03-12,90.650002,91.290001,90.519997,91.080002
2019-03-13,91.349998,92.309998,91.290001,92.059998
2019-03-14,92.029999,92.150002,91.580002,91.910004
2019-03-15,91.730003,92.139999,91.410004,91.989998
2019-03-18,92.080002,92.169998,91.519997,91.849998
2019-03-19,92.169998,92.839996,91.839996,92.580002
2019-03-20,92.470001,92.580002,91.580002,91.940002
2019-03-21,91.169998,92.440002,91.040001,92.300003
2019-03-22,91.900002,92.239998,90.599998,90.620003
2019-03-25,90.779999,90.860001,89.919998,90.570000
2019-03-26,91.099998,91.769997,90.550003,91.190002
2019-03-27,91.080002,91.290001,89.800003,90.430000
2019-03-28,90.699997,90.910004,90.190002,90.660004
2019-03-29,91.199997,91.830002,91.000000,91.750000
2019-04-01,92.309998,92.449997,91.680000,91.889999
2019-04-02,91.910004,92.050003,91.510002,91.680000
2019-04-03,92.089996,92.139999,91.290001,91.559998
2019-04-04,91.639999,91.750000,90.839996,91.370003
2019-04-05,91.589996,92.160004,91.529999,92.000000
2019-04-08,91.930000,92.070000,91.330002,91.980003
2019-04-09,91.660004,91.940002,91.410004,91.739998
2019-04-10,91.849998,92.019997,91.610001,91.769997
2019-04-11,91.970001,92.019997,90.239998,90.639999
2019-04-12,90.989998,91.019997,89.660004,89.809998
2019-04-15,89.919998,90.239998,89.750000,90.169998
2019-04-16,90.919998,91.029999,88.169998,88.320000
2019-04-17,88.620003,88.639999,85.330002,85.779999
2019-04-18,86.040001,86.449997,84.650002,85.919998
2019-04-22,85.779999,86.470001,85.510002,85.970001
2019-04-23,85.940002,87.790001,85.790001,87.330002
2019-04-24,87.360001,87.540001,86.839996,87.230003
2019-04-25,87.040001,88.389999,86.680000,88.129997
2019-04-26,88.250000,89.040001,88.059998,89.010002
2019-04-29,89.040001,89.199997,88.470001,88.849998
2019-04-30,89.110001,89.430000,88.480003,89.260002
2019-05-01,89.379997,89.730003,88.599998,89.099998
2019-05-02,89.010002,89.570000,88.500000,89.480003
2019-05-03,89.730003,90.190002,89.580002,90.160004
2019-05-06,88.849998,90.849998,88.699997,90.620003
2019-05-07,89.919998,90.360001,88.360001,88.879997
2019-05-08,88.839996,89.480003,88.339996,89.070000
2019-05-09,88.279999,89.169998,87.860001,88.879997
2019-05-10,88.589996,89.139999,87.010002,88.910004
2019-05-13,87.400002,88.860001,86.900002,87.239998
2019-05-14,87.639999,88.290001,87.470001,87.680000
2019-05-15,87.220001,88.239998,86.830002,87.940002
2019-05-16,88.129997,89.389999,88.070000,88.629997
2019-05-17,87.900002,89.139999,87.900002,88.440002
2019-05-20,88.059998,88.680000,87.750000,88.400002
2019-05-21,88.900002,89.610001,88.839996,89.230003
2019-05-22,88.970001,89.940002,88.889999,89.739998
2019-05-23,89.290001,89.430000,88.680000,89.430000
2019-05-24,89.739998,90.099998,89.339996,89.559998
2019-05-28,89.639999,90.180000,88.269997,88.279999
2019-05-29,87.849998,87.860001,86.820000,87.430000
2019-05-30,87.599998,88.050003,87.510002,87.910004
2019-05-31,87.339996,87.690002,86.769997,87.279999
2019-06-03,87.360001,88.239998,87.309998,87.489998
2019-06-04,88.220001,89.089996,88.110001,88.940002
2019-06-05,89.589996,89.820000,88.970001,89.610001
2019-06-06,89.750000,90.430000,89.540001,90.070000
2019-06-07,90.360001,91.230003,90.330002,91.010002
2019-06-10,91.290001,91.580002,90.949997,91.279999
2019-06-11,91.730003,91.959999,90.900002,91.129997
2019-06-12,91.150002,91.599998,91.059998,91.570000
2019-06-13,91.730003,91.730003,91.099998,91.459999
2019-06-14,91.500000,91.769997,91.180000,91.250000
2019-06-17,91.339996,91.720001,91.209999,91.660004
2019-06-18,92.120003,92.760002,91.940002,92.440002
2019-06-19,92.459999,93.480003,92.400002,93.269997
2019-06-20,94.040001,94.330002,93.139999,93.680000
2019-06-21,93.190002,93.910004,92.660004,93.730003
2019-06-24,93.610001,93.669998,93.070000,93.239998
2019-06-25,93.309998,93.739998,92.769997,92.860001
2019-06-26,92.989998,93.000000,91.500000,91.690002
2019-06-27,92.010002,92.510002,91.830002,92.330002
2019-06-28,92.370003,92.720001,91.839996,92.639999
2019-07-01,93.370003,93.410004,92.720001,93.099998
2019-07-02,93.180000,93.599998,92.650002,93.599998
2019-07-03,93.809998,94.419998,93.800003,94.400002
2019-07-05,94.000000,94.230003,93.540001,93.750000
2019-07-08,93.389999,93.419998,92.620003,93.050003
2019-07-09,92.709999,93.239998,92.699997,93.139999
2019-07-10,93.349998,93.709999,93.070000,93.459999
2019-07-11,94.110001,94.150002,92.849998,93.480003
2019-07-12,93.169998,93.190002,91.800003,92.440002
2019-07-15,92.489998,92.860001,92.180000,92.639999
2019-07-16,92.570000,92.699997,92.120003,92.180000
2019-07-17,92.370003,92.680000,92.190002,92.199997
2019-07-18,92.190002,92.870003,91.739998,92.720001
2019-07-19,92.930000,92.970001,91.680000,91.760002
2019-07-22,91.860001,91.919998,91.489998,91.570000
2019-07-23,91.699997,92.279999,91.320000,92.139999
2019-07-24,92.000000,92.199997,91.169998,92.190002
2019-07-25,91.940002,92.290001,91.540001,91.739998
2019-07-26,92.059998,92.239998,91.720001,92.070000
2019-07-29,92.120003,92.519997,91.970001,92.449997
2019-07-30,91.739998,92.089996,91.360001,92.050003
2019-07-31,91.949997,92.330002,90.580002,91.139999
2019-08-01,91.150002,92.239998,90.709999,91.260002
2019-08-02,91.129997,91.410004,90.459999,91.050003
2019-08-05,90.019997,90.379997,88.190002,88.910004
2019-08-06,89.360001,90.080002,88.870003,90.059998
2019-08-07,89.330002,90.339996,88.199997,90.089996
2019-08-08,90.370003,91.379997,90.250000,91.290001
2019-08-09,91.129997,91.980003,90.610001,91.400002
2019-08-12,91.059998,91.400002,90.160004,90.510002
2019-08-13,90.480003,92.169998,90.400002,91.690002
2019-08-14,90.750000,90.970001,89.089996,89.139999
2019-08-15,89.519997,89.790001,88.870003,89.449997
2019-08-16,90.059998,90.790001,90.000000,90.550003
2019-08-19,91.260002,91.650002,91.110001,91.419998
2019-08-20,91.449997,91.639999,90.570000,90.639999
2019-08-21,91.269997,91.529999,91.040001,91.309998
2019-08-22,91.480003,91.690002,90.500000,90.860001
2019-08-23,90.699997,91.040001,88.320000,88.760002
2019-08-26,89.470001,89.760002,89.099998,89.690002
2019-08-27,90.239998,90.550003,89.099998,89.160004
2019-08-28,88.849998,90.000000,88.720001,89.809998
2019-08-29,90.489998,90.750000,89.910004,90.489998
2019-08-30,90.910004,91.089996,90.209999,90.599998
2019-09-03,90.070000,90.500000,89.750000,90.070000
2019-09-04,90.660004,90.709999,89.709999,90.129997
2019-09-05,90.900002,91.220001,90.419998,91.019997
2019-09-06,91.209999,91.529999,91.080002,91.269997
2019-09-09,91.349998,91.379997,90.099998,90.430000
2019-09-10,89.970001,90.699997,89.019997,90.690002
2019-09-11,90.839996,91.620003,90.620003,91.589996
2019-09-12,92.000000,92.379997,91.510002,91.559998
2019-09-13,91.669998,92.250000,91.320000,91.510002
2019-09-16,91.010002,91.540001,90.900002,91.309998
2019-09-17,91.260002,91.699997,91.129997,91.449997
2019-09-18,91.449997,91.559998,90.790001,91.440002
2019-09-19,91.550003,92.279999,91.379997,91.870003
2019-09-20,91.699997,92.430000,91.690002,92.000000
2019-09-23,91.730003,92.059998,91.480003,91.510002
2019-09-24,91.849998,91.910004,90.349998,90.669998
2019-09-25,90.680000,90.760002,90.099998,90.230003
2019-09-26,90.529999,90.559998,89.040001,89.730003
2019-09-27,90.029999,90.160004,89.000000,89.330002
2019-09-30,89.449997,90.680000,89.389999,90.129997
2019-10-01,90.370003,90.570000,89.070000,89.250000
2019-10-02,88.970001,89.150002,87.559998,87.949997
2019-10-03,87.830002,88.769997,87.199997,88.739998
2019-10-04,89.000000,90.180000,88.949997,90.129997
2019-10-07,89.760002,90.419998,89.629997,89.830002
2019-10-08,89.080002,89.120003,88.099998,88.120003
2019-10-09,88.660004,89.019997,88.360001,88.760002
2019-10-10,88.500000,89.510002,88.419998,89.199997
2019-10-11,90.050003,91.000000,89.900002,89.940002
2019-10-14,89.879997,90.339996,89.760002,89.900002
2019-10-15,90.889999,91.860001,90.830002,91.540001
2019-10-16,91.470001,91.889999,91.269997,91.419998
2019-10-17,91.720001,92.360001,91.680000,92.099998
2019-10-18,91.839996,92.239998,91.349998,91.760002
2019-10-21,92.139999,92.279999,91.480003,91.660004
2019-10-22,92.360001,92.949997,91.820000,91.860001
2019-10-23,92.019997,92.699997,91.830002,92.430000
2019-10-24,92.589996,92.690002,91.629997,91.959999
2019-10-25,91.720001,92.309998,91.480003,92.059998
2019-10-28,92.300003,93.199997,92.220001,93.010002
2019-10-29,93.230003,94.480003,93.000000,94.330002
2019-10-30,94.360001,94.900002,93.989998,94.860001
2019-10-31,94.680000,94.809998,94.139999,94.750000
2019-11-01,95.260002,95.669998,94.849998,94.870003
2019-11-04,95.309998,95.360001,94.540001,94.580002
2019-11-05,94.720001,94.730003,93.699997,93.910004
2019-11-06,94.000000,94.410004,93.709999,94.230003
2019-11-07,94.589996,94.739998,94.160004,94.440002
2019-11-08,94.379997,95.150002,94.269997,95.129997
2019-11-11,94.769997,94.970001,94.480003,94.739998
2019-11-12,94.889999,95.650002,94.760002,95.309998
2019-11-13,95.050003,95.650002,94.900002,95.419998
2019-11-14,95.400002,95.570000,94.849998,95.430000
2019-11-15,95.760002,97.629997,95.669998,97.459999
2019-11-18,97.370003,97.930000,97.010002,97.129997
2019-11-19,97.470001,97.930000,97.220001,97.790001
2019-11-20,97.629997,97.970001,97.080002,97.660004
2019-11-21,97.720001,97.980003,97.050003,97.910004
2019-11-22,98.080002,98.400002,97.870003,98.260002
2019-11-25,98.660004,99.430000,98.510002,99.410004
2019-11-26,99.400002,99.559998,99.000000,99.330002
2019-11-27,99.470001,99.989998,99.379997,99.839996
2019-11-29,99.580002,99.809998,99.290001,99.489998
2019-12-02,99.690002,99.720001,98.730003,99.050003
2019-12-03,98.300003,98.910004,98.029999,98.830002
2019-12-04,99.230003,99.879997,99.129997,99.750000
2019-12-05,99.809998,99.900002,98.910004,99.750000
2019-12-06,100.269997,100.750000,100.199997,100.410004
2019-12-09,100.449997,100.470001,99.709999,99.709999
2019-12-10,99.690002,100.019997,99.300003,99.930000
2019-12-11,100.010002,100.269997,99.820000,100.019997
2019-12-12,100.070000,101.279999,100.019997,100.949997
2019-12-13,100.849998,101.470001,100.470001,100.879997
2019-12-16,101.470001,102.339996,101.470001,101.970001
2019-12-17,102.099998,102.250000,101.720001,101.860001
2019-12-18,101.900002,102.199997,101.790001,102.000000
2019-12-19,102.209999,102.510002,102.050003,102.400002
2019-12-20,102.279999,102.930000,102.279999,102.699997
2019-12-23,102.940002,103.220001,102.680000,103.110001
2019-12-24,103.110001,103.239998,102.730003,102.980003
2019-12-26,103.110001,103.230003,102.580002,102.910004
2019-12-27,103.129997,103.139999,102.709999,102.940002
2019-12-30,102.269997,102.489998,101.510002,101.660004
2019-12-31,101.440002,101.949997,101.269997,101.860001
2020-01-02,102.169998,102.290001,101.400002,102.129997
2020-01-03,100.949997,101.820000,100.449997,101.239998
2020-01-06,100.779999,101.900002,100.750000,101.870003
2020-01-07,101.589996,101.760002,101.099998,101.669998
2020-01-08,101.720001,102.790001,101.680000,102.330002
2020-01-09,102.639999,103.050003,102.419998,102.769997
2020-01-10,103.160004,103.330002,102.620003,102.800003
2020-01-13,102.970001,102.989998,102.089996,102.440002
2020-01-14,102.129997,103.080002,101.949997,103.059998
2020-01-15,103.180000,104.220001,103.099998,103.949997
2020-01-16,104.379997,104.559998,103.970001,104.489998
2020-01-17,104.230003,104.650002,104.230003,104.489998
2020-01-21,104.250000,104.839996,104.209999,104.599998
2020-01-22,104.830002,105.080002,104.589996,104.730003
2020-01-23,104.550003,104.699997,103.480003,104.199997
2020-01-24,104.320000,104.370003,102.199997,102.459999
2020-01-27,101.220001,102.070000,101.080002,101.680000
2020-01-28,101.980003,102.580002,101.699997,102.180000
2020-01-29,102.279999,102.639999,101.879997,101.900002
2020-01-30,101.150002,101.220001,100.290001,101.160004
2020-01-31,100.760002,100.839996,98.809998,99.139999
2020-02-03,99.830002,100.760002,99.830002,100.040001
2020-02-04,101.290001,102.209999,101.269997,101.800003
2020-02-05,102.279999,104.120003,102.269997,103.760002
2020-02-06,104.239998,104.239998,103.400002,103.849998
2020-02-07,103.860001,103.949997,102.879997,103.040001
2020-02-10,102.660004,103.589996,102.580002,103.589996
2020-02-11,103.949997,104.300003,103.739998,104.209999
2020-02-12,104.599998,104.839996,103.919998,104.339996
2020-02-13,103.959999,104.279999,103.639999,103.849998
2020-02-14,103.959999,104.000000,103.419998,103.930000
2020-02-18,103.930000,104.059998,103.220001,103.559998
2020-02-19,103.830002,104.190002,103.730003,104.040001
2020-02-20,103.800003,103.900002,102.430000,103.370003
2020-02-21,102.970001,103.529999,102.610001,103.430000
2020-02-24,100.930000,101.610001,99.690002,100.169998
2020-02-25,100.529999,100.750000,96.790001,97.129997
2020-02-26,97.669998,98.820000,96.910004,97.120003
2020-02-27,96.070000,97.339996,93.800003,93.820000
2020-02-28,91.349998,92.660004,89.980003,92.610001
2020-03-02,92.639999,97.099998,92.320000,96.949997
2020-03-03,97.190002,98.889999,93.269997,94.540001
2020-03-04,97.379997,100.150002,97.180000,99.989998
2020-03-05,97.849998,99.190002,96.559998,97.669998
2020-03-06,94.989998,97.500000,94.599998,97.150002
2020-03-09,91.389999,94.279999,90.010002,92.099998
2020-03-10,94.760002,95.419998,90.940002,95.260002
2020-03-11,93.010002,93.669998,90.449997,91.620003
2020-03-12,86.010002,89.730003,82.900002,84.779999
2020-03-13,88.720001,90.900002,84.160004,90.660004
2020-03-16,82.519997,87.050003,80.669998,81.720001
2020-03-17,83.410004,87.550003,82.349998,86.849998
2020-03-18,82.400002,85.300003,79.919998,83.970001
2020-03-19,83.029999,84.260002,81.330002,82.250000
2020-03-20,82.959999,83.809998,78.639999,79.089996
2020-03-23,78.199997,78.309998,73.540001,74.620003
2020-03-24,78.150002,80.529999,77.570000,80.370003
2020-03-25,79.839996,84.089996,78.870003,81.440002
2020-03-26,82.169998,87.309998,82.010002,86.849998
2020-03-27,84.339996,87.230003,84.279999,84.989998
2020-03-30,86.519997,89.139999,86.510002,88.970001
2020-03-31,89.050003,89.529999,87.639999,88.580002
2020-04-01,85.620003,86.389999,84.389999,85.209999
2020-04-02,84.779999,87.769997,83.930000,87.570000
2020-04-03,87.290001,88.120003,85.800003,86.779999
2020-04-06,89.540001,91.849998,89.139999,91.330002
2020-04-07,93.650002,93.820000,90.489998,90.580002
2020-04-08,91.360001,94.860001,90.220001,94.309998
2020-04-09,95.169998,95.349998,93.970001,94.830002
2020-04-13,94.489998,94.820000,92.660004,94.000000
2020-04-14,95.839996,97.470001,95.519997,97.120003
2020-04-15,95.830002,97.190002,95.290001,96.620003
2020-04-16,97.339996,98.980003,97.029999,98.730003
2020-04-17,101.129997,101.129997,99.389999,100.779999
2020-04-20,99.820000,101.410004,99.709999,99.980003
2020-04-21,98.269997,98.830002,96.620003,96.940002
2020-04-22,98.349998,99.029999,97.739998,98.419998
2020-04-23,98.940002,100.489998,98.739998,98.959999
2020-04-24,99.559998,100.489998,98.940002,100.290001
2020-04-27,100.989998,102.010002,100.830002,101.580002
2020-04-28,102.260002,102.260002,99.410004,99.529999
2020-04-29,101.059998,101.059998,99.540001,100.190002
2020-04-30,99.760002,100.379997,99.209999,99.730003
2020-05-01,98.589996,98.769997,96.949997,97.830002
2020-05-04,97.529999,98.000000,96.889999,97.779999
2020-05-05,98.639999,100.620003,98.389999,99.900002
2020-05-06,100.419998,100.489998,98.860001,98.910004
2020-05-07,99.919998,99.930000,98.779999,98.900002
2020-05-08,99.959999,100.000000,99.110001,99.410004
2020-05-11,99.000000,101.379997,99.000000,101.120003
2020-05-12,101.709999,101.800003,99.570000,99.580002
2020-05-13,99.449997,100.220001,97.709999,98.500000
2020-05-14,97.589996,99.629997,97.570000,99.580002
2020-05-15,99.300003,100.510002,99.070000,100.419998
2020-05-18,102.300003,102.769997,101.190002,101.250000
2020-05-19,100.930000,101.449997,100.019997,100.029999
2020-05-20,100.790001,101.169998,99.919998,100.150002
2020-05-21,99.870003,99.930000,98.830002,99.410004
2020-05-22,99.419998,99.699997,98.900002,99.620003
2020-05-26,101.190002,101.279999,99.279999,99.440002
2020-05-27,99.580002,100.470001,98.070000,100.470001
2020-05-28,101.290001,102.800003,101.260002,101.779999
2020-05-29,102.220001,103.230003,100.690002,103.010002
2020-06-01,102.360001,102.480003,101.349998,101.989998
2020-06-02,102.029999,102.629997,101.419998,102.580002
2020-06-03,102.879997,102.980003,101.949997,102.379997
2020-06-04,101.760002,102.470001,100.919998,101.570000
2020-06-05,102.209999,104.040001,101.680000,103.209999
2020-06-08,102.800003,103.959999,102.550003,103.919998
2020-06-09,103.709999,104.220001,102.720001,102.839996
2020-06-10,103.180000,103.519997,102.230003,102.680000
2020-06-11,101.790001,101.980003,96.629997,96.970001
2020-06-12,99.000000,99.320000,95.919998,97.599998
2020-06-15,96.139999,98.379997,95.419998,97.820000
2020-06-16,100.120003,100.870003,98.580002,100.230003
2020-06-17,100.730003,100.910004,99.779999,100.129997
2020-06-18,99.559998,100.019997,99.160004,99.790001
2020-06-19,100.930000,101.339996,99.709999,100.750000
2020-06-22,99.910004,100.080002,98.910004,99.940002
2020-06-23,100.629997,101.230003,100.180000,100.370003
2020-06-24,99.620003,99.820000,97.040001,97.750000
2020-06-25,97.660004,98.830002,96.839996,98.709999
2020-06-26,98.529999,98.779999,97.040001,97.510002
2020-06-29,98.279999,98.570000,97.519997,98.389999
2020-06-30,98.419998,100.599998,98.129997,100.070000
2020-07-01,100.540001,101.260002,99.910004,100.839996
2020-07-02,101.730003,102.180000,101.379997,101.599998
2020-07-06,102.769997,103.220001,102.139999,102.629997
2020-07-07,101.879997,102.970001,101.599998,101.739998
2020-07-08,102.089996,102.400002,101.070000,101.750000
2020-07-09,101.639999,102.019997,99.680000,100.949997
2020-07-10,101.029999,101.129997,99.970001,100.709999
2020-07-13,101.290001,103.150002,101.019997,101.279999
2020-07-14,101.040001,103.459999,100.849998,103.290001
2020-07-15,104.050003,104.930000,103.830002,104.629997
2020-07-16,104.529999,104.540001,103.720001,104.459999
2020-07-17,105.010002,106.250000,104.860001,105.889999
2020-07-20,106.129997,106.489998,105.519997,105.870003
2020-07-21,106.230003,106.629997,105.580002,105.800003
2020-07-22,106.279999,106.930000,105.730003,106.750000
2020-07-23,107.089996,107.529999,105.919998,106.269997
2020-07-24,106.099998,106.160004,104.430000,105.099998
2020-07-27,105.059998,106.160004,104.730003,105.889999
2020-07-28,105.940002,106.470001,105.570000,105.769997
2020-07-29,106.010002,107.309998,105.940002,106.879997
2020-07-30,105.849998,106.320000,105.000000,106.139999
2020-07-31,105.809998,106.099998,104.150002,105.529999
2020-08-03,106.190002,106.970001,106.000000,106.620003
2020-08-04,106.379997,106.629997,105.489998,106.150002
2020-08-05,106.730003,106.830002,106.370003,106.639999
2020-08-06,106.510002,106.959999,105.300003,106.070000
2020-08-07,105.959999,106.430000,105.660004,106.410004
2020-08-10,106.430000,106.519997,105.769997,106.050003
2020-08-11,106.639999,106.739998,105.129997,105.379997
2020-08-12,105.949997,107.489998,105.910004,107.150002
2020-08-13,107.019997,107.120003,106.290001,107.010002
2020-08-14,106.809998,107.279999,106.389999,106.800003
2020-08-17,106.989998,107.839996,106.940002,107.430000
2020-08-18,107.650002,107.830002,106.839996,107.400002
2020-08-19,107.500000,107.800003,106.820000,107.050003
2020-08-20,106.580002,106.949997,106.430000,106.709999
2020-08-21,106.540001,106.959999,105.989998,106.820000
2020-08-24,107.330002,107.370003,105.680000,106.330002
2020-08-25,106.870003,107.089996,106.459999,107.050003
2020-08-26,106.830002,107.040001,105.769997,106.919998
2020-08-27,107.099998,108.260002,106.339996,107.760002
2020-08-28,108.059998,108.059998,107.199997,108.000000
2020-08-31,107.769997,108.779999,107.680000,108.260002
2020-09-01,108.120003,108.290001,106.639999,107.290001
2020-09-02,107.389999,109.730003,106.940002,109.440002
2020-09-03,109.580002,109.739998,105.699997,106.459999
2020-09-04,106.830002,107.019997,104.410004,105.699997
2020-09-08,105.529999,105.570000,103.669998,103.959999
2020-09-09,104.739998,106.669998,104.720001,105.800003
2020-09-10,106.099998,106.099998,103.900002,104.180000
2020-09-11,104.669998,105.089996,103.790001,104.589996
2020-09-14,105.440002,106.660004,105.230003,106.089996
2020-09-15,106.639999,107.080002,105.959999,106.230003
2020-09-16,106.800003,107.010002,105.930000,106.050003
2020-09-17,105.070000,106.059998,104.730003,105.699997
2020-09-18,105.830002,106.220001,104.559998,105.540001
2020-09-21,103.720001,103.720001,101.739998,103.180000
2020-09-22,103.010002,103.279999,102.029999,102.959999
2020-09-23,103.389999,103.430000,101.800003,101.900002
2020-09-24,101.540001,101.900002,100.769997,101.389999
2020-09-25,101.040001,103.300003,100.930000,103.019997
2020-09-28,104.010002,104.760002,103.750000,103.949997
2020-09-29,104.129997,104.660004,103.410004,103.820000
2020-09-30,104.139999,106.330002,104.120003,105.480003
2020-10-01,105.970001,106.400002,104.669998,105.120003
2020-10-02,104.120003,105.209999,103.709999,104.160004
2020-10-05,104.910004,106.410004,104.879997,106.300003
2020-10-06,106.599998,106.660004,104.790001,104.889999
2020-10-07,105.629997,107.199997,105.610001,106.870003
2020-10-08,107.489998,107.739998,107.160004,107.389999
2020-10-09,107.989998,108.680000,107.709999,108.360001
2020-10-12,108.849998,109.529999,108.489998,109.099998
2020-10-13,108.449997,109.019997,107.989998,108.269997
2020-10-14,108.230003,108.680000,107.300003,107.639999
2020-10-15,106.309998,107.059998,106.129997,106.860001
2020-10-16,107.209999,108.720001,107.169998,107.919998
2020-10-19,108.199997,108.529999,105.849998,106.209999
2020-10-20,106.589996,107.230003,106.169998,106.349998
2020-10-21,106.339996,106.639999,105.570000,105.820000
2020-10-22,105.970001,107.610001,105.959999,107.419998
2020-10-23,107.959999,108.599998,107.209999,107.820000
2020-10-26,106.949997,107.080002,105.599998,106.620003
2020-10-27,106.230003,106.760002,105.830002,105.889999
2020-10-28,104.139999,104.769997,102.400002,102.529999
2020-10-29,102.459999,102.910004,101.059998,101.690002
2020-10-30,101.559998,102.160004,100.309998,101.660004
2020-11-02,103.160004,103.730003,102.410004,103.489998
2020-11-03,104.760002,106.139999,104.680000,105.000000
2020-11-04,107.989998,111.419998,107.779999,109.660004
2020-11-05,111.169998,111.250000,109.680000,109.879997
2020-11-06,110.000000,110.669998,109.209999,109.919998
2020-11-09,113.919998,114.410004,110.809998,110.949997
2020-11-10,111.459999,111.669998,110.070000,111.269997
2020-11-11,112.160004,112.160004,110.589996,111.129997
2020-11-12,110.919998,111.360001,109.980003,110.720001
2020-11-13,111.269997,112.550003,111.070000,112.120003
2020-11-16,113.010002,113.190002,111.370003,111.930000
2020-11-17,111.360001,111.610001,110.669998,111.199997
2020-11-18,111.440002,111.480003,109.099998,109.129997
2020-11-19,109.129997,109.220001,108.239998,109.050003
2020-11-20,108.800003,109.309998,108.419998,108.800003
2020-11-23,109.339996,109.400002,107.839996,108.519997
2020-11-24,109.050003,109.580002,108.470001,108.839996
2020-11-25,108.970001,109.050003,107.989998,108.440002
2020-11-27,108.879997,109.519997,108.529999,109.440002
2020-11-30,109.480003,109.839996,108.900002,109.739998
2020-12-01,110.800003,111.870003,110.470001,110.660004
2020-12-02,110.739998,111.680000,110.669998,111.489998
2020-12-03,111.449997,111.790001,110.870003,111.349998
2020-12-04,111.389999,112.559998,111.250000,112.540001
2020-12-07,112.419998,112.519997,111.440002,111.849998
2020-12-08,111.580002,112.790001,111.540001,112.699997
2020-12-09,113.150002,113.160004,111.809998,112.309998
2020-12-10,112.290001,112.739998,111.889999,112.120003
2020-12-11,111.660004,111.930000,110.910004,111.680000
2020-12-14,112.529999,113.089996,110.769997,110.839996
2020-12-15,111.610001,112.279999,111.019997,112.040001
2020-12-16,111.940002,112.339996,111.230003,111.709999
2020-12-17,111.889999,112.980003,111.879997,112.910004
2020-12-18,113.019997,113.269997,111.790001,113.000000
2020-12-21,110.870003,111.510002,109.370003,111.410004
2020-12-22,111.209999,111.470001,110.440002,111.070000
2020-12-23,111.459999,111.970001,111.070000,111.150002
2020-12-24,111.199997,111.680000,111.050003,111.470001
2020-12-28,112.050003,112.300003,111.449997,111.750000
2020-12-29,112.269997,112.790001,111.900002,112.279999
2020-12-30,112.510002,112.889999,112.139999,112.260002
2020-12-31,112.269997,113.620003,111.900002,113.440002
2021-01-04,113.879997,113.900002,111.110001,112.949997
2021-01-05,112.750000,114.160004,112.269997,113.769997
2021-01-06,112.180000,115.629997,112.180000,115.330002
2021-01-07,115.480003,117.000000,115.300003,116.830002
2021-01-08,117.040001,117.910004,116.279999,117.389999
2021-01-11,117.419998,118.129997,117.269997,117.940002
2021-01-12,117.709999,117.839996,116.129997,116.660004
2021-01-13,116.599998,117.379997,116.169998,116.980003
2021-01-14,117.169998,117.610001,116.470001,116.610001
2021-01-15,116.290001,117.239998,115.830002,116.970001
2021-01-19,117.900002,118.230003,117.230003,117.849998
2021-01-20,118.050003,118.690002,117.339996,118.500000
2021-01-21,118.349998,118.470001,117.540001,117.940002
2021-01-22,117.589996,118.250000,117.440002,117.589996
2021-01-25,117.660004,118.430000,117.419998,118.360001
2021-01-26,118.699997,118.989998,117.860001,117.919998
2021-01-27,116.620003,116.620003,114.050003,114.339996
2021-01-28,115.309998,117.470001,115.089996,116.010002
2021-01-29,115.839996,116.660004,114.099998,115.029999
2021-02-01,115.970001,116.349998,115.290001,115.470001
2021-02-02,116.379997,116.949997,115.769997,115.800003
2021-02-03,115.800003,115.860001,114.620003,114.980003
2021-02-04,114.980003,115.930000,114.730003,115.459999
2021-02-05,116.250000,116.430000,115.389999,115.669998
2021-02-08,116.080002,116.239998,115.470001,115.809998
2021-02-09,115.800003,116.089996,115.690002,115.980003
2021-02-10,116.820000,116.849998,115.779999,116.190002
2021-02-11,116.599998,116.699997,115.860001,116.410004
2021-02-12,116.180000,117.410004,116.029999,117.279999
2021-02-16,117.430000,117.540001,115.739998,116.120003
2021-02-17,115.739998,116.599998,115.610001,116.540001
2021-02-18,115.970001,116.279999,115.330002,115.809998
2021-02-19,115.900002,115.989998,114.309998,114.410004
2021-02-22,113.860001,114.489998,113.120003,114.139999
2021-02-23,114.059998,114.760002,113.419998,113.949997
2021-02-24,114.080002,115.360001,113.720001,114.739998
2021-02-25,114.580002,115.040001,113.010002,113.589996
2021-02-26,113.989998,113.989998,112.320000,112.610001
2021-03-01,113.529999,114.610001,113.500000,114.080002
2021-03-02,114.320000,114.589996,113.639999,113.750000
2021-03-03,113.330002,113.449997,112.050003,112.309998
2021-03-04,112.059998,112.800003,109.930000,110.800003
2021-03-05,111.449997,113.379997,110.550003,113.019997
2021-03-08,113.110001,114.529999,112.599998,112.739998
2021-03-09,113.570000,115.199997,113.349998,113.400002
2021-03-10,114.150002,114.800003,113.620003,113.660004
2021-03-11,114.050003,114.980003,113.889999,114.349998
2021-03-12,114.110001,114.760002,113.930000,114.599998
2021-03-15,114.389999,115.419998,114.260002,115.389999
2021-03-16,115.510002,115.720001,114.900002,115.320000
2021-03-17,114.820000,115.470001,114.209999,114.900002
2021-03-18,114.370003,115.599998,114.320000,114.660004
2021-03-19,114.779999,115.750000,114.199997,115.070000
2021-03-22,114.599998,115.750000,114.029999,115.669998
2021-03-23,115.529999,115.720001,114.209999,114.500000
2021-03-24,114.559998,115.250000,114.339996,114.370003
2021-03-25,114.540001,115.070000,113.349998,114.849998
2021-03-26,115.139999,117.169998,114.830002,117.019997
2021-03-29,116.550003,117.970001,116.510002,117.570000
2021-03-30,117.250000,117.250000,116.239998,116.510002
2021-03-31,116.760002,117.449997,116.559998,116.739998
2021-04-01,116.930000,117.040001,116.019997,116.389999
2021-04-05,116.980003,117.559998,116.790001,117.199997
2021-04-06,117.349998,117.690002,116.580002,116.750000
2021-04-07,116.680000,117.080002,116.190002,116.489998
2021-04-08,116.830002,117.180000,116.510002,116.669998
2021-04-09,116.739998,118.019997,116.669998,117.949997
2021-04-12,117.779999,118.309998,117.650002,118.070000
2021-04-13,117.699997,118.889999,117.589996,118.559998
2021-04-14,118.419998,119.029999,118.339996,118.550003
2021-04-15,119.019997,120.930000,119.019997,120.580002
2021-04-16,121.199997,121.620003,120.779999,121.480003
2021-04-19,121.250000,121.540001,120.889999,121.510002
2021-04-20,120.949997,122.290001,120.949997,121.980003
2021-04-21,122.360001,123.489998,122.300003,123.419998
2021-04-22,123.320000,123.599998,122.400002,122.870003
2021-04-23,122.809998,123.959999,122.550003,123.680000
2021-04-26,123.610001,123.620003,123.029999,123.260002
2021-04-27,122.949997,122.970001,122.349998,122.550003
2021-04-28,122.349998,122.489998,121.959999,122.180000
2021-04-29,122.309998,122.339996,121.029999,121.690002
2021-04-30,121.209999,121.919998,121.110001,121.330002
2021-05-03,121.989998,122.839996,121.820000,122.709999
2021-05-04,122.529999,122.930000,122.000000,122.839996
2021-05-05,123.010002,123.440002,122.809998,123.059998
2021-05-06,122.360001,123.230003,121.730003,123.220001
2021-05-07,123.510002,124.720001,123.459999,124.070000
2021-05-10,124.519997,125.190002,124.180000,124.230003
2021-05-11,123.580002,124.099998,122.610001,122.889999
2021-05-12,122.230003,122.839996,121.610001,121.730003
2021-05-13,121.949997,123.389999,121.760002,122.830002
2021-05-14,123.540001,123.860001,123.139999,123.449997
2021-05-17,123.309998,123.879997,123.139999,123.220001
2021-05-18,123.180000,123.970001,122.769997,123.260002
2021-05-19,122.459999,123.129997,121.589996,123.050003
2021-05-20,123.010002,124.870003,123.010002,124.339996
2021-05-21,124.750000,125.660004,124.260002,124.360001
2021-05-24,125.000000,125.250000,124.430000,124.480003
2021-05-25,124.660004,124.669998,123.970001,124.110001
2021-05-26,124.080002,124.120003,122.860001,123.389999
2021-05-27,123.650002,123.750000,123.050003,123.120003
2021-05-28,123.589996,124.620003,123.519997,123.599998
2021-06-01,123.750000,123.790001,121.470001,121.570000
2021-06-02,121.680000,121.989998,121.040001,121.330002
2021-06-03,120.879997,122.019997,120.610001,121.699997
2021-06-04,122.339996,122.699997,121.949997,122.089996
2021-06-07,122.389999,123.610001,122.180000,122.529999
2021-06-08,122.830002,122.900002,121.209999,122.150002
2021-06-09,122.459999,123.540001,122.459999,123.330002
2021-06-10,123.629997,125.580002,123.580002,125.440002
2021-06-11,125.250000,125.309998,123.919998,124.550003
2021-06-14,124.480003,124.680000,123.779999,124.660004
2021-06-15,124.790001,124.980003,124.169998,124.699997
2021-06-16,124.830002,125.459999,123.870003,124.220001
2021-06-17,124.000000,125.500000,123.980003,125.169998
2021-06-18,124.239998,124.410004,123.570000,123.739998
2021-06-21,123.650002,124.970001,123.199997,124.739998
2021-06-22,124.820000,125.180000,124.400002,125.010002
2021-06-23,124.839996,125.129997,124.440002,124.489998
2021-06-24,125.220001,126.010002,124.989998,125.129997
2021-06-25,125.080002,126.080002,125.010002,125.699997
2021-06-28,125.830002,126.050003,125.410004,125.889999
2021-06-29,125.900002,126.419998,125.739998,126.029999
2021-06-30,125.900002,126.209999,125.470001,125.949997
2021-07-01,126.040001,127.160004,125.989998,127.070000
2021-07-02,127.230003,128.410004,127.010002,128.289993
2021-07-06,127.910004,128.179993,127.260002,128.169998
2021-07-07,128.179993,128.979996,127.709999,128.979996
2021-07-08,127.779999,128.369995,127.110001,128.270004
2021-07-09,128.729996,129.100006,128.419998,128.710007
2021-07-12,128.710007,129.600006,128.610001,128.960007
2021-07-13,128.800003,129.259995,128.529999,128.839996
2021-07-14,129.130005,129.240005,128.490005,128.720001
2021-07-15,128.029999,128.589996,127.480003,128.270004
2021-07-16,128.600006,129.089996,128.179993,128.619995
2021-07-19,127.779999,128.389999,126.230003,127.269997
2021-07-20,127.680000,129.550003,127.680000,128.820007
2021-07-21,129.339996,129.380005,127.639999,129.029999
2021-07-22,129.139999,129.979996,128.789993,129.979996
2021-07-23,130.529999,131.610001,130.369995,131.479996
2021-07-26,131.110001,131.490005,130.199997,130.630005
2021-07-27,130.449997,131.240005,130.100006,131.240005
2021-07-28,131.050003,132.089996,130.720001,131.710007
2021-07-29,132.139999,132.229996,131.639999,132.029999
2021-07-30,131.809998,132.639999,131.630005,132.149994
2021-08-02,132.669998,132.850006,131.940002,132.330002
2021-08-03,132.389999,134.210007,132.300003,134.169998
2021-08-04,133.649994,134.470001,133.429993,133.600006
2021-08-05,133.500000,133.520004,132.039993,133.050003
2021-08-06,132.990005,133.110001,132.089996,132.940002
2021-08-09,133.130005,133.699997,133.029999,133.449997
2021-08-10,133.520004,133.789993,132.630005,133.139999
2021-08-11,133.350006,133.559998,131.710007,131.820007
2021-08-12,131.949997,132.970001,131.860001,132.860001
2021-08-13,133.190002,133.720001,133.029999,133.690002
2021-08-16,133.690002,135.229996,133.229996,135.210007
2021-08-17,134.850006,136.809998,134.779999,136.809998
2021-08-18,136.630005,136.779999,134.649994,134.729996
2021-08-19,133.839996,136.039993,133.800003,135.339996
2021-08-20,135.470001,136.520004,135.000000,136.110001
2021-08-23,136.880005,136.979996,136.119995,136.160004
2021-08-24,136.160004,136.179993,135.289993,135.679993
2021-08-25,135.550003,135.619995,134.750000,135.309998
2021-08-26,135.389999,135.690002,134.520004,134.779999
2021-08-27,135.080002,135.449997,134.410004,134.630005
2021-08-30,134.509995,135.880005,134.500000,135.389999
2021-08-31,135.419998,136.050003,134.729996,135.210007
2021-09-01,135.320007,135.440002,133.970001,135.250000
2021-09-02,135.750000,136.720001,135.600006,136.699997
2021-09-03,136.559998,137.039993,135.910004,136.850006
2021-09-07,136.339996,136.559998,135.160004,136.050003
2021-09-08,135.779999,136.210007,135.419998,135.990005
2021-09-09,135.800003,136.110001,134.339996,134.419998
2021-09-10,134.899994,135.020004,133.119995,133.190002
2021-09-13,133.889999,133.970001,131.699997,132.369995
2021-09-14,132.990005,133.300003,132.119995,132.350006
2021-09-15,132.179993,133.830002,131.979996,133.210007
2021-09-16,133.380005,133.630005,131.960007,132.869995
2021-09-17,132.759995,133.110001,132.130005,133.000000
2021-09-20,131.029999,132.320007,130.009995,131.149994
2021-09-21,131.750000,132.699997,131.330002,131.350006
2021-09-22,131.740005,132.229996,130.940002,131.570007
2021-09-23,131.869995,133.289993,131.770004,132.520004
2021-09-24,132.300003,132.789993,131.699997,131.979996
2021-09-27,131.600006,131.759995,129.820007,130.100006
2021-09-28,129.270004,129.270004,127.430000,127.870003
2021-09-29,128.440002,129.479996,128.179993,128.880005
2021-09-30,129.309998,130.119995,127.190002,127.300003
2021-10-01,127.470001,127.930000,125.279999,127.330002
2021-10-04,126.809998,127.459999,124.760002,125.389999
2021-10-05,125.900002,127.419998,125.730003,126.139999
2021-10-06,125.440002,126.019997,124.500000,125.910004
2021-10-07,126.779999,128.399994,126.540001,127.580002
2021-10-08,127.760002,128.000000,126.680000,126.940002
2021-10-11,126.830002,127.500000,125.910004,125.949997
2021-10-12,126.349998,126.480003,125.029999,125.339996
2021-10-13,125.550003,126.110001,124.769997,125.540001
2021-10-14,126.839996,127.839996,126.839996,127.339996
2021-10-15,128.000000,128.550003,127.730003,127.970001
2021-10-18,127.410004,127.540001,126.550003,127.099998
2021-10-19,127.790001,129.100006,127.790001,128.770004
2021-10-20,129.539993,130.800003,129.419998,130.610001
2021-10-21,130.880005,131.220001,129.929993,131.139999
2021-10-22,131.020004,131.720001,130.820007,131.669998
2021-10-25,131.729996,131.970001,130.710007,131.830002
2021-10-26,132.130005,132.860001,131.410004,132.479996
2021-10-27,132.690002,132.830002,131.389999,131.429993
2021-10-28,131.669998,133.039993,131.669998,132.529999
2021-10-29,132.360001,133.990005,131.850006,133.820007
2021-11-01,133.940002,134.490005,133.149994,133.660004
2021-11-02,134.179993,135.169998,133.009995,134.500000
2021-11-03,134.240005,135.339996,133.740005,135.289993
2021-11-04,134.979996,135.190002,133.429993,134.360001
2021-11-05,133.149994,133.699997,131.899994,132.860001
2021-11-08,133.100006,133.820007,132.580002,133.649994
2021-11-09,133.690002,133.809998,132.899994,133.160004
2021-11-10,133.119995,134.080002,133.100006,133.539993
2021-11-11,133.520004,133.610001,132.830002,133.149994
2021-11-12,134.000000,134.119995,133.070007,133.809998
2021-11-15,134.119995,134.190002,132.850006,132.979996
2021-11-16,132.949997,134.259995,132.720001,133.539993
2021-11-17,133.690002,134.250000,133.110001,133.729996
2021-11-18,133.869995,134.119995,133.320007,133.779999
2021-11-19,134.179993,134.630005,132.850006,132.970001
2021-11-22,133.160004,133.619995,132.199997,132.369995
2021-11-23,131.750000,132.649994,131.350006,132.509995
2021-11-24,132.259995,132.699997,131.800003,132.460007
2021-11-26,132.940002,133.720001,131.509995,131.970001
2021-11-29,132.690002,133.220001,132.190002,132.330002
2021-11-30,131.570007,132.169998,129.539993,129.729996
2021-12-01,130.350006,132.089996,129.479996,129.500000
2021-12-02,129.460007,130.660004,128.839996,130.130005
2021-12-03,131.039993,131.539993,129.289993,130.369995
2021-12-06,130.710007,131.679993,130.509995,131.110001
2021-12-07,132.000000,133.119995,131.820007,132.800003
2021-12-08,133.179993,133.889999,132.509995,133.800003
2021-12-09,133.669998,134.550003,133.570007,134.110001
2021-12-10,133.759995,134.860001,133.699997,134.580002
2021-12-13,134.580002,136.229996,134.580002,135.850006
2021-12-14,135.220001,136.009995,134.630005,135.300003
2021-12-15,135.589996,138.139999,135.470001,138.070007
2021-12-16,138.059998,139.589996,137.809998,138.889999
2021-12-17,138.190002,139.039993,137.380005,137.919998
2021-12-20,137.110001,137.529999,135.380005,136.559998
2021-12-21,136.949997,137.190002,135.679993,137.130005
2021-12-22,137.059998,138.809998,136.820007,138.729996
2021-12-23,139.089996,139.750000,138.679993,139.300003
2021-12-27,139.800003,140.770004,139.649994,140.770004
2021-12-28,140.899994,141.149994,140.029999,140.399994
2021-12-29,140.259995,141.490005,140.160004,141.199997
2021-12-30,141.460007,141.979996,141.309998,141.490005
2021-12-31,141.320007,141.860001,140.839996,140.889999
2022-01-03,140.289993,140.550003,138.240005,139.440002
2022-01-04,139.130005,139.289993,137.009995,137.600006
2022-01-05,137.899994,138.729996,136.570007,136.619995
2022-01-06,135.770004,136.600006,134.800003,135.039993
2022-01-07,134.720001,134.970001,134.070007,134.350006
2022-01-10,133.759995,135.809998,133.440002,135.729996
2022-01-11,135.929993,136.830002,135.000000,136.809998
2022-01-12,136.029999,136.630005,135.830002,136.419998
2022-01-13,136.179993,136.350006,134.059998,134.300003
2022-01-14,133.940002,134.210007,132.690002,134.070007
2022-01-18,132.750000,132.960007,131.850006,132.190002
2022-01-19,132.440002,133.479996,131.520004,131.649994
2022-01-20,131.970001,133.320007,130.710007,130.789993
2022-01-21,131.190002,131.600006,129.259995,129.470001
2022-01-24,128.300003,129.259995,124.919998,129.039993
2022-01-25,127.330002,129.309998,126.269997,128.210007
2022-01-26,128.419998,129.580002,126.540001,127.540001
2022-01-27,128.160004,129.839996,127.449997,127.870003
2022-01-28,127.760002,130.529999,126.860001,130.479996
2022-01-31,130.240005,131.470001,129.979996,131.229996
2022-02-01,131.699997,131.820007,130.529999,131.580002
2022-02-02,131.490005,133.669998,131.220001,133.350006
2022-02-03,133.169998,133.279999,132.529999,132.779999
2022-02-04,131.570007,133.229996,131.330002,132.300003
2022-02-07,132.350006,132.809998,131.699997,132.070007
2022-02-08,131.369995,133.380005,131.070007,133.149994
2022-02-09,133.789993,134.460007,133.649994,134.179993
2022-02-10,132.630005,133.789993,131.559998,132.080002
2022-02-11,131.899994,132.899994,130.089996,130.250000
2022-02-14,129.979996,130.229996,127.949997,128.919998
2022-02-15,130.039993,130.880005,129.710007,130.369995
2022-02-16,129.699997,130.940002,129.339996,130.570007
2022-02-17,130.039993,130.110001,128.279999,128.470001
2022-02-18,128.350006,129.039993,127.080002,127.510002
2022-02-22,127.059998,128.229996,126.339996,127.190002
2022-02-23,127.839996,128.279999,126.430000,126.550003
2022-02-24,124.290001,127.320000,124.059998,127.059998
2022-02-25,127.629997,131.270004,127.489998,130.949997
2022-02-28,128.850006,130.110001,128.449997,129.960007
2022-03-01,129.279999,130.339996,128.240005,129.240005
2022-03-02,129.809998,131.899994,129.639999,131.190002
2022-03-03,131.770004,132.630005,130.740005,131.860001
2022-03-04,130.529999,132.639999,130.139999,132.520004
2022-03-07,131.690002,131.940002,129.619995,130.210007
2022-03-08,129.350006,130.309998,127.470001,127.550003
2022-03-09,129.630005,130.630005,128.669998,129.960007
2022-03-10,128.389999,130.190002,128.250000,129.910004
2022-03-11,130.259995,131.020004,128.809998,128.940002
2022-03-14,129.979996,131.720001,129.470001,129.850006
2022-03-15,130.899994,132.580002,130.679993,132.440002
2022-03-16,133.110001,134.050003,131.750000,134.029999
2022-03-17,133.639999,136.210007,133.460007,136.149994
2022-03-18,136.070007,137.160004,135.660004,136.990005
2022-03-21,136.500000,137.669998,135.820007,136.460007
2022-03-22,136.600006,136.789993,135.990005,136.490005
2022-03-23,135.839996,136.089996,134.000000,134.039993
2022-03-24,134.539993,135.639999,134.250000,135.639999
2022-03-25,136.100006,136.500000,135.229996,136.270004
2022-03-28,136.500000,137.300003,136.009995,137.259995
2022-03-29,138.399994,138.949997,137.250000,138.070007
2022-03-30,138.089996,138.889999,137.639999,138.339996
2022-03-31,138.050003,138.809998,136.750000,136.990005
2022-04-01,137.369995,138.119995,136.449997,138.070007
2022-04-04,137.759995,138.000000,136.600006,136.919998
2022-04-05,136.570007,138.839996,136.500000,137.210007
2022-04-06,136.860001,139.630005,136.770004,139.300003
2022-04-07,138.800003,142.339996,138.800003,141.979996
2022-04-08,141.990005,143.419998,141.779999,142.830002
2022-04-11,142.419998,143.000000,139.779999,139.990005
2022-04-12,139.639999,140.460007,138.029999,138.630005
2022-04-13,138.619995,139.449997,137.899994,139.309998
2022-04-14,139.440002,140.149994,138.539993,138.639999
2022-04-18,138.500000,138.820007,136.529999,137.110001
2022-04-19,137.470001,138.910004,137.419998,138.419998
2022-04-20,138.800003,140.820007,138.639999,140.279999
2022-04-21,140.669998,140.830002,138.419998,138.729996
2022-04-22,137.479996,137.520004,133.529999,133.669998
2022-04-25,133.279999,134.860001,131.779999,134.570007
2022-04-26,133.759995,134.479996,132.009995,132.199997
2022-04-27,132.179993,133.250000,131.259995,131.910004
2022-04-28,132.839996,134.169998,131.610001,133.729996
2022-04-29,132.429993,133.119995,130.089996,130.289993
2022-05-02,130.179993,130.910004,127.379997,129.479996
2022-05-03,129.880005,131.139999,129.429993,129.889999
2022-05-04,129.679993,133.250000,128.589996,132.770004
2022-05-05,132.119995,132.259995,128.850006,130.190002
2022-05-06,128.929993,130.139999,128.270004,129.779999
2022-05-09,128.330002,128.360001,125.930000,126.419998
2022-05-10,127.739998,128.220001,125.699997,126.870003
2022-05-11,126.239998,129.089996,125.879997,126.029999
2022-05-12,125.570000,127.330002,125.279999,127.250000
2022-05-13,128.089996,129.000000,127.529999,128.600006
2022-05-16,128.449997,130.429993,128.419998,129.550003
2022-05-17,130.899994,131.389999,129.929993,131.330002
2022-05-18,130.440002,130.759995,127.529999,127.940002
2022-05-19,126.919998,129.000000,126.459999,128.220001
2022-05-20,129.080002,130.059998,127.330002,129.779999
2022-05-23,130.649994,131.429993,130.380005,130.919998
2022-05-24,130.539993,131.529999,129.699997,131.309998
2022-05-25,131.220001,132.130005,130.039993,131.270004
2022-05-26,131.600006,132.330002,131.220001,131.830002
2022-05-27,132.059998,134.050003,131.509995,134.020004
2022-05-31,132.839996,133.080002,131.160004,132.229996
2022-06-01,132.710007,132.729996,129.289993,130.330002
2022-06-02,130.500000,131.389999,128.169998,131.360001
2022-06-03,130.449997,131.029999,129.649994,129.820007
2022-06-06,130.750000,131.020004,129.490005,129.839996
2022-06-07,129.839996,131.660004,129.369995,131.529999
2022-06-08,131.160004,131.639999,130.119995,130.490005
2022-06-09,130.050003,130.490005,127.510002,127.540001
2022-06-10,126.029999,126.660004,125.000000,125.489998
2022-06-13,123.010002,123.760002,121.180000,121.690002
2022-06-14,121.550003,121.860001,119.669998,120.529999
2022-06-15,121.190002,123.029999,119.889999,121.750000
2022-06-16,119.519997,120.040001,118.750000,119.959999
2022-06-17,120.000000,121.790001,119.849998,119.889999
2022-06-21,121.059998,123.150002,120.660004,122.599998
2022-06-22,121.820000,125.669998,121.760002,124.300003
2022-06-23,124.879997,127.190002,124.879997,127.089996
2022-06-24,128.020004,129.220001,127.160004,129.199997
2022-06-27,129.199997,130.229996,128.789993,129.679993
2022-06-28,129.940002,130.589996,127.180000,127.419998
2022-06-29,127.589996,129.169998,127.389999,128.529999
2022-06-30,127.860001,128.970001,126.889999,128.240005
2022-07-01,128.289993,129.850006,126.860001,129.679993
2022-07-05,128.429993,128.960007,126.169998,128.929993
2022-07-06,129.110001,130.470001,128.880005,129.800003
2022-07-07,129.610001,130.520004,129.539993,130.350006
2022-07-08,129.979996,132.039993,129.850006,130.740005
2022-07-11,130.009995,131.139999,129.869995,130.410004
2022-07-12,130.000000,130.880005,128.169998,128.750000
2022-07-13,127.660004,128.529999,127.169998,127.500000
2022-07-14,126.040001,127.320000,125.230003,127.129997
2022-07-15,129.020004,130.259995,128.449997,130.199997
2022-07-18,130.330002,130.449997,127.019997,127.449997
2022-07-19,128.809998,129.839996,128.250000,129.619995
2022-07-20,129.440002,129.610001,127.820000,128.339996
2022-07-21,128.720001,130.369995,128.389999,130.369995
2022-07-22,130.669998,130.919998,129.039993,129.830002
2022-07-25,129.929993,130.750000,129.809998,130.509995
2022-07-26,130.880005,131.990005,130.529999,131.179993
2022-07-27,131.100006,132.589996,130.490005,132.000000
2022-07-28,132.169998,133.809998,129.919998,132.839996
2022-07-29,132.169998,132.639999,131.470001,132.399994
2022-08-01,131.660004,132.380005,131.119995,131.419998
2022-08-02,131.740005,132.800003,130.880005,130.949997
2022-08-03,131.660004,132.669998,131.300003,132.149994
2022-08-04,132.460007,132.490005,131.289993,131.500000
2022-08-05,130.679993,131.509995,130.369995,131.449997
2022-08-08,131.699997,132.630005,131.089996,131.759995
2022-08-09,131.929993,132.559998,131.050003,131.360001
2022-08-10,132.759995,132.889999,132.020004,132.789993
2022-08-11,132.389999,133.690002,131.649994,131.929993
2022-08-12,132.250000,133.679993,132.029999,133.619995
2022-08-15,133.550003,134.470001,133.070007,134.289993
2022-08-16,134.000000,134.380005,133.410004,133.929993
2022-08-17,133.149994,133.919998,132.949997,133.149994
2022-08-18,133.110001,133.380005,131.850006,132.559998
2022-08-19,132.559998,133.559998,132.369995,132.919998
2022-08-22,132.100006,132.520004,130.740005,131.179993
2022-08-23,130.600006,130.740005,128.990005,129.350006
2022-08-24,129.479996,130.009995,129.039993,129.509995
2022-08-25,130.059998,130.979996,129.149994,130.940002
2022-08-26,130.979996,130.990005,127.190002,127.290001
2022-08-29,126.519997,127.190002,125.739998,126.400002
2022-08-30,126.849998,126.849998,125.250000,125.559998
2022-08-31,125.970001,126.760002,124.739998,124.760002
2022-09-01,124.559998,126.870003,124.389999,126.809998
2022-09-02,127.540001,127.660004,124.449997,124.989998
2022-09-06,125.480003,126.680000,124.760002,125.110001
2022-09-07,125.080002,127.360001,124.680000,127.150002
2022-09-08,126.680000,129.399994,126.419998,129.360001
2022-09-09,129.679993,130.850006,129.440002,130.500000
2022-09-12,131.000000,132.050003,130.649994,131.369995
2022-09-13,129.279999,129.570007,126.690002,127.029999
2022-09-14,127.449997,128.199997,126.260002,127.099998
2022-09-15,127.650002,129.029999,127.519997,127.809998
2022-09-16,127.410004,127.730003,126.470001,127.449997
2022-09-19,126.139999,126.290001,124.459999,126.260002
2022-09-20,125.410004,125.599998,124.010002,124.779999
2022-09-21,125.279999,126.110001,122.680000,122.709999
2022-09-22,122.519997,124.199997,122.000000,123.360001
2022-09-23,122.699997,122.949997,121.199997,122.730003
2022-09-26,122.000000,122.589996,121.019997,121.559998
2022-09-27,122.410004,123.199997,120.699997,121.190002
2022-09-28,122.889999,124.459999,122.099998,123.839996
2022-09-29,123.470001,123.769997,121.970001,122.800003
2022-09-30,122.809998,123.660004,120.970001,121.110001
2022-10-03,121.989998,124.070000,121.620003,123.599998
2022-10-04,124.629997,126.519997,124.339996,126.470001
2022-10-05,125.660004,127.550003,125.190002,126.889999
2022-10-06,126.419998,126.809998,124.940002,125.269997
2022-10-07,124.320000,124.540001,121.919998,122.620003
2022-10-10,122.910004,123.080002,121.379997,121.849998
2022-10-11,121.599998,123.800003,121.290001,122.500000
2022-10-12,122.889999,123.620003,121.870003,121.900002
2022-10-13,120.150002,125.330002,119.949997,124.739998
2022-10-14,125.470001,126.400002,123.519997,123.900002
2022-10-17,124.690002,126.139999,124.540001,125.889999
2022-10-18,127.760002,127.800003,125.970001,126.589996
2022-10-19,126.199997,126.209999,123.730003,124.820000
2022-10-20,124.599998,125.510002,123.599998,123.760002
2022-10-21,123.669998,126.879997,123.010002,126.540001
2022-10-24,127.599998,129.369995,127.599998,128.979996
2022-10-25,128.589996,130.110001,128.520004,129.960007
2022-10-26,130.360001,132.619995,130.320007,131.399994
2022-10-27,131.699997,131.720001,130.509995,130.710007
2022-10-28,130.910004,132.960007,130.500000,132.860001
2022-10-31,132.169998,133.270004,131.869995,132.750000
2022-11-01,132.910004,133.570007,131.410004,132.830002
2022-11-02,132.520004,134.029999,130.500000,130.570007
2022-11-03,129.619995,130.740005,128.699997,130.020004
2022-11-04,131.000000,131.279999,128.970001,130.809998
2022-11-07,131.020004,132.559998,130.529999,132.210007
2022-11-08,132.240005,133.889999,131.330002,132.869995
2022-11-09,132.660004,133.550003,131.279999,131.440002
2022-11-10,134.470001,135.050003,132.660004,134.779999
2022-11-11,134.610001,134.630005,131.399994,133.130005
2022-11-14,133.529999,134.839996,133.199997,133.250000
2022-11-15,134.100006,134.660004,131.970001,133.080002
2022-11-16,133.410004,134.309998,132.789993,133.020004
2022-11-17,131.970001,133.500000,131.860001,132.960007
2022-11-18,134.089996,134.800003,133.649994,134.570007
2022-11-21,134.289993,135.210007,134.139999,134.630005
2022-11-22,134.949997,135.899994,134.929993,135.800003
2022-11-23,135.820007,136.539993,135.479996,136.339996
2022-11-25,136.500000,137.259995,136.479996,137.149994
2022-11-28,136.729996,137.539993,135.850006,136.119995
2022-11-29,135.830002,136.050003,135.050003,135.779999
2022-11-30,135.979996,139.110001,135.259995,139.020004
2022-12-01,139.820007,140.160004,138.669998,139.419998
2022-12-02,138.020004,139.970001,138.020004,139.779999
2022-12-05,138.880005,139.199997,137.970001,138.440002
2022-12-06,138.179993,138.619995,136.710007,137.389999
2022-12-07,137.389999,138.919998,137.350006,138.520004
2022-12-08,138.759995,139.929993,138.490005,139.770004
2022-12-09,139.580002,140.000000,137.940002,137.979996
2022-12-12,138.070007,139.449997,138.070007,139.449997
2022-12-13,141.350006,141.770004,138.910004,139.880005
2022-12-14,139.820007,141.279999,138.919998,140.100006
2022-12-15,138.850006,139.199997,137.039993,137.529999
2022-12-16,136.490005,136.580002,134.779999,135.529999
2022-12-19,134.929993,135.179993,133.860001,134.470001
2022-12-20,134.520004,134.960007,133.710007,134.440002
2022-12-21,135.259995,136.630005,134.839996,136.210007
2022-12-22,135.449997,136.059998,134.259995,136.020004
2022-12-23,135.889999,136.229996,135.100006,136.100006
2022-12-27,136.360001,136.470001,135.210007,135.750000
2022-12-28,136.199997,136.860001,134.820007,134.869995
2022-12-29,135.710007,137.039993,135.399994,136.339996
2022-12-30,135.880005,136.020004,134.470001,135.850006
2023-01-03,135.960007,136.330002,134.429993,135.460007
2023-01-04,136.220001,136.570007,134.940002,135.820007
2023-01-05,134.919998,135.250000,133.899994,134.429993
2023-01-06,135.330002,136.039993,133.610001,135.669998
2023-01-09,135.809998,135.850006,133.220001,133.399994
2023-01-10,133.350006,134.729996,133.149994,134.520004
2023-01-11,134.610001,135.300003,133.990005,135.279999
2023-01-12,134.990005,135.410004,133.539993,134.850006
2023-01-13,134.110001,135.860001,134.050003,135.449997
2023-01-17,135.380005,135.610001,134.639999,134.820007
2023-01-18,134.820007,135.169998,132.789993,132.919998
2023-01-19,132.529999,133.770004,132.259995,133.240005
2023-01-20,133.539993,134.009995,132.520004,133.910004
2023-01-23,133.990005,135.119995,133.690002,134.369995
2023-01-24,133.699997,134.479996,132.619995,133.479996
2023-01-25,132.589996,133.550003,132.210007,133.520004
2023-01-26,133.830002,133.949997,132.729996,133.770004
2023-01-27,133.570007,133.710007,132.690002,132.860001
2023-01-30,132.610001,133.440002,131.460007,131.660004
2023-01-31,131.960007,133.380005,131.830002,133.360001
2023-02-01,133.360001,134.809998,132.360001,133.990005
2023-02-02,133.009995,133.259995,132.130005,133.080002
2023-02-03,133.169998,133.600006,132.250000,132.690002
2023-02-06,132.500000,132.779999,131.770004,131.949997
2023-02-07,131.490005,133.190002,131.029999,132.800003
2023-02-08,132.320007,133.149994,132.210007,132.410004
2023-02-09,132.740005,133.250000,131.039993,131.250000
2023-02-10,131.429993,132.630005,131.250000,132.490005
2023-02-13,132.509995,133.600006,132.509995,133.589996
2023-02-14,133.770004,134.009995,132.130005,132.800003
2023-02-15,132.279999,132.460007,131.690002,132.139999
2023-02-16,130.929993,131.990005,130.539993,130.820007
2023-02-17,130.199997,132.229996,130.080002,131.990005
2023-02-21,131.029999,131.570007,130.089996,130.279999
2023-02-22,130.419998,130.729996,129.570007,129.839996
2023-02-23,129.809998,130.850006,129.240005,130.190002
2023-02-24,129.089996,129.339996,128.130005,128.509995
2023-02-27,129.210007,129.570007,127.830002,128.119995
2023-02-28,127.830002,127.910004,127.059998,127.169998
2023-03-01,126.559998,127.239998,126.410004,126.959999
2023-03-02,126.389999,128.100006,126.389999,127.739998
2023-03-03,128.330002,129.220001,127.690002,129.169998
2023-03-06,129.259995,129.699997,128.809998,129.110001
2023-03-07,129.369995,129.520004,126.809998,127.029999
2023-03-08,126.769997,127.160004,125.839996,126.349998
2023-03-09,126.839996,127.050003,124.559998,125.070000
2023-03-10,124.860001,125.900002,123.669998,124.150002
2023-03-13,123.750000,127.019997,123.599998,125.309998
2023-03-14,126.160004,126.820000,125.169998,126.430000
2023-03-15,125.070000,126.500000,124.839996,126.320000
2023-03-16,125.370003,127.559998,125.019997,127.500000
2023-03-17,127.389999,127.489998,125.459999,125.860001
2023-03-20,125.580002,127.150002,125.580002,126.959999
2023-03-21,127.449997,127.879997,126.680000,127.730003
2023-03-22,127.800003,128.270004,125.779999,125.800003
2023-03-23,126.320000,127.080002,124.839996,125.559998
2023-03-24,125.440002,127.419998,124.970001,127.300003
2023-03-27,128.199997,128.779999,127.669998,127.820000
2023-03-28,127.690002,128.149994,126.739998,127.050003
2023-03-29,127.680000,127.839996,126.849998,127.400002
2023-03-30,128.089996,128.130005,127.279999,128.089996
2023-03-31,128.520004,129.529999,128.449997,129.460007
2023-04-03,129.559998,131.059998,129.199997,130.910004
2023-04-04,131.050003,131.690002,130.690002,130.929993
2023-04-05,131.660004,133.419998,131.509995,133.190002
2023-04-06,133.710007,134.110001,133.070007,133.520004
2023-04-10,133.160004,133.500000,132.460007,133.429993
2023-04-11,133.740005,134.369995,133.660004,133.880005
2023-04-12,134.399994,134.899994,133.679993,133.919998
2023-04-13,134.490005,135.809998,134.199997,135.660004
2023-04-14,135.350006,135.639999,134.070007,134.570007
2023-04-17,134.610001,134.759995,133.759995,134.460007
2023-04-18,134.729996,134.729996,133.360001,133.539993
2023-04-19,133.580002,134.149994,133.169998,133.949997
2023-04-20,133.309998,133.600006,132.770004,133.399994
2023-04-21,134.130005,134.750000,133.710007,134.300003
2023-04-24,134.440002,135.089996,134.100006,135.050003
2023-04-25,134.850006,135.259995,133.419998,133.610001
2023-04-26,132.429993,132.520004,130.919998,131.710007
2023-04-27,131.770004,132.589996,130.619995,132.399994
2023-04-28,132.240005,133.910004,132.029999,133.529999
2023-05-01,133.720001,134.759995,133.460007,134.220001
2023-05-02,134.000000,134.850006,132.679993,133.639999
2023-05-03,134.259995,134.899994,133.270004,133.460007
2023-05-04,132.899994,132.979996,131.839996,132.399994
2023-05-05,133.270004,134.050003,132.830002,133.589996
2023-05-08,133.389999,133.429993,132.679993,133.300003
2023-05-09,132.789993,133.419998,132.369995,132.410004
2023-05-10,132.789993,133.110001,132.000000,132.779999
2023-05-11,132.500000,132.580002,131.539993,132.369995
2023-05-12,132.570007,132.850006,131.600006,132.190002
2023-05-15,132.210007,132.300003,131.389999,131.960007
2023-05-16,131.679993,131.729996,130.830002,130.860001
2023-05-17,131.080002,131.190002,129.559998,131.020004
2023-05-18,130.740005,130.910004,129.690002,130.699997
2023-05-19,131.000000,132.190002,130.940002,131.309998
2023-05-22,131.500000,132.360001,131.130005,131.440002
2023-05-23,130.910004,131.100006,129.710007,130.000000
2023-05-24,129.750000,129.779999,128.809998,129.110001
2023-05-25,128.490005,128.660004,126.910004,127.790001
2023-05-26,127.669998,128.869995,127.290001,127.529999
2023-05-30,126.889999,127.870003,126.419998,126.739998
2023-05-31,126.389999,128.050003,126.050003,127.830002
2023-06-01,127.949997,128.919998,126.959999,128.669998
2023-06-02,129.080002,130.550003,128.779999,130.320007
2023-06-05,130.610001,131.380005,130.449997,130.789993
2023-06-06,131.320007,131.360001,129.130005,129.699997
2023-06-07,129.589996,129.770004,129.000000,129.190002
2023-06-08,129.210007,130.199997,128.779999,130.020004
2023-06-09,130.050003,130.869995,129.339996,130.419998
2023-06-12,130.350006,130.919998,129.839996,130.889999
2023-06-13,130.600006,131.750000,130.470001,131.550003
2023-06-14,130.880005,130.990005,129.699997,130.199997
2023-06-15,130.210007,132.399994,130.190002,132.220001
2023-06-16,132.559998,133.250000,132.070007,132.210007
2023-06-20,130.410004,132.100006,130.389999,131.520004
2023-06-21,131.199997,131.990005,130.589996,131.539993
2023-06-22,131.740005,132.630005,131.570007,132.440002
2023-06-23,132.259995,132.539993,131.639999,132.000000
2023-06-26,131.669998,131.880005,129.979996,131.250000
2023-06-27,131.250000,131.389999,130.039993,130.949997
2023-06-28,130.919998,130.949997,130.110001,130.529999
2023-06-29,130.229996,131.460007,130.009995,131.380005
2023-06-30,131.910004,133.039993,131.830002,132.729996
2023-07-03,132.350006,132.350006,131.080002,131.639999
2023-07-05,131.360001,131.850006,131.059998,131.570007
2023-07-06,130.690002,131.009995,130.190002,130.520004
2023-07-07,129.800003,130.259995,128.929993,129.000000
2023-07-10,129.009995,130.179993,129.000000,130.020004
2023-07-11,129.839996,130.470001,129.479996,130.050003
2023-07-12,130.380005,130.500000,129.490005,129.699997
2023-07-13,130.029999,130.360001,129.619995,129.750000
2023-07-14,130.729996,132.119995,130.589996,131.699997
2023-07-17,131.350006,131.630005,130.610001,131.100006
2023-07-18,131.149994,132.570007,130.910004,132.070007
2023-07-19,132.720001,133.509995,132.449997,132.679993
2023-07-20,133.570007,135.429993,133.470001,134.880005
2023-07-21,135.009995,136.660004,134.779999,136.240005
2023-07-24,136.240005,136.850006,135.820007,135.940002
2023-07-25,135.029999,136.429993,134.850006,135.880005
2023-07-26,135.229996,136.229996,134.880005,135.789993
2023-07-27,135.990005,136.479996,134.759995,134.789993
2023-07-28,135.199997,135.419998,134.419998,135.190002
2023-07-31,134.949997,135.000000,133.649994,134.149994
2023-08-01,133.839996,134.330002,133.119995,133.449997
2023-08-02,133.479996,134.389999,133.179993,133.539993
2023-08-03,133.100006,133.270004,132.610001,132.869995
2023-08-04,132.910004,133.729996,132.070007,132.399994
2023-08-07,132.800003,134.059998,132.729996,133.929993
2023-08-08,134.779999,135.130005,134.039993,134.960007
2023-08-09,134.839996,135.649994,134.750000,134.919998
2023-08-10,135.250000,136.529999,134.690002,134.830002
2023-08-11,134.789993,135.830002,134.470001,135.669998
2023-08-14,135.690002,136.509995,135.570007,136.080002
2023-08-15,135.740005,136.139999,135.429993,135.580002
2023-08-16,135.360001,135.800003,134.520004,134.550003
2023-08-17,134.070007,134.539993,133.419998,133.479996
2023-08-18,133.220001,133.880005,133.100006,133.529999
2023-08-21,133.479996,133.830002,133.059998,133.669998
2023-08-22,133.470001,133.789993,133.130005,133.199997
2023-08-23,134.000000,134.300003,133.210007,133.600006
2023-08-24,133.339996,134.389999,132.440002,132.440002
2023-08-25,132.869995,133.880005,132.419998,133.410004
2023-08-28,133.880005,134.309998,133.229996,133.720001
2023-08-29,133.899994,134.919998,133.720001,134.919998
2023-08-30,135.250000,135.660004,134.699997,134.820007
2023-08-31,134.839996,134.910004,133.179993,133.210007
2023-09-01,134.240005,134.240005,133.220001,133.570007
2023-09-05,133.639999,133.740005,132.190002,132.190002
2023-09-06,132.029999,132.160004,130.830002,131.470001
2023-09-07,131.869995,132.630005,131.770004,132.059998
2023-09-08,131.779999,132.460007,131.750000,132.059998
2023-09-11,132.000000,133.229996,131.979996,132.970001
2023-09-12,132.570007,133.149994,131.850006,132.800003
2023-09-13,132.479996,133.350006,132.440002,132.820007
2023-09-14,133.570007,133.649994,132.839996,133.240005
2023-09-15,132.919998,133.550003,132.100006,132.190002
2023-09-18,131.860001,131.990005,130.949997,131.449997
2023-09-19,131.229996,131.839996,130.679993,131.559998
2023-09-20,132.139999,132.509995,131.550003,131.570007
2023-09-21,131.320007,131.539993,130.360001,130.419998
2023-09-22,130.250000,130.919998,130.000000,130.149994
2023-09-25,130.020004,130.899994,129.660004,130.860001
2023-09-26,130.259995,130.679993,129.649994,129.750000
2023-09-27,129.990005,130.119995,128.149994,129.100006
2023-09-28,129.320007,130.089996,129.320007,129.720001
2023-09-29,130.000000,130.119995,128.539993,128.740005
2023-10-02,128.330002,128.600006,127.059998,128.559998
2023-10-03,127.930000,128.199997,126.879997,127.419998
2023-10-04,127.529999,128.139999,126.930000,127.959999
2023-10-05,128.250000,128.889999,127.519997,128.660004
2023-10-06,128.300003,130.419998,128.229996,130.009995
2023-10-09,129.649994,130.580002,129.130005,130.460007
2023-10-10,130.419998,131.669998,129.970001,131.080002
2023-10-11,131.240005,131.449997,129.919998,130.500000
2023-10-12,130.600006,130.850006,129.279999,129.380005
2023-10-13,129.860001,130.940002,129.460007,130.190002
2023-10-16,130.710007,131.919998,130.600006,131.169998
2023-10-17,130.539993,131.710007,130.440002,130.990005
2023-10-18,131.169998,131.539993,129.619995,129.850006
2023-10-19,129.679993,129.820007,127.769997,128.570007
2023-10-20,128.309998,128.979996,128.039993,128.059998
2023-10-23,127.970001,128.399994,127.139999,127.260002
2023-10-24,126.849998,128.050003,126.849998,127.650002
2023-10-25,127.070000,127.459999,125.570000,126.510002
2023-10-26,125.470001,126.410004,125.160004,125.260002
2023-10-27,124.910004,125.070000,122.589996,123.139999
2023-10-30,123.779999,124.209999,122.889999,123.830002
2023-10-31,124.269997,124.699997,123.550003,124.540001
2023-11-01,124.389999,125.410004,124.169998,124.800003
2023-11-02,125.279999,126.889999,124.949997,126.779999
2023-11-03,127.650002,128.199997,127.199997,127.410004
2023-11-06,127.949997,128.460007,127.430000,128.259995
2023-11-07,128.210007,128.660004,127.870003,128.350006
2023-11-08,128.889999,128.889999,127.389999,128.169998
2023-11-09,128.050003,128.199997,125.400002,125.519997
2023-11-10,126.000000,126.449997,124.599998,126.269997
2023-11-13,126.400002,127.250000,125.669998,127.000000
2023-11-14,127.730003,128.710007,127.410004,127.860001
2023-11-15,127.949997,128.470001,127.639999,127.959999
2023-11-16,128.339996,128.779999,127.849998,128.509995
2023-11-17,128.779999,128.990005,127.860001,128.250000
2023-11-20,127.750000,129.309998,127.660004,129.029999
2023-11-21,129.470001,130.070007,129.309998,129.809998
2023-11-22,130.240005,130.740005,130.070007,130.429993
2023-11-24,130.690002,131.160004,130.679993,131.130005
2023-11-27,130.850006,131.289993,130.070007,130.309998
2023-11-28,130.080002,130.369995,129.550003,129.639999
2023-11-29,129.500000,130.380005,129.440002,129.679993
2023-11-30,129.779999,131.389999,129.330002,131.309998
2023-12-01,131.130005,131.970001,131.029999,131.830002
2023-12-04,131.479996,132.330002,131.440002,132.080002
2023-12-05,131.809998,132.119995,131.089996,131.910004
2023-12-06,132.199997,132.449997,131.750000,132.009995
2023-12-07,132.029999,132.350006,131.250000,131.850006
2023-12-08,131.940002,132.380005,131.279999,132.070007
2023-12-11,132.779999,133.190002,132.130005,132.940002
2023-12-12,133.130005,133.699997,132.500000,133.509995
2023-12-13,132.940002,136.009995,132.759995,135.970001
2023-12-14,136.429993,136.509995,134.800003,135.309998
2023-12-15,134.679993,134.940002,133.660004,134.160004
2023-12-18,134.059998,134.199997,133.429993,133.779999
2023-12-19,133.949997,134.750000,133.740005,134.679993
2023-12-20,134.600006,134.679993,132.720001,132.729996
2023-12-21,133.529999,134.449997,133.220001,134.350006
2023-12-22,134.679993,135.440002,134.479996,135.020004
2023-12-26,134.910004,135.679993,134.740005,135.320007
2023-12-27,135.169998,135.979996,135.139999,135.889999
2023-12-28,136.000000,136.699997,135.979996,136.240005
2023-12-29,136.240005,136.619995,135.820007,136.380005
2024-01-02,136.039993,139.050003,135.970001,138.779999
2024-01-03,139.240005,139.529999,138.380005,138.550003
2024-01-04,138.979996,140.000000,138.740005,139.240005
2024-01-05,138.919998,139.699997,138.529999,139.119995
2024-01-08,139.160004,140.380005,138.589996,140.350006
2024-01-09,140.199997,141.559998,139.869995,140.330002
2024-01-10,140.410004,141.139999,139.880005,140.970001
2024-01-11,140.789993,141.029999,140.000000,140.869995
2024-01-12,140.479996,141.160004,140.050003,140.520004
2024-01-16,140.169998,140.360001,139.460007,139.679993
2024-01-17,139.449997,140.089996,139.009995,139.399994
2024-01-18,138.199997,139.509995,137.520004,139.380005
2024-01-19,139.460007,139.820007,138.690002,139.460007
2024-01-22,139.580002,140.440002,139.229996,140.070007
2024-01-23,139.889999,140.059998,138.970001,139.970001
2024-01-24,140.339996,140.679993,138.669998,138.690002
2024-01-25,138.199997,138.509995,137.210007,138.479996
2024-01-26,139.440002,139.559998,138.919998,139.270004
2024-01-29,139.399994,140.259995,139.309998,140.250000
2024-01-30,140.479996,140.820007,139.809998,140.570007
2024-01-31,141.639999,141.750000,140.350006,140.380005
2024-02-01,140.550003,142.199997,139.869995,142.199997
2024-02-02,142.149994,142.649994,141.270004,141.990005
2024-02-05,142.500000,143.309998,141.779999,142.429993
2024-02-06,143.539993,144.089996,142.820007,143.979996
2024-02-07,144.339996,145.029999,144.070007,144.369995
2024-02-08,144.229996,144.229996,143.470001,144.119995
2024-02-09,144.059998,144.289993,143.539993,144.009995
2024-02-12,143.820007,144.240005,143.139999,144.199997
2024-02-13,143.470001,144.470001,142.149994,142.860001
2024-02-14,143.350006,144.149994,143.070007,144.100006
2024-02-15,144.199997,145.429993,143.990005,145.149994
2024-02-16,145.339996,146.600006,144.820007,145.619995
2024-02-20,145.729996,146.190002,144.759995,145.130005
2024-02-21,144.660004,145.490005,144.240005,145.449997
2024-02-22,145.639999,147.429993,145.330002,147.160004
2024-02-23,147.660004,148.270004,147.339996,147.860001
2024-02-26,147.770004,148.110001,146.970001,147.100006
2024-02-27,146.380005,147.190002,146.039993,146.740005
2024-02-28,146.119995,146.279999,145.320007,146.009995
2024-02-29,146.000000,146.240005,144.720001,144.820007
2024-03-01,145.149994,146.440002,144.509995,146.339996
2024-03-04,145.919998,146.679993,145.770004,146.119995
2024-03-05,146.169998,146.410004,144.550003,145.029999
2024-03-06,145.300003,146.559998,145.300003,146.020004
2024-03-07,146.380005,147.050003,146.179993,146.699997
2024-03-08,146.559998,147.250000,146.169998,146.429993
2024-03-11,146.100006,146.610001,145.289993,146.350006
2024-03-12,146.449997,147.389999,145.960007,147.029999
2024-03-13,147.589996,147.699997,145.889999,146.460007
2024-03-14,146.550003,146.660004,145.130005,145.940002
2024-03-15,145.020004,145.660004,144.850006,145.360001
2024-03-18,145.429993,145.570007,144.720001,144.820007
2024-03-19,144.940002,145.869995,144.520004,145.779999
2024-03-20,145.429993,145.500000,144.639999,145.449997
2024-03-21,145.750000,146.169998,145.339996,145.639999
2024-03-22,145.850006,146.220001,145.259995,145.440002
2024-03-25,145.710007,145.860001,145.009995,145.240005
2024-03-26,145.529999,145.940002,145.139999,145.770004
2024-03-27,147.009995,147.710007,146.619995,147.710007
2024-03-28,147.919998,148.229996,147.679993,147.729996
2024-04-01,147.639999,147.729996,145.940002,146.470001
2024-04-02,144.490005,144.649994,143.440002,144.190002
2024-04-03,144.440002,145.089996,143.690002,144.029999
2024-04-04,144.929993,145.020004,141.869995,141.949997
2024-04-05,141.729996,143.690002,141.610001,143.220001
2024-04-08,143.110001,143.110001,142.539993,142.759995
2024-04-09,143.070007,143.350006,142.279999,143.270004
2024-04-10,141.839996,142.240005,141.100006,141.589996
2024-04-11,142.020004,142.050003,140.600006,141.009995
2024-04-12,140.279999,140.289993,138.460007,138.910004
2024-04-15,140.119995,140.630005,138.410004,138.630005
2024-04-16,139.830002,139.830002,138.589996,138.679993
2024-04-17,139.490005,139.619995,138.220001,138.440002
2024-04-18,138.529999,139.250000,138.210007,138.429993
2024-04-19,139.149994,139.339996,138.449997,138.949997
2024-04-22,139.380005,140.589996,138.929993,139.479996
2024-04-23,140.820007,141.559998,140.179993,141.300003
2024-04-24,140.990005,141.149994,140.220001,140.860001
2024-04-25,140.770004,141.000000,139.199997,139.919998
2024-04-26,139.399994,140.330002,139.300003,139.960007
2024-04-29,140.130005,140.830002,139.729996,140.429993
2024-04-30,140.899994,141.199997,140.229996,140.330002
2024-05-01,139.710007,141.839996,139.550003,140.580002
2024-05-02,141.339996,141.440002,139.720001,140.479996
2024-05-03,141.089996,141.229996,140.100006,140.830002
2024-05-06,140.949997,141.440002,140.639999,141.399994
2024-05-07,141.720001,142.699997,141.699997,142.570007
2024-05-08,142.860001,142.880005,141.899994,142.080002
2024-05-09,142.250000,143.380005,142.229996,143.300003
2024-05-10,143.490005,144.089996,143.389999,143.589996
2024-05-13,143.880005,144.009995,143.190002,143.449997
2024-05-14,143.649994,144.130005,143.110001,144.059998
2024-05-15,144.699997,146.360001,144.639999,146.199997
2024-05-16,145.889999,146.440002,145.619995,146.029999
2024-05-17,146.000000,146.339996,145.440002,146.309998
2024-05-20,146.160004,146.360001,145.690002,146.000000
2024-05-21,146.259995,146.880005,145.880005,146.250000
2024-05-22,145.860001,146.949997,145.770004,146.509995
2024-05-23,146.270004,146.279999,144.809998,144.910004
2024-05-24,145.100006,145.330002,144.330002,144.419998
2024-05-28,144.100006,144.100006,142.070007,142.669998
2024-05-29,141.449997,141.729996,140.949997,141.559998
2024-05-30,140.990005,142.139999,140.679993,141.630005
2024-05-31,142.080002,143.779999,141.910004,143.699997
2024-06-03,143.600006,145.139999,143.350006,144.710007
2024-06-04,144.580002,145.529999,144.039993,145.130005
2024-06-05,145.300003,145.949997,144.490005,145.789993
2024-06-06,145.679993,146.580002,145.179993,146.270004
2024-06-07,146.130005,147.160004,145.960007,146.429993
2024-06-10,146.199997,147.009995,145.669998,146.970001
2024-06-11,146.860001,146.860001,145.729996,146.360001
2024-06-12,146.990005,147.039993,145.669998,146.050003
2024-06-13,145.509995,146.169998,144.580002,145.929993
2024-06-14,145.630005,145.919998,145.029999,145.880005
2024-06-17,145.259995,145.960007,144.960007,145.729996
2024-06-18,145.889999,146.399994,145.600006,145.919998
2024-06-20,145.470001,146.589996,145.270004,146.399994
2024-06-21,146.589996,147.119995,146.240005,146.809998
2024-06-24,146.830002,147.610001,146.449997,147.089996
2024-06-25,147.259995,147.470001,146.279999,146.630005
2024-06-26,146.369995,146.630005,145.770004,146.110001
2024-06-27,146.220001,146.279999,145.029999,145.869995
2024-06-28,146.410004,147.020004,145.100006,145.750000
2024-07-01,146.039993,147.490005,144.649994,144.929993
2024-07-02,144.410004,144.619995,143.589996,144.399994
2024-07-03,144.660004,144.669998,142.729996,143.300003
2024-07-05,143.610001,144.490005,142.880005,144.410004
2024-07-08,144.570007,144.970001,143.880005,144.250000
2024-07-09,144.559998,145.029999,143.699997,144.949997
2024-07-10,145.110001,146.339996,144.789993,146.320007
2024-07-11,146.330002,147.740005,146.149994,147.350006
2024-07-12,147.850006,148.889999,147.740005,148.270004
2024-07-15,148.839996,148.979996,147.529999,147.750000
2024-07-16,148.639999,149.889999,148.309998,149.860001
2024-07-17,148.830002,151.330002,148.639999,150.539993
2024-07-18,149.580002,150.559998,146.860001,147.119995
2024-07-19,147.860001,148.580002,147.279999,147.869995
2024-07-22,148.619995,148.990005,147.880005,148.720001
2024-07-23,149.330002,149.419998,148.470001,148.630005
2024-07-24,148.710007,150.059998,148.210007,149.869995
2024-07-25,149.419998,151.529999,148.960007,149.119995
2024-07-26,149.100006,150.929993,149.009995,149.960007
2024-07-29,149.979996,150.559998,149.259995,150.050003
2024-07-30,150.050003,151.110001,149.110001,150.179993
2024-07-31,150.119995,150.660004,149.050003,149.630005
2024-08-01,150.399994,151.330002,149.490005,151.160004
2024-08-02,151.389999,151.770004,148.619995,150.860001
2024-08-05,148.500000,148.789993,146.190002,146.830002
2024-08-06,147.419998,149.380005,146.949997,147.509995
2024-08-07,147.410004,148.119995,145.539993,146.009995
2024-08-08,148.289993,149.369995,147.619995,149.240005
2024-08-09,149.500000,150.360001,149.179993,149.979996
2024-08-12,150.339996,150.339996,148.979996,149.410004
2024-08-13,150.000000,151.369995,149.830002,151.220001
2024-08-14,151.029999,151.979996,150.669998,151.759995
2024-08-15,152.460007,152.949997,151.750000,152.710007
2024-08-16,152.660004,153.119995,152.229996,152.869995
2024-08-19,152.880005,153.940002,152.789993,153.800003
2024-08-20,154.210007,155.210007,154.050003,154.419998
2024-08-21,154.740005,155.080002,154.139999,154.679993
2024-08-22,155.199997,155.350006,153.990005,154.779999
2024-08-23,155.190002,155.559998,154.639999,155.449997
2024-08-26,155.600006,156.080002,155.220001,155.369995
2024-08-27,155.520004,156.039993,155.059998,155.610001
2024-08-28,155.509995,156.440002,155.059998,155.789993
2024-08-29,156.410004,156.830002,155.460007,156.119995
2024-08-30,156.229996,157.279999,155.550003,157.199997
2024-09-03,156.880005,157.839996,156.470001,156.899994
2024-09-04,156.690002,159.639999,155.860001,156.630005
2024-09-05,156.460007,156.550003,153.729996,154.479996
2024-09-06,155.020004,155.660004,153.630005,153.949997
2024-09-09,154.339996,155.520004,153.750000,155.029999
2024-09-10,155.240005,155.850006,154.660004,155.740005
2024-09-11,155.179993,155.460007,152.850006,155.279999
2024-09-12,155.240005,155.979996,153.789993,155.839996
2024-09-13,155.910004,156.639999,155.699997,156.160004
2024-09-16,156.979996,157.589996,156.669998,157.240005
2024-09-17,157.050003,157.089996,155.070007,155.619995
2024-09-18,155.490005,156.979996,154.759995,155.360001
2024-09-19,156.759995,156.759995,155.509995,155.919998
2024-09-20,155.410004,155.979996,154.899994,155.279999
2024-09-23,155.190002,155.210007,154.119995,154.399994
2024-09-24,154.330002,154.389999,153.360001,154.089996
2024-09-25,154.559998,154.779999,152.529999,152.589996
2024-09-26,152.490005,153.289993,152.229996,153.100006
2024-09-27,153.300003,154.199997,153.009995,153.020004
2024-09-30,152.809998,154.059998,152.580002,154.020004
2024-10-01,154.139999,154.350006,152.630005,153.210007
2024-10-02,153.020004,153.380005,151.869995,152.899994
2024-10-03,152.520004,152.660004,151.240005,151.520004
2024-10-04,151.750000,152.020004,150.880005,151.639999
2024-10-07,151.649994,152.110001,150.690002,150.970001
2024-10-08,151.369995,152.029999,151.240005,151.789993
2024-10-09,151.929993,153.460007,151.570007,153.339996
2024-10-10,153.339996,153.460007,152.399994,152.770004
2024-10-11,153.250000,154.070007,153.029999,153.889999
2024-10-14,154.059998,155.009995,153.529999,154.740005
2024-10-15,152.669998,154.589996,152.509995,152.850006
2024-10-16,152.649994,153.610001,152.240005,153.279999
2024-10-17,152.770004,153.020004,152.289993,152.389999
2024-10-18,152.500000,153.500000,152.059998,153.130005
2024-10-21,152.729996,153.139999,151.179993,151.330002
2024-10-22,150.529999,151.389999,150.399994,151.110001
2024-10-23,150.699997,150.929993,149.600006,150.399994
2024-10-24,150.399994,151.009995,149.369995,149.410004
2024-10-25,149.919998,150.000000,148.419998,148.589996
2024-10-28,149.009995,149.490005,148.619995,148.809998
2024-10-29,148.710007,149.320007,148.330002,148.399994
2024-10-30,146.139999,148.169998,145.619995,148.119995
2024-10-31,147.240005,147.929993,146.839996,146.869995
2024-11-01,147.440002,148.470001,147.429993,147.740005
2024-11-04,147.380005,148.089996,146.479996,146.770004
2024-11-05,146.479996,147.889999,145.940002,147.850006
2024-11-06,150.669998,150.910004,147.350006,148.039993
2024-11-07,148.929993,149.289993,148.210007,149.110001
2024-11-08,149.309998,150.949997,149.139999,150.179993
2024-11-11,149.850006,150.600006,149.080002,149.300003
2024-11-12,149.059998,149.309998,147.190002,147.220001
2024-11-13,147.160004,147.600006,146.679993,146.830002
2024-11-14,146.580002,146.589996,144.360001,144.520004
2024-11-15,143.720001,143.850006,141.570007,141.839996
2024-11-18,141.470001,142.089996,141.309998,141.940002
2024-11-19,140.649994,141.610001,140.259995,141.210007
2024-11-20,141.509995,143.080002,141.279999,142.880005
2024-11-21,142.880005,144.229996,142.139999,144.029999
2024-11-22,144.330002,145.020004,143.940002,144.160004
2024-11-25,144.809998,145.850006,144.789993,145.389999
2024-11-26,145.830002,146.330002,144.690002,146.169998
2024-11-27,146.309998,147.759995,146.309998,146.949997
2024-11-29,146.940002,147.789993,146.710007,147.410004
2024-12-02,147.320007,147.380005,146.389999,147.149994
2024-12-03,147.139999,147.429993,146.740005,146.820007
2024-12-04,147.080002,147.580002,146.360001,146.740005
2024-12-05,146.089996,146.250000,144.830002,145.100006
2024-12-06,145.289993,145.460007,144.100006,144.279999
2024-12-09,144.419998,145.089996,143.919998,144.699997
2024-12-10,144.990005,145.100006,143.619995,144.100006
2024-12-11,143.520004,143.639999,142.100006,142.139999
2024-12-12,142.169998,142.539993,140.910004,141.009995
2024-12-13,140.830002,141.449997,140.130005,140.990005
2024-12-16,140.880005,141.649994,139.199997,139.309998
2024-12-17,138.699997,140.240005,138.600006,139.210007
2024-12-18,139.119995,140.039993,137.229996,137.320007
2024-12-19,137.059998,137.800003,135.949997,136.279999
2024-12-20,137.490005,139.289993,137.050003,138.000000
2024-12-23,137.600006,138.949997,136.990005,138.750000
2024-12-24,138.630005,139.320007,138.039993,139.320007
2024-12-26,138.830002,139.720001,138.679993,139.600006
2024-12-27,138.830002,139.809998,138.360001,138.949997
2024-12-30,138.149994,138.149994,136.729996,137.240005
2024-12-31,137.580002,138.119995,136.789993,137.570007
2025-01-02,138.259995,138.770004,137.119995,137.610001
2025-01-03,137.889999,139.350006,137.740005,138.960007
2025-01-06,138.899994,140.039993,138.559998,139.020004
2025-01-07,139.360001,140.929993,139.360001,139.710007
2025-01-08,139.970001,140.639999,138.690002,140.429993
2025-01-10,139.949997,140.949997,139.350006,139.639999
2025-01-13,139.789993,141.820007,139.669998,141.460007
2025-01-14,141.270004,141.270004,138.880005,140.000000
2025-01-15,140.389999,141.240005,139.770004,140.570007
2025-01-16,140.130005,141.339996,139.580002,141.130005
2025-01-17,140.940002,141.399994,140.179993,140.179993
2025-01-21,140.919998,142.509995,140.899994,142.500000
2025-01-22,141.800003,142.630005,141.130005,142.179993
2025-01-23,142.570007,144.100006,141.869995,144.080002
2025-01-24,143.440002,144.610001,143.270004,144.309998
2025-01-27,145.100006,147.580002,144.970001,147.550003
2025-01-28,147.539993,147.740005,146.479996,146.520004
2025-01-29,146.089996,146.580002,145.300003,145.660004
2025-01-30,146.250000,147.750000,146.240005,147.339996
2025-01-31,147.580002,148.589996,146.820007,146.869995
2025-02-03,145.979996,148.160004,145.940002,147.440002
2025-02-04,145.820007,147.199997,145.589996,147.039993
2025-02-05,147.399994,148.720001,147.100006,148.449997
2025-02-06,148.149994,148.460007,146.899994,147.119995
2025-02-07,147.330002,147.919998,146.320007,146.429993
2025-02-10,146.600006,146.649994,145.460007,146.300003
2025-02-11,145.880005,146.320007,145.440002,146.029999
2025-02-12,145.679993,146.610001,145.369995,145.820007
2025-02-13,146.110001,146.710007,145.160004,146.389999
2025-02-14,146.500000,146.699997,144.800003,144.800003
2025-02-18,143.919998,144.889999,143.839996,144.520004
2025-02-19,144.529999,146.440002,144.500000,146.399994
2025-02-20,146.190002,147.300003,146.100006,147.220001
2025-02-21,145.479996,147.139999,145.339996,146.429993
2025-02-24,146.589996,148.220001,146.270004,147.619995
2025-02-25,147.899994,149.089996,147.410004,148.889999
2025-02-26,148.309998,148.949997,147.350006,147.820007
2025-02-27,147.550003,148.910004,147.160004,147.220001
2025-02-28,147.460007,149.160004,146.490005,148.929993
2025-03-03,149.020004,150.320007,148.960007,149.580002
2025-03-04,149.789993,150.070007,147.970001,148.190002
2025-03-05,147.520004,149.910004,147.240005,149.679993
2025-03-06,149.000000,149.479996,147.929993,149.270004
2025-03-07,148.660004,150.279999,148.449997,149.279999
2025-03-10,148.119995,149.910004,147.339996,147.669998
2025-03-11,147.679993,147.889999,145.289993,146.059998
2025-03-12,145.729996,145.990005,144.119995,144.600006
2025-03-13,144.660004,145.070007,143.490005,143.830002
2025-03-14,143.929993,145.149994,143.410004,144.929993
2025-03-17,144.720001,147.110001,144.720001,146.770004
2025-03-18,146.820007,147.059998,146.039993,146.839996
2025-03-19,146.949997,147.309998,145.899994,146.919998
2025-03-20,146.940002,147.639999,146.509995,147.009995
2025-03-21,146.580002,146.860001,145.729996,146.600006
2025-03-24,146.419998,147.389999,146.110001,147.149994
2025-03-25,147.500000,147.589996,144.350006,145.270004
2025-03-26,145.380005,145.970001,144.389999,144.740005
2025-03-27,144.520004,145.419998,144.460007,144.970001
2025-03-28,144.850006,145.240005,144.449997,144.520004
2025-03-31,143.789993,146.619995,143.479996,146.009995
2025-04-01,145.479996,145.479996,142.899994,143.339996
2025-04-02,142.770004,144.399994,142.190002,144.300003
2025-04-03,143.759995,145.190002,143.050003,143.130005
2025-04-04,141.139999,141.710007,135.229996,135.279999
2025-04-07,131.710007,137.369995,129.660004,134.470001
2025-04-08,139.429993,139.440002,131.279999,132.979996
2025-04-09,130.130005,139.240005,129.679993,138.759995
2025-04-10,137.699997,137.740005,131.330002,134.889999
2025-04-11,135.149994,137.759995,133.649994,136.869995
2025-04-14,138.210007,139.039993,136.960007,138.539993
2025-04-15,139.000000,139.039993,137.289993,137.690002
2025-04-16,138.119995,138.619995,135.639999,136.289993
2025-04-17,135.339996,136.570007,135.100006,135.490005
2025-04-21,135.190002,135.360001,131.559998,132.570007
2025-04-22,133.639999,135.279999,133.139999,135.059998
2025-04-23,136.539993,137.929993,135.130005,135.729996
2025-04-24,135.949997,137.539993,135.119995,137.389999
2025-04-25,137.589996,138.199997,135.880005,138.050003
2025-04-28,138.240005,139.039993,137.399994,138.600006
2025-04-29,138.419998,139.970001,137.729996,139.279999
2025-04-30,139.550003,140.789993,138.259995,140.470001
2025-05-01,138.809998,139.110001,136.470001,136.639999
2025-05-02,138.789993,139.009995,137.550003,138.529999
2025-05-05,138.250000,138.679993,137.580002,138.139999
2025-05-06,137.130005,137.190002,133.970001,134.330002
2025-05-07,134.750000,135.750000,134.399994,135.360001
2025-05-08,134.410004,135.330002,133.690002,134.139999
2025-05-09,134.309998,134.770004,132.619995,132.679993
2025-05-12,132.880005,136.130005,132.639999,135.960007
2025-05-13,133.940002,133.940002,131.830002,131.869995
2025-05-14,132.279999,132.550003,128.679993,128.770004
2025-05-15,128.470001,130.539993,127.349998,130.460007
2025-05-16,130.699997,133.139999,130.309998,133.089996
2025-05-19,133.020004,134.440002,132.649994,134.369995
2025-05-20,134.399994,135.089996,134.190002,134.699997
2025-05-21,133.559998,134.139999,131.520004,131.580002
2025-05-22,130.630005,131.240005,129.979996,130.550003
2025-05-23,129.929993,130.600006,129.550003,130.339996
2025-05-27,131.429993,132.389999,131.160004,132.160004
2025-05-28,132.110001,132.580002,131.130005,131.479996
2025-05-29,131.679993,132.759995,131.289993,132.360001
2025-05-30,132.070007,133.339996,130.880005,132.639999
2025-06-02,132.300003,132.779999,131.110001,132.720001
2025-06-03,132.369995,133.520004,131.729996,133.029999
2025-06-04,133.429993,134.330002,133.289993,133.289993
2025-06-05,133.619995,133.910004,132.570007,133.110001
2025-06-06,133.809998,134.839996,133.789993,134.380005
2025-06-09,134.350006,134.809998,133.389999,134.149994
2025-06-10,134.270004,136.089996,134.250000,135.679993
2025-06-11,135.710007,136.570007,135.339996,135.750000
2025-06-12,135.759995,136.839996,135.490005,136.809998
2025-06-13,136.059998,137.330002,135.679993,136.130005
2025-06-16,136.419998,136.830002,135.080002,135.710007
2025-06-17,135.100006,135.410004,133.289993,133.470001
2025-06-18,133.479996,134.119995,132.490005,133.240005
2025-06-20,133.699997,133.800003,132.410004,132.600006
2025-06-23,132.059998,132.740005,130.979996,132.160004
2025-06-24,132.509995,134.080002,132.000000,133.779999
2025-06-25,133.520004,134.289993,132.770004,133.899994
2025-06-26,134.179993,135.160004,133.750000,134.220001
2025-06-27,134.320007,135.130005,133.699997,133.929993
2025-06-30,133.899994,134.949997,133.800003,134.789993
2025-07-01,134.580002,137.759995,134.460007,136.710007
2025-07-02,136.029999,136.289993,135.240005,135.360001
2025-07-03,135.550003,135.899994,135.169998,135.500000
2025-07-07,135.449997,135.449997,133.649994,134.360001
2025-07-08,134.259995,136.220001,134.009995,134.970001
2025-07-09,135.250000,135.919998,134.419998,135.490005
2025-07-10,135.509995,137.630005,135.000000,136.320007
2025-07-11,135.880005,135.880005,134.350006,135.190002
2025-07-14,134.649994,135.309998,134.399994,135.029999
2025-07-15,135.229996,135.470001,132.470001,132.600006
2025-07-16,133.139999,134.419998,133.000000,134.250000
2025-07-17,133.289993,133.679993,132.279999,132.720001
2025-07-18,133.070007,133.240005,131.660004,131.839996
2025-07-21,131.910004,132.320007,131.029999,131.089996
2025-07-22,131.309998,133.809998,131.309998,133.529999
2025-07-23,135.259995,136.320007,134.800003,136.270004
2025-07-24,136.130005,136.929993,135.539993,135.759995
2025-07-25,136.250000,136.699997,135.740005,136.479996
2025-07-28,136.139999,136.389999,134.929993,135.289993
2025-07-29,133.899994,135.100006,132.940002,134.429993
2025-07-30,134.880005,135.190002,133.639999,134.190002
2025-07-31,133.020004,133.789993,129.979996,130.429993
2025-08-01,130.699997,131.399994,129.860001,131.130005
2025-08-04,131.389999,133.070007,131.360001,133.009995
2025-08-05,132.449997,132.949997,132.039993,132.500000
2025-08-06,131.940002,132.050003,130.350006,130.509995
2025-08-07,129.770004,130.240005,127.959999,129.009995
2025-08-08,129.229996,130.440002,129.229996,130.160004
2025-08-11,130.289993,131.320007,130.139999,130.289993
2025-08-12,130.339996,131.229996,130.130005,131.190002
2025-08-13,131.820007,133.369995,131.649994,133.289993
2025-08-14,133.059998,134.100006,132.410004,133.960007
2025-08-15,135.479996,136.600006,135.179993,136.210007
2025-08-18,136.529999,137.190002,135.820007,135.889999
2025-08-19,135.869995,137.220001,135.779999,136.759995
2025-08-20,137.009995,138.210007,137.009995,137.500000
2025-08-21,137.210007,138.460007,136.940002,137.039993
2025-08-22,137.800003,139.020004,137.800003,138.169998
2025-08-25,138.139999,138.259995,136.100006,136.199997
2025-08-26,136.589996,137.169998,136.339996,137.050003
2025-08-27,136.990005,137.710007,136.729996,136.970001
2025-08-28,136.830002,136.850006,135.759995,136.429993
2025-08-29,136.539993,137.470001,136.369995,137.429993
2025-09-02,136.889999,137.740005,136.460007,137.559998
2025-09-03,137.110001,137.759995,136.240005,136.910004
2025-09-04,136.800003,137.470001,136.080002,137.429993
2025-09-05,137.279999,138.380005,137.050003,137.899994
2025-09-08,137.460007,137.869995,136.369995,137.850006
2025-09-09,138.059998,138.970001,137.720001,138.589996
2025-09-10,138.509995,138.509995,136.809998,137.330002
2025-09-11,138.039993,140.000000,137.889999,139.720001
2025-09-12,139.229996,139.809998,138.100006,138.110001
2025-09-15,138.259995,138.539993,136.660004,136.929993
2025-09-16,136.660004,137.389999,136.539993,136.929993
2025-09-17,137.130005,138.289993,136.839996,137.199997
2025-09-18,137.199997,137.940002,136.889999,137.470001
2025-09-19,137.820007,137.899994,137.179993,137.289993
2025-09-22,136.190002,137.259995,135.889999,136.630005
2025-09-23,136.259995,137.350006,136.149994,136.940002
2025-09-24,136.820007,137.059998,136.160004,136.389999
2025-09-25,136.130005,136.179993,133.729996,134.130005
2025-09-26,135.149994,135.619995,134.639999,135.500000
2025-09-29,135.679993,135.970001,134.740005,135.899994
2025-09-30,135.759995,139.500000,135.669998,139.169998
2025-10-01,139.800003,143.729996,139.600006,143.470001
2025-10-02,142.149994,143.570007,142.149994,143.190002
2025-10-03,143.570007,146.139999,143.559998,144.820007
2025-10-06,144.899994,145.059998,143.970001,144.119995
2025-10-07,144.119995,144.660004,143.279999,144.229996
2025-10-08,144.600006,144.970001,144.020004,144.509995
2025-10-09,144.779999,145.250000,143.960007,144.190002
2025-10-10,144.610001,144.740005,141.940002,142.110001
2025-10-13,141.729996,142.940002,141.630005,141.949997
2025-10-14,141.600006,142.860001,141.050003,142.339996
2025-10-15,142.020004,143.250000,141.360001,142.559998
2025-10-16,142.850006,143.639999,141.960007,142.320007
2025-10-17,141.580002,143.419998,141.389999,143.270004
2025-10-20,143.720001,144.990005,143.559998,144.789993
2025-10-21,145.050003,145.630005,144.339996,145.130005
2025-10-22,146.210007,146.729996,145.539993,145.960007
2025-10-23,145.520004,146.509995,145.369995,146.039993
2025-10-24,146.289993,146.759995,145.880005,146.029999
2025-10-27,146.089996,146.449997,145.220001,146.369995
2025-10-28,146.410004,146.539993,145.190002,145.449997
2025-10-29,145.220001,145.449997,143.570007,143.979996
2025-10-30,143.960007,145.449997,143.770004,144.300003
2025-10-31,143.020004,144.490005,142.699997,144.250000
2025-11-03,144.070007,144.559998,142.830002,144.449997
2025-11-04,143.770004,145.490005,143.490005,145.100006
2025-11-05,144.630005,146.259995,144.380005,145.660004
2025-11-06,145.139999,146.110001,144.940002,145.940002
2025-11-07,145.839996,146.149994,144.720001,146.139999
2025-11-10,145.789993,147.429993,145.720001,147.279999
2025-11-11,147.600006,150.820007,147.600006,150.679993
2025-11-12,150.990005,153.160004,150.720001,152.820007
2025-11-13,152.039993,154.520004,151.860001,152.740005
2025-11-14,152.220001,152.919998,151.190002,151.830002
2025-11-17,151.339996,153.320007,151.139999,151.699997
2025-11-18,151.750000,153.130005,151.149994,152.589996
2025-11-19,152.479996,152.929993,151.570007,152.330002
2025-11-20,152.490005,153.339996,151.119995,151.419998
2025-11-21,151.789993,155.710007,151.710007,154.610001
2025-11-24,155.139999,156.160004,154.479996,155.259995
2025-11-25,155.770004,158.889999,155.770004,158.770004
2025-11-26,158.419998,158.949997,158.160004,158.419998
2025-11-28,158.199997,158.250000,157.160004,157.649994
2025-12-01,157.039993,157.860001,155.179993,155.289993
2025-12-02,155.250000,155.470001,154.139999,154.360001
2025-12-03,154.669998,155.779999,154.660004,155.080002
2025-12-04,155.000000,155.029999,153.369995,153.899994
2025-12-05,154.449997,154.630005,152.960007,153.259995
2025-12-08,153.350006,153.419998,151.199997,151.429993
2025-12-09,152.000000,152.679993,149.850006,149.960007
2025-12-10,150.380005,152.179993,149.869995,152.139999
2025-12-11,152.759995,154.300003,152.259995,153.580002
2025-12-12,153.750000,154.559998,153.410004,154.059998
2025-12-15,154.470001,156.309998,154.440002,156.100006
2025-12-16,156.039993,156.119995,153.089996,154.070007
2025-12-17,154.229996,154.779999,153.669998,153.789993
2025-12-18,153.750000,155.179993,153.679993,153.910004
2025-12-19,153.919998,155.770004,153.919998,154.940002
2025-12-22,154.149994,155.369995,153.800003,155.300003
2025-12-23,154.690002,155.660004,154.639999,154.990005
2025-12-24,155.169998,155.940002,155.149994,155.800003
2025-12-26,155.690002,156.119995,155.350006,156.050003
2025-12-29,156.070007,156.490005,155.679993,155.809998
2025-12-30,155.660004,155.979996,155.199997,155.679993
2025-12-31,155.600006,155.839996,154.770004,154.800003
2026-01-02,154.869995,155.570007,153.580002,155.509995
2026-01-05,154.589996,155.389999,152.970001,155.039993
2026-01-06,155.139999,158.330002,155.139999,158.089996
2026-01-07,158.539993,160.589996,158.539993,159.660004
2026-01-08,159.149994,160.500000,157.610001,158.119995
2026-01-09,158.330002,158.929993,157.259995,157.309998
2026-01-12,157.330002,157.500000,156.009995,157.380005
2026-01-13,157.649994,157.669998,155.740005,156.740005
2026-01-14,156.610001,157.990005,156.479996,157.860001
2026-01-15,157.309998,157.449997,155.369995,156.960007
2026-01-16,156.639999,156.970001,155.710007,155.740005
2026-01-20,154.000000,155.919998,153.229996,155.399994
2026-01-21,155.199997,158.509995,155.149994,158.259995
2026-01-22,157.649994,159.229996,157.500000,158.289993
2026-01-23,157.800003,158.380005,156.660004,157.479996
2026-01-26,157.369995,158.330002,156.899994,158.100006
2026-01-27,155.800003,157.089996,155.139999,155.449997
2026-01-28,154.300003,155.149994,153.470001,154.309998
2026-01-29,154.250000,154.669998,153.500000,153.820007
2026-01-30,154.119995,154.929993,153.289993,154.740005
2026-02-02,154.580002,156.009995,154.399994,155.690002
2026-02-03,154.779999,157.119995,153.850006,154.100006
2026-02-04,154.809998,156.779999,154.229996,156.029999
2026-02-05,155.460007,156.970001,154.679993,154.839996
2026-02-06,156.039993,157.800003,155.910004,157.710007
2026-02-09,157.570007,158.149994,156.029999,156.320007
2026-02-10,156.660004,157.160004,155.240005,155.330002
2026-02-11,155.179993,156.380005,154.380005,156.250000
2026-02-12,156.210007,157.419998,155.479996,156.000000
2026-02-13,156.520004,158.800003,156.520004,157.669998
2026-02-17,158.029999,158.910004,157.130005,157.369995
2026-02-18,157.199997,157.800003,156.479996,157.669998
2026-02-19,157.199997,157.720001,156.190002,157.259995
2026-02-20,157.000000,157.250000,155.869995,156.820007
2026-02-23,157.130005,158.679993,157.130005,158.539993
2026-02-24,158.009995,158.500000,157.309998,157.869995
2026-02-25,157.869995,159.229996,157.619995,157.830002
2026-02-26,158.070007,158.169998,156.089996,157.419998
2026-02-27,156.740005,160.240005,156.710007,160.199997
2026-03-02,159.190002,159.839996,157.990005,158.529999
2026-03-03,156.660004,157.389999,155.000000,156.740005
2026-03-04,156.740005,157.580002,155.669998,157.050003
2026-03-05,155.130005,155.699997,152.720001,153.910004
2026-03-06,152.779999,152.990005,150.949997,152.699997
2026-03-09,151.779999,154.550003,151.130005,154.259995
2026-03-10,154.410004,154.539993,153.009995,153.149994
2026-03-11,152.839996,153.160004,151.940002,152.850006
2026-03-12,151.949997,152.490005,150.029999,150.160004
2026-03-13,151.039993,152.300003,149.669998,149.789993
2026-03-16,150.750000,151.729996,150.380005,151.009995
2026-03-17,151.220001,151.850006,149.539993,149.639999
2026-03-18,148.720001,149.050003,147.009995,147.139999
2026-03-19,147.139999,148.089996,146.300003,146.610001
2026-03-20,146.479996,147.020004,144.660004,145.330002
2026-03-23,146.559998,146.770004,144.600006,144.770004
2026-03-24,143.949997,145.300003,143.380005,144.789993
2026-03-25,145.690002,146.690002,145.350006,146.240005
2026-03-26,145.750000,146.910004,145.630005,145.740005
2026-03-27,145.720001,145.800003,143.070007,143.259995
2026-03-30,144.300003,144.630005,143.429993,143.820007
2026-03-31,144.809998,146.750000,144.600006,146.610001
2026-04-01,147.220001,148.759995,146.949997,147.729996
2026-04-02,146.929993,148.360001,146.270004,146.809998
2026-04-06,146.279999,147.139999,145.759995,146.279999
2026-04-07,146.910004,146.910004,144.880005,146.570007
2026-04-08,148.199997,149.699997,147.500000,149.669998
2026-04-09,148.830002,150.220001,148.300003,149.330002
2026-04-10,149.779999,149.839996,147.110001,147.309998
2026-04-13,146.880005,148.050003,146.240005,147.970001
2026-04-14,147.380005,149.600006,147.240005,148.830002
2026-04-15,148.860001,149.210007,146.889999,147.770004
2026-04-16,147.190002,148.199997,146.289993,146.610001
2026-04-17,147.369995,149.119995,147.360001,148.800003
2026-04-20,148.449997,148.740005,147.149994,147.419998
2026-04-21,148.289993,148.559998,145.880005,145.919998
2026-04-22,146.509995,147.580002,146.009995,146.380005
2026-04-23,146.199997,146.770004,145.160004,146.240005
2026-04-24,145.240005,145.529999,143.679993,144.179993
2026-04-27,143.679993,145.210007,143.419998,143.460007
2026-04-28,144.570007,144.860001,143.279999,143.839996
2026-04-29,142.259995,143.250000,141.970001,142.839996
2026-04-30,143.679993,146.289993,143.660004,145.990005
2026-05-01,146.289993,146.610001,145.149994,145.160004
2026-05-04,144.559998,145.210007,144.320007,144.729996
2026-05-05,145.279999,145.660004,144.419998,145.300003
2026-05-06,145.360001,146.149994,144.899994,145.399994
2026-05-07,145.179993,145.839996,144.270004,144.720001
2026-05-08,144.589996,145.070007,143.179993,143.490005
2026-05-11,143.750000,145.020004,142.669998,143.039993
2026-05-12,143.809998,146.639999,143.190002,145.850006
2026-05-13,145.320007,146.979996,145.130005,146.710007
2026-05-14,146.850006,147.399994,145.940002,146.630005
2026-05-15,146.759995,147.160004,144.889999,145.100006
2026-05-18,144.500000,145.789993,144.119995,145.720001
2026-05-19,145.619995,148.070007,144.850006,147.320007
2026-05-20,147.539993,148.020004,146.289993,147.130005
2026-05-21,146.899994,148.300003,145.839996,148.149994
2026-05-22,149.089996,150.320007,149.000000,149.889999
2026-05-26,149.949997,150.300003,148.440002,148.509995
2026-05-27,148.690002,150.199997,148.279999,148.789993
2026-05-28,149.149994,151.350006,149.110001,150.880005
2026-05-29,150.850006,151.039993,149.100006,149.470001
2026-06-01,148.520004,148.880005,147.259995,147.839996
2026-06-02,146.750000,147.270004,145.309998,146.399994
2026-06-03,146.160004,148.050003,146.070007,147.550003
2026-06-04,150.380005,152.539993,150.289993,152.080002
2026-06-05,153.380005,154.699997,152.919998,153.009995
2026-06-08,153.240005,154.470001,152.410004,152.649994
2026-06-09,153.479996,154.979996,153.179993,154.570007
2026-06-10,154.960007,155.130005,152.820007,152.850006
2026-06-11,153.460007,155.160004,152.860001,154.089996
2026-06-12,154.970001,155.160004,153.369995,153.809998
2026-06-15,153.710007,153.880005,151.770004,152.889999
2026-06-16,153.600006,153.720001,151.720001,152.940002
2026-06-17,152.050003,152.570007,149.970001,150.710007
2026-06-18,151.270004,151.270004,148.789993,149.399994
2026-06-22,149.330002,150.619995,149.059998,150.059998
2026-06-23,151.490005,152.429993,151.000000,152.179993
2026-06-24,153.130005,154.669998,152.460007,153.350006
2026-06-25,153.949997,157.210007,153.589996,155.630005
2026-06-26,156.320007,160.639999,156.179993,160.339996
2026-06-29,160.699997,161.089996,159.880005,160.740005
2026-06-30,161.009995,161.250000,157.960007,158.660004
2026-07-01,159.610001,159.960007,158.500000,159.539993
2026-07-02,160.669998,163.850006,160.380005,163.740005
2026-07-06,163.199997,163.449997,160.250000,161.960007
2026-07-07,164.750000,165.610001,163.880005,164.440002
2026-07-08,163.419998,163.990005,162.259995,162.300003
2026-07-09,161.800003,163.419998,161.360001,162.169998
2026-07-10,162.479996,162.660004,160.240005,160.839996
2026-07-13,160.970001,162.240005,160.320007,161.410004
2026-07-14,159.779999,160.080002,157.779999,158.289993
2026-07-15,157.380005,159.350006,157.250000,158.289993
2026-07-16,160.350006,162.639999,159.940002,161.800003
2026-07-17,161.809998,164.000000,160.880005,161.089996
2026-07-20,161.000000,161.490005,159.179993,159.250000
2026-07-21,157.529999,160.369995,157.229996,160.250000
2026-07-22,160.970001,160.970001,158.949997,159.429993
2026-07-23,159.899994,161.610001,159.320007,161.440002
2026-07-24,162.470001,163.250000,161.580002,162.570007
2026-07-27,163.009995,164.570007,162.350006,163.399994
2026-07-28,165.990005,168.529999,165.750000,167.259995
2026-07-29,167.149994,168.160004,165.770004,166.240005
2026-07-30,163.250000,163.949997,161.860001,163.520004
2026-07-31,162.309998,163.229996,160.729996,162.550003
2026-08-03,163.630005,164.729996,161.350006,162.240005
2026-08-04,162.000000,162.490005,160.970001,162.100006
2026-08-05,163.639999,165.350006,162.619995,164.160004
2026-08-06,166.139999,167.020004,163.029999,164.449997
2026-08-07,163.919998,165.770004,162.919998,165.679993
2026-08-10,165.679993,168.500000,165.550003,168.440002
2026-08-11,168.279999,169.660004,167.639999,168.009995
2026-08-12,166.419998,168.880005,165.759995,168.440002
2026-08-13,169.490005,169.710007,167.839996,168.380005
2026-08-14,167.660004,167.770004,166.449997,167.369995
2026-08-17,166.449997,167.869995,165.860001,167.050003
2026-08-18,168.669998,170.300003,168.449997,169.729996
2026-08-19,172.470001,176.600006,172.289993,175.679993
2026-08-20,174.190002,175.190002,172.339996,172.389999
2026-08-21,171.910004,175.600006,171.789993,174.619995
2026-08-24,174.410004,174.919998,173.330002,174.699997
2026-08-25,174.449997,175.820007,174.039993,175.289993
2026-08-26,174.330002,174.839996,173.449997,173.539993
2026-08-27,171.949997,173.110001,171.429993,171.580002
2026-08-28,171.429993,171.710007,170.589996,171.160004
2026-08-31,170.250000,170.979996,169.199997,170.539993
2026-09-01,172.619995,173.529999,171.029999,171.669998
2026-09-02,172.089996,174.479996,172.089996,172.949997
2026-09-03,174.070007,174.160004,171.380005,173.259995
2026-09-04,171.389999,172.529999,171.240005,171.449997
2026-09-08,168.289993,168.750000,166.940002,167.130005
2026-09-09,167.309998,167.410004,166.389999,166.580002
2026-09-10,166.500000,167.080002,165.580002,165.660004
2026-09-11,166.830002,167.130005,165.110001,165.360001
2026-09-14,168.009995,168.770004,167.029999,167.750000
2026-09-15,167.789993,168.199997,166.179993,167.660004
2026-09-16,167.750000,168.800003,167.410004,167.770004
2026-09-17,168.440002,169.100006,167.759995,168.809998
2026-09-18,168.270004,169.059998,167.779999,168.389999
2026-09-21,167.320007,169.529999,166.850006,169.009995
2026-09-22,168.789993,170.070007,167.869995,170.065002
