date,open,high,low,close
2019-01-02,48.660000,50.160000,48.395000,49.880001
2019-01-03,49.500000,49.619999,48.715000,48.799999
2019-01-04,49.459999,50.785000,49.360001,50.415001
2019-01-07,50.654999,51.884998,50.630001,51.555000
2019-01-08,52.090000,52.404999,51.384998,52.125000
2019-01-09,52.250000,52.619999,51.924999,52.389999
2019-01-10,51.740002,52.305000,51.529999,52.240002
2019-01-11,52.070000,52.459999,51.974998,52.290001
2019-01-14,51.875000,52.355000,51.619999,51.970001
2019-01-15,51.980000,52.540001,51.900002,52.439999
2019-01-16,52.459999,52.744999,52.290001,52.320000
2019-01-17,52.055000,52.830002,51.970001,52.674999
2019-01-18,53.200001,53.630001,53.020000,53.404999
2019-01-22,53.165001,53.290001,52.169998,52.605000
2019-01-23,52.834999,53.025002,52.110001,52.709999
2019-01-24,52.744999,52.985001,52.599998,52.930000
2019-01-25,53.470001,53.709999,53.384998,53.514999
2019-01-28,52.990002,53.209999,52.685001,53.205002
2019-01-29,53.060001,53.154999,52.535000,52.860001
2019-01-30,53.279999,54.055000,53.240002,53.900002
2019-01-31,53.980000,54.575001,53.735001,54.389999
2019-02-01,53.924999,54.125000,53.480000,53.595001
2019-02-04,53.520000,53.970001,53.445000,53.945000
2019-02-05,54.110001,54.540001,54.110001,54.450001
2019-02-06,54.465000,54.605000,54.009998,54.224998
2019-02-07,53.840000,53.970001,53.334999,53.779999
2019-02-08,53.445000,53.570000,53.180000,53.564999
2019-02-11,53.744999,53.875000,53.580002,53.660000
2019-02-12,54.005001,54.544998,53.910000,54.485001
2019-02-13,54.709999,54.974998,54.580002,54.855000
2019-02-14,54.419998,54.950001,54.154999,54.654999
2019-02-15,54.994999,55.145000,54.845001,55.029999
2019-02-19,54.860001,55.419998,54.860001,55.255001
2019-02-20,55.290001,55.494999,54.805000,55.365002
2019-02-21,55.235001,55.419998,55.044998,55.255001
2019-02-22,55.389999,55.580002,55.305000,55.555000
2019-02-25,55.884998,55.955002,55.340000,55.369999
2019-02-26,55.150002,55.525002,55.110001,55.445000
2019-02-27,55.384998,55.564999,55.035000,55.404999
2019-02-28,55.205002,55.259998,54.855000,55.105000
2019-03-01,55.555000,55.775002,55.185001,55.549999
2019-03-04,55.790001,55.884998,54.970001,55.375000
2019-03-05,55.570000,55.750000,55.430000,55.514999
2019-03-06,55.570000,55.805000,55.230000,55.255001
2019-03-07,55.134998,55.205002,54.410000,54.584999
2019-03-08,54.235001,54.235001,53.830002,54.205002
2019-03-11,54.389999,55.000000,54.369999,54.950001
2019-03-12,55.035000,55.185001,54.810001,55.105000
2019-03-13,55.264999,55.625000,55.200001,55.299999
2019-03-14,55.224998,55.255001,55.009998,55.134998
2019-03-15,55.220001,55.345001,54.915001,55.299999
2019-03-18,55.325001,55.880001,55.325001,55.834999
2019-03-19,56.029999,56.584999,55.889999,56.115002
2019-03-20,56.084999,56.470001,55.660000,56.195000
2019-03-21,56.119999,57.009998,56.119999,56.965000
2019-03-22,56.610001,56.820000,55.820000,55.834999
2019-03-25,55.715000,56.419998,55.660000,56.165001
2019-03-26,56.490002,56.785000,56.105000,56.404999
2019-03-27,56.450001,56.709999,55.955002,56.290001
2019-03-28,56.494999,56.865002,56.334999,56.630001
2019-03-29,56.915001,57.029999,56.775002,56.924999
2019-04-01,57.384998,57.570000,57.205002,57.549999
2019-04-02,57.540001,57.590000,57.349998,57.540001
2019-04-03,57.875000,58.160000,57.700001,57.945000
2019-04-04,57.990002,58.424999,57.990002,58.415001
2019-04-05,58.560001,58.810001,58.410000,58.759998
2019-04-08,58.645000,58.990002,58.575001,58.970001
2019-04-09,58.770000,58.770000,58.340000,58.439999
2019-04-10,58.580002,58.720001,58.305000,58.720001
2019-04-11,58.785000,58.820000,58.634998,58.794998
2019-04-12,59.000000,59.264999,58.895000,59.160000
2019-04-15,59.185001,59.310001,58.919998,59.279999
2019-04-16,59.459999,59.625000,59.415001,59.540001
2019-04-17,59.709999,59.880001,59.615002,59.654999
2019-04-18,59.779999,59.794998,59.455002,59.634998
2019-04-22,59.424999,59.610001,59.220001,59.410000
2019-04-23,59.595001,60.240002,59.549999,60.119999
2019-04-24,60.134998,60.450001,60.134998,60.174999
2019-04-25,60.125000,60.154999,59.610001,59.860001
2019-04-26,60.090000,60.334999,59.709999,60.334999
2019-04-29,60.360001,60.365002,60.025002,60.125000
2019-04-30,60.064999,60.084999,59.575001,60.035000
2019-05-01,60.134998,60.139999,59.305000,59.305000
2019-05-02,59.334999,59.590000,58.924999,59.349998
2019-05-03,59.910000,60.165001,59.730000,60.049999
2019-05-06,59.009998,59.785000,58.974998,59.685001
2019-05-07,59.320000,59.445000,58.349998,58.779999
2019-05-08,58.685001,59.150002,58.505001,58.799999
2019-05-09,58.345001,58.759998,57.889999,58.560001
2019-05-10,58.415001,58.900002,57.555000,58.645000
2019-05-13,57.459999,57.590000,56.715000,56.900002
2019-05-14,57.165001,57.755001,56.889999,57.474998
2019-05-15,57.119999,57.980000,57.009998,57.865002
2019-05-16,58.105000,58.744999,58.005001,58.400002
2019-05-17,57.904999,58.689999,57.904999,57.955002
2019-05-20,57.744999,57.744999,57.360001,57.544998
2019-05-21,57.715000,58.095001,57.514999,57.945000
2019-05-22,57.485001,57.935001,57.290001,57.349998
2019-05-23,56.895000,56.930000,56.365002,56.639999
2019-05-24,56.950001,57.044998,56.480000,56.715000
2019-05-28,56.875000,57.195000,56.305000,56.340000
2019-05-29,56.029999,56.080002,55.474998,55.840000
2019-05-30,56.025002,56.395000,56.014999,56.205002
2019-05-31,55.509998,55.740002,55.310001,55.470001
2019-06-03,55.334999,55.529999,54.715000,55.005001
2019-06-04,55.500000,56.514999,55.020000,56.494999
2019-06-05,56.820000,56.889999,56.215000,56.775002
2019-06-06,56.775002,57.205002,56.540001,57.064999
2019-06-07,57.314999,58.064999,57.224998,57.889999
2019-06-10,58.259998,58.900002,58.220001,58.380001
2019-06-11,58.845001,59.110001,58.360001,58.605000
2019-06-12,58.584999,58.814999,58.459999,58.590000
2019-06-13,58.805000,59.200001,58.770000,59.115002
2019-06-14,59.105000,59.365002,58.985001,59.244999
2019-06-17,59.355000,59.470001,59.200001,59.270000
2019-06-18,59.689999,60.110001,59.529999,59.720001
2019-06-19,59.779999,59.945000,59.375000,59.830002
2019-06-20,60.320000,60.395000,59.775002,60.244999
2019-06-21,59.970001,60.130001,59.755001,59.759998
2019-06-24,59.785000,59.860001,59.419998,59.439999
2019-06-25,59.560001,59.645000,58.779999,58.869999
2019-06-26,59.084999,59.294998,58.994999,59.060001
2019-06-27,59.264999,59.494999,59.165001,59.430000
2019-06-28,59.520000,59.724998,59.500000,59.599998
2019-07-01,60.355000,60.630001,59.869999,60.125000
2019-07-02,60.049999,60.285000,59.814999,60.255001
2019-07-03,60.435001,60.779999,60.320000,60.779999
2019-07-05,60.490002,60.904999,60.325001,60.849998
2019-07-08,60.660000,60.974998,60.599998,60.924999
2019-07-09,60.689999,61.070000,60.625000,60.990002
2019-07-10,61.255001,61.299999,60.884998,61.209999
2019-07-11,61.415001,61.529999,61.200001,61.334999
2019-07-12,61.505001,62.055000,61.505001,62.040001
2019-07-15,62.174999,62.270000,61.924999,62.240002
2019-07-16,62.150002,62.299999,61.965000,62.160000
2019-07-17,62.084999,62.174999,61.564999,61.564999
2019-07-18,61.439999,61.605000,61.075001,61.485001
2019-07-19,61.674999,61.759998,61.044998,61.080002
2019-07-22,61.185001,61.285000,60.880001,61.115002
2019-07-23,61.470001,61.529999,61.020000,61.529999
2019-07-24,61.270000,61.845001,61.259998,61.840000
2019-07-25,61.639999,61.820000,61.395000,61.494999
2019-07-26,61.584999,61.825001,61.380001,61.775002
2019-07-29,61.619999,61.724998,61.255001,61.474998
2019-07-30,61.055000,61.240002,60.959999,61.060001
2019-07-31,61.040001,61.070000,59.805000,60.360001
2019-08-01,60.474998,61.070000,59.325001,59.540001
2019-08-02,59.334999,59.419998,58.820000,59.049999
2019-08-05,58.049999,58.055000,57.044998,57.465000
2019-08-06,57.860001,58.415001,57.535000,58.340000
2019-08-07,57.730000,58.650002,57.424999,58.575001
2019-08-08,58.955002,59.715000,58.900002,59.705002
2019-08-09,59.525002,59.660000,58.810001,59.145000
2019-08-12,58.740002,58.775002,58.040001,58.285000
2019-08-13,58.200001,59.750000,58.005001,59.244999
2019-08-14,58.230000,58.325001,57.360001,57.389999
2019-08-15,57.740002,57.825001,56.814999,57.294998
2019-08-16,57.709999,58.060001,57.540001,57.945000
2019-08-19,58.740002,58.889999,58.494999,58.674999
2019-08-20,58.665001,59.060001,58.560001,58.689999
2019-08-21,59.669998,59.820000,59.529999,59.820000
2019-08-22,59.970001,60.130001,59.424999,59.834999
2019-08-23,59.375000,59.674999,58.000000,58.244999
2019-08-26,58.685001,58.825001,58.264999,58.820000
2019-08-27,59.049999,59.134998,58.445000,58.529999
2019-08-28,58.450001,59.305000,58.299999,59.259998
2019-08-29,59.939999,60.270000,59.755001,60.150002
2019-08-30,60.279999,60.404999,59.660000,59.790001
2019-09-03,59.505001,59.915001,59.290001,59.544998
2019-09-04,59.849998,60.189999,59.590000,60.134998
2019-09-05,60.700001,61.345001,60.700001,61.285000
2019-09-06,61.360001,61.590000,61.230000,61.435001
2019-09-09,61.645000,61.830002,61.439999,61.669998
2019-09-10,61.395000,61.474998,60.810001,61.424999
2019-09-11,61.410000,61.665001,61.139999,61.540001
2019-09-12,61.834999,62.195000,61.685001,61.834999
2019-09-13,61.990002,62.075001,61.660000,61.709999
2019-09-16,61.305000,61.355000,60.855000,60.919998
2019-09-17,60.814999,61.310001,60.654999,61.290001
2019-09-18,61.189999,61.340000,60.665001,61.259998
2019-09-19,61.389999,61.465000,61.070000,61.095001
2019-09-20,61.009998,61.165001,60.189999,60.195000
2019-09-23,60.035000,60.580002,59.955002,60.404999
2019-09-24,60.715000,60.889999,59.619999,59.759998
2019-09-25,60.000000,60.395000,59.529999,60.305000
2019-09-26,60.299999,60.445000,59.770000,60.044998
2019-09-27,60.240002,60.275002,59.514999,59.834999
2019-09-30,59.959999,60.430000,59.935001,60.349998
2019-10-01,60.490002,60.715000,59.825001,59.845001
2019-10-02,59.500000,59.500000,58.474998,58.770000
2019-10-03,58.695000,59.060001,57.980000,59.055000
2019-10-04,59.195000,59.650002,59.125000,59.610001
2019-10-07,59.445000,59.730000,59.189999,59.349998
2019-10-08,58.900002,59.369999,58.715000,58.724998
2019-10-09,59.139999,59.435001,58.965000,59.224998
2019-10-10,59.279999,59.825001,59.240002,59.619999
2019-10-11,60.235001,60.820000,60.224998,60.294998
2019-10-14,60.230000,60.384998,60.105000,60.264999
2019-10-15,60.459999,60.935001,60.419998,60.794998
2019-10-16,60.810001,61.105000,60.785000,61.044998
2019-10-17,61.369999,61.455002,61.090000,61.205002
2019-10-18,61.049999,61.285000,60.834999,61.084999
2019-10-21,61.395000,61.575001,61.130001,61.299999
2019-10-22,61.235001,61.250000,60.884998,60.910000
2019-10-23,60.840000,60.840000,60.180000,60.630001
2019-10-24,60.740002,60.794998,60.430000,60.599998
2019-10-25,59.860001,60.720001,59.720001,60.529999
2019-10-28,60.685001,60.875000,60.595001,60.720001
2019-10-29,60.730000,60.764999,60.355000,60.375000
2019-10-30,60.340000,60.755001,60.090000,60.750000
2019-10-31,60.744999,60.825001,60.145000,60.424999
2019-11-01,60.735001,60.845001,60.599998,60.825001
2019-11-04,61.005001,61.084999,60.750000,60.855000
2019-11-05,60.910000,61.080002,60.700001,60.945000
2019-11-06,61.014999,61.025002,60.730000,61.009998
2019-11-07,61.145000,61.215000,60.575001,60.645000
2019-11-08,60.750000,60.770000,60.430000,60.669998
2019-11-11,60.400002,60.564999,60.325001,60.544998
2019-11-12,60.590000,60.814999,60.380001,60.505001
2019-11-13,60.349998,60.459999,60.160000,60.314999
2019-11-14,60.360001,60.669998,60.275002,60.575001
2019-11-15,60.865002,60.919998,60.549999,60.685001
2019-11-18,60.700001,60.900002,60.525002,60.895000
2019-11-19,60.680000,60.715000,60.075001,60.224998
2019-11-20,60.389999,60.485001,59.799999,60.084999
2019-11-21,60.134998,60.244999,59.720001,59.744999
2019-11-22,59.980000,60.174999,59.860001,60.154999
2019-11-25,60.430000,60.695000,60.384998,60.685001
2019-11-26,60.665001,61.139999,60.615002,61.099998
2019-11-27,61.290001,61.650002,61.215000,61.625000
2019-11-29,61.665001,61.695000,61.160000,61.224998
2019-12-02,61.270000,61.330002,60.595001,60.720001
2019-12-03,60.180000,60.209999,59.775002,60.110001
2019-12-04,60.345001,60.660000,60.314999,60.445000
2019-12-05,60.669998,60.669998,60.255001,60.384998
2019-12-06,60.830002,61.020000,60.825001,60.869999
2019-12-09,60.825001,61.165001,60.750000,60.945000
2019-12-10,60.965000,61.080002,60.755001,60.840000
2019-12-11,60.794998,61.029999,60.680000,60.994999
2019-12-12,61.105000,61.680000,61.029999,61.529999
2019-12-13,61.525002,61.689999,61.270000,61.584999
2019-12-16,61.904999,62.000000,61.755001,61.855000
2019-12-17,61.959999,62.209999,61.935001,62.130001
2019-12-18,62.299999,62.355000,62.075001,62.189999
2019-12-19,62.145000,62.435001,62.060001,62.384998
2019-12-20,62.415001,62.415001,62.200001,62.275002
2019-12-23,62.410000,62.419998,62.130001,62.130001
2019-12-24,62.215000,62.345001,62.130001,62.270000
2019-12-26,62.455002,63.029999,62.389999,63.029999
2019-12-27,63.235001,63.365002,62.945000,63.025002
2019-12-30,63.080002,63.150002,62.485001,62.619999
2019-12-31,62.514999,62.740002,62.424999,62.709999
2020-01-02,63.105000,63.455002,62.860001,63.455002
2020-01-03,62.650002,63.099998,62.610001,62.915001
2020-01-06,62.455002,63.105000,62.375000,63.090000
2020-01-07,63.049999,63.134998,62.724998,62.990002
2020-01-08,62.935001,63.525002,62.875000,63.180000
2020-01-09,63.514999,63.744999,63.355000,63.514999
2020-01-10,63.595001,63.595001,63.105000,63.169998
2020-01-13,63.299999,63.470001,63.119999,63.369999
2020-01-14,63.270000,63.555000,63.169998,63.349998
2020-01-15,63.174999,63.424999,63.049999,63.205002
2020-01-16,63.570000,63.779999,63.514999,63.770000
2020-01-17,63.939999,64.084999,63.865002,63.994999
2020-01-21,63.669998,63.895000,63.459999,63.799999
2020-01-22,64.035004,64.264999,63.715000,63.770000
2020-01-23,63.445000,63.945000,63.119999,63.865002
2020-01-24,63.990002,64.025002,62.700001,62.974998
2020-01-27,61.615002,62.355000,61.494999,62.035000
2020-01-28,62.334999,62.875000,62.095001,62.639999
2020-01-29,62.845001,63.090000,62.560001,62.605000
2020-01-30,62.115002,62.564999,61.990002,62.500000
2020-01-31,63.779999,63.865002,62.529999,62.660000
2020-02-03,63.009998,63.884998,63.005001,63.105000
2020-02-04,64.029999,64.470001,63.884998,64.254997
2020-02-05,64.680000,64.760002,64.129997,64.580002
2020-02-06,64.724998,64.739998,64.434998,64.434998
2020-02-07,64.144997,64.459999,63.895000,64.154999
2020-02-10,64.105003,64.885002,64.105003,64.879997
2020-02-11,65.144997,65.669998,64.985001,65.389999
2020-02-12,65.714996,66.095001,65.705002,66.059998
2020-02-13,65.800003,66.190002,65.614998,65.945000
2020-02-14,66.070000,66.150002,65.665001,65.845001
2020-02-18,65.750000,66.055000,65.474998,65.839996
2020-02-19,66.074997,66.364998,66.040001,66.135002
2020-02-20,66.080002,66.339996,65.345001,66.160004
2020-02-21,65.870003,65.940002,64.980003,65.150002
2020-02-24,62.939999,63.520000,62.599998,62.910000
2020-02-25,63.459999,63.595001,61.084999,61.230000
2020-02-26,61.595001,62.165001,60.590000,60.744999
2020-02-27,59.500000,60.740002,58.259998,58.290001
2020-02-28,56.400002,58.000000,56.264999,57.915001
2020-03-02,58.090000,59.910000,57.275002,59.904999
2020-03-03,60.080002,60.869999,57.900002,58.455002
2020-03-04,59.369999,60.525002,58.724998,60.474998
2020-03-05,59.029999,59.415001,57.770000,58.220001
2020-03-06,56.445000,57.634998,56.084999,57.325001
2020-03-09,53.040001,55.349998,51.750000,53.715000
2020-03-10,55.605000,56.685001,53.685001,56.685001
2020-03-11,55.134998,55.410000,53.070000,53.584999
2020-03-12,49.535000,51.334999,47.625000,48.169998
2020-03-13,50.799999,51.185001,47.985001,51.150002
2020-03-16,45.525002,47.924999,44.320000,44.669998
2020-03-17,45.669998,47.365002,43.125000,46.389999
2020-03-18,43.410000,44.560001,40.869999,43.724998
2020-03-19,43.540001,46.529999,42.095001,45.250000
2020-03-20,45.779999,47.235001,43.830002,43.904999
2020-03-23,43.430000,44.654999,42.330002,43.764999
2020-03-24,46.169998,47.950001,45.974998,47.869999
2020-03-25,48.720001,50.535000,47.514999,48.709999
2020-03-26,49.240002,51.049999,49.005001,50.724998
2020-03-27,49.180000,50.320000,48.445000,49.025002
2020-03-30,49.320000,50.244999,48.465000,50.049999
2020-03-31,49.615002,50.345001,48.910000,49.040001
2020-04-01,47.174999,47.974998,46.435001,46.849998
2020-04-02,46.575001,47.740002,45.990002,47.025002
2020-04-03,46.740002,46.974998,45.615002,46.205002
2020-04-06,47.895000,50.314999,47.895000,50.049999
2020-04-07,52.365002,52.755001,50.685001,50.794998
2020-04-08,51.415001,52.605000,51.044998,52.395000
2020-04-09,53.150002,54.220001,52.825001,53.340000
2020-04-13,53.130001,53.525002,52.325001,53.325001
2020-04-14,54.439999,55.514999,54.185001,55.410000
2020-04-15,54.035000,54.570000,53.540001,54.195000
2020-04-16,54.419998,55.500000,53.900002,54.845001
2020-04-17,56.180000,56.599998,55.485001,56.465000
2020-04-20,55.849998,56.595001,55.384998,55.480000
2020-04-21,54.555000,54.915001,53.619999,54.040001
2020-04-22,55.044998,55.590000,54.735001,55.205002
2020-04-23,55.480000,56.009998,54.990002,55.189999
2020-04-24,55.759998,56.375000,55.250000,56.125000
2020-04-27,56.700001,57.544998,56.645000,57.174999
2020-04-28,58.244999,58.450001,57.110001,57.400002
2020-04-29,58.514999,59.105000,58.189999,58.665001
2020-04-30,58.240002,58.650002,57.700001,58.299999
2020-05-01,56.509998,56.970001,55.685001,56.119999
2020-05-04,55.380001,56.450001,55.060001,56.424999
2020-05-05,57.174999,57.345001,56.509998,56.630001
2020-05-06,57.000000,57.240002,56.540001,56.619999
2020-05-07,57.325001,57.794998,57.299999,57.509998
2020-05-08,58.244999,58.685001,57.924999,58.630001
2020-05-11,58.119999,58.980000,58.040001,58.500000
2020-05-12,58.750000,58.884998,57.189999,57.220001
2020-05-13,57.134998,57.459999,55.674999,56.235001
2020-05-14,55.544998,57.099998,55.029999,57.075001
2020-05-15,56.610001,57.750000,56.419998,57.740002
2020-05-18,59.320000,60.200001,59.259998,59.924999
2020-05-19,59.794998,60.705002,59.564999,59.709999
2020-05-20,60.695000,60.709999,60.115002,60.490002
2020-05-21,60.639999,61.035000,59.970001,60.705002
2020-05-22,60.680000,60.779999,60.150002,60.615002
2020-05-26,62.220001,62.375000,61.485001,61.575001
2020-05-27,62.310001,62.639999,61.049999,62.630001
2020-05-28,62.814999,63.040001,61.705002,61.869999
2020-05-29,61.849998,62.320000,61.375000,62.095001
2020-06-01,62.169998,62.910000,62.119999,62.685001
2020-06-02,62.965000,63.220001,62.639999,63.220001
2020-06-03,63.529999,64.614998,63.529999,64.415001
2020-06-04,64.264999,64.654999,63.750000,64.089996
2020-06-05,65.614998,65.995003,65.290001,65.625000
2020-06-08,66.004997,66.650002,66.004997,66.625000
2020-06-09,66.040001,66.474998,65.620003,66.105003
2020-06-10,66.364998,66.375000,65.415001,65.485001
2020-06-11,63.384998,64.330002,61.904999,62.055000
2020-06-12,63.720001,63.939999,61.400002,62.669998
2020-06-15,61.294998,63.465000,60.959999,63.264999
2020-06-16,65.190002,65.269997,63.294998,64.595001
2020-06-17,64.864998,65.084999,64.264999,64.425003
2020-06-18,64.175003,64.535004,63.900002,64.190002
2020-06-19,64.995003,65.120003,63.485001,63.689999
2020-06-22,63.435001,64.250000,63.150002,64.195000
2020-06-23,64.885002,65.105003,64.504997,64.699997
2020-06-24,64.315002,64.544998,62.490002,63.275002
2020-06-25,63.009998,63.430000,62.384998,63.360001
2020-06-26,63.340000,63.474998,61.770000,61.875000
2020-06-29,62.150002,63.099998,61.465000,63.049999
2020-06-30,63.000000,64.144997,62.805000,63.855000
2020-07-01,63.945000,64.764999,63.895000,64.500000
2020-07-02,65.470001,65.824997,64.589996,64.754997
2020-07-06,65.720001,66.320000,65.555000,66.290001
2020-07-07,65.980003,66.190002,65.139999,65.250000
2020-07-08,65.364998,65.959999,65.059998,65.945000
2020-07-09,66.175003,66.220001,64.809998,65.870003
2020-07-10,65.910004,66.705002,65.474998,66.654999
2020-07-13,67.254997,68.250000,65.625000,65.809998
2020-07-14,65.485001,66.504997,64.714996,66.464996
2020-07-15,67.400002,67.614998,66.459999,67.415001
2020-07-16,66.870003,67.425003,66.639999,67.235001
2020-07-17,67.495003,67.495003,66.680000,66.919998
2020-07-20,66.970001,68.165001,66.805000,67.989998
2020-07-21,68.519997,68.614998,67.845001,68.095001
2020-07-22,67.980003,68.720001,67.915001,68.680000
2020-07-23,68.754997,68.754997,67.184998,67.650002
2020-07-24,67.269997,68.065002,66.934998,67.769997
2020-07-27,68.059998,68.345001,67.699997,68.190002
2020-07-28,68.055000,68.330002,67.415001,67.514999
2020-07-29,67.959999,68.345001,67.855003,68.199997
2020-07-30,67.709999,68.474998,67.315002,68.144997
2020-07-31,68.985001,69.105003,67.745003,68.500000
2020-08-03,68.720001,68.739998,68.269997,68.355003
2020-08-04,68.220001,68.925003,68.209999,68.904999
2020-08-05,69.175003,69.779999,69.065002,69.745003
2020-08-06,69.495003,70.235001,69.394997,70.084999
2020-08-07,70.089996,70.400002,69.680000,70.190002
2020-08-10,70.440002,71.110001,70.330002,71.029999
2020-08-11,71.434998,71.834999,70.724998,70.889999
2020-08-12,71.589996,71.980003,71.315002,71.830002
2020-08-13,71.764999,72.230003,71.650002,71.800003
2020-08-14,71.800003,71.955002,71.485001,71.794998
2020-08-17,72.385002,72.809998,72.070000,72.720001
2020-08-18,73.000000,73.330002,72.455002,73.169998
2020-08-19,73.455002,73.474998,72.720001,72.824997
2020-08-20,72.385002,72.925003,72.199997,72.714996
2020-08-21,72.639999,73.129997,72.625000,73.089996
2020-08-24,73.589996,74.230003,73.584999,74.199997
2020-08-25,74.375000,74.449997,73.839996,74.445000
2020-08-26,74.449997,75.300003,74.379997,75.180000
2020-08-27,75.459999,75.510002,74.495003,74.775002
2020-08-28,75.160004,75.400002,74.870003,75.264999
2020-08-31,75.254997,75.480003,74.945000,75.044998
2020-09-01,75.114998,75.875000,75.010002,75.830002
2020-09-02,76.355003,77.070000,75.919998,76.879997
2020-09-03,76.660004,76.714996,73.724998,74.440002
2020-09-04,74.680000,75.105003,71.809998,73.580002
2020-09-08,72.370003,73.635002,72.025002,72.614998
2020-09-09,73.294998,74.535004,72.870003,73.985001
2020-09-10,74.355003,75.139999,72.684998,72.925003
2020-09-11,73.419998,73.754997,72.345001,73.035004
2020-09-14,73.845001,74.379997,73.519997,73.809998
2020-09-15,74.275002,74.669998,74.029999,74.415001
2020-09-16,74.724998,75.014999,73.964996,74.000000
2020-09-17,72.919998,73.434998,72.349998,72.959999
2020-09-18,73.190002,73.220001,71.345001,71.945000
2020-09-21,70.644997,70.834999,69.514999,70.754997
2020-09-22,71.190002,72.315002,70.955002,72.250000
2020-09-23,73.000000,73.135002,70.919998,71.065002
2020-09-24,70.739998,72.029999,70.199997,71.035004
2020-09-25,71.014999,72.205002,70.519997,71.959999
2020-09-28,72.904999,73.635002,72.610001,73.464996
2020-09-29,73.430000,73.480003,72.845001,72.894997
2020-09-30,73.114998,74.360001,73.025002,73.489998
2020-10-01,74.214996,74.514999,73.745003,74.449997
2020-10-02,73.059998,74.385002,73.029999,74.135002
2020-10-05,74.529999,75.199997,74.464996,75.114998
2020-10-06,75.184998,75.525002,73.605003,73.724998
2020-10-07,74.620003,75.589996,74.620003,75.410004
2020-10-08,75.900002,75.955002,75.349998,75.904999
2020-10-09,76.300003,76.875000,76.205002,76.695000
2020-10-12,77.230003,78.070000,77.120003,77.714996
2020-10-13,77.555000,78.050003,77.294998,77.699997
2020-10-14,77.864998,77.945000,76.495003,76.839996
2020-10-15,75.849998,77.269997,75.625000,77.125000
2020-10-16,77.470001,77.839996,76.190002,76.425003
2020-10-19,76.925003,77.230003,75.300003,75.485001
2020-10-20,75.925003,77.029999,75.720001,76.089996
2020-10-21,76.004997,76.535004,75.449997,75.675003
2020-10-22,75.665001,75.915001,74.849998,75.830002
2020-10-23,76.139999,76.504997,75.555000,76.495003
2020-10-26,75.714996,76.025002,73.959999,75.025002
2020-10-27,75.224998,75.449997,74.779999,74.989998
2020-10-28,73.644997,74.014999,72.540001,72.620003
2020-10-29,72.830002,73.919998,72.309998,73.080002
2020-10-30,72.514999,72.775002,70.870003,71.485001
2020-11-02,72.419998,72.675003,71.205002,71.995003
2020-11-03,72.760002,73.995003,72.389999,73.580002
2020-11-04,74.449997,76.040001,74.300003,75.144997
2020-11-05,76.464996,77.074997,76.129997,76.610001
2020-11-06,76.385002,76.514999,75.730003,76.379997
2020-11-09,79.019997,79.019997,76.035004,76.129997
2020-11-10,76.055000,76.235001,75.055000,75.860001
2020-11-11,76.345001,76.885002,76.055000,76.525002
2020-11-12,76.525002,76.535004,75.070000,75.500000
2020-11-13,75.934998,76.855003,75.824997,76.724998
2020-11-16,77.500000,77.754997,76.915001,77.730003
2020-11-17,77.455002,77.754997,76.815002,77.400002
2020-11-18,77.360001,77.980003,76.849998,76.870003
2020-11-19,76.855003,77.324997,76.690002,77.250000
2020-11-20,77.324997,77.379997,76.820000,76.845001
2020-11-23,77.269997,77.894997,77.065002,77.690002
2020-11-24,78.425003,79.105003,78.199997,78.845001
2020-11-25,78.785004,79.070000,78.565002,78.940002
2020-11-27,79.300003,79.394997,78.870003,79.110001
2020-11-30,78.989998,79.029999,77.605003,78.629997
2020-12-01,79.245003,79.580002,78.745003,79.214996
2020-12-02,78.904999,78.904999,78.385002,78.720001
2020-12-03,78.739998,79.375000,78.739998,78.940002
2020-12-04,79.099998,79.214996,78.860001,79.014999
2020-12-07,78.839996,78.875000,78.434998,78.834999
2020-12-08,78.455002,78.720001,78.059998,78.669998
2020-12-09,79.184998,79.224998,78.260002,78.595001
2020-12-10,78.290001,78.860001,77.964996,78.525002
2020-12-11,78.235001,78.514999,77.614998,78.150002
2020-12-14,78.860001,79.309998,78.239998,78.264999
2020-12-15,78.955002,79.334999,78.595001,79.320000
2020-12-16,79.464996,80.040001,79.434998,79.839996
2020-12-17,80.250000,80.400002,80.019997,80.385002
2020-12-18,80.519997,80.565002,79.639999,79.995003
2020-12-21,78.699997,79.404999,78.135002,78.945000
2020-12-22,78.815002,78.849998,77.915001,78.605003
2020-12-23,78.620003,79.025002,78.285004,78.775002
2020-12-24,78.849998,79.059998,78.605003,78.940002
2020-12-28,79.709999,80.160004,79.300003,79.839996
2020-12-29,80.120003,80.264999,79.489998,79.864998
2020-12-30,80.150002,80.464996,80.065002,80.345001
2020-12-31,80.355003,80.489998,79.964996,80.389999
2021-01-04,80.889999,80.945000,78.720001,79.709999
2021-01-05,79.250000,80.529999,79.224998,80.305000
2021-01-06,80.394997,82.004997,80.074997,81.125000
2021-01-07,81.860001,83.014999,81.830002,82.690002
2021-01-08,83.669998,84.480003,83.144997,84.394997
2021-01-11,83.410004,83.750000,82.595001,82.820000
2021-01-12,83.254997,84.400002,83.154999,84.084999
2021-01-13,84.175003,84.404999,83.660004,84.080002
2021-01-14,84.175003,84.584999,83.445000,83.544998
2021-01-15,83.410004,83.669998,82.570000,82.900002
2021-01-19,83.605003,83.739998,83.044998,83.370003
2021-01-20,84.154999,85.184998,83.894997,84.945000
2021-01-21,85.394997,85.894997,85.245003,85.339996
2021-01-22,84.889999,85.205002,84.555000,85.050003
2021-01-25,85.269997,85.980003,83.669998,85.364998
2021-01-26,85.660004,85.739998,84.989998,85.309998
2021-01-27,84.345001,84.394997,82.264999,82.680000
2021-01-28,82.290001,83.760002,81.805000,82.940002
2021-01-29,82.459999,82.644997,80.544998,81.004997
2021-02-01,81.945000,83.199997,81.445000,83.110001
2021-02-02,83.754997,85.434998,83.745003,84.875000
2021-02-03,85.150002,85.235001,84.339996,84.400002
2021-02-04,84.790001,85.300003,84.529999,85.300003
2021-02-05,85.599998,86.404999,85.430000,86.114998
2021-02-08,86.675003,86.730003,86.074997,86.605003
2021-02-09,86.330002,86.540001,86.019997,86.125000
2021-02-10,86.404999,86.404999,84.625000,85.275002
2021-02-11,85.500000,85.794998,84.629997,85.040001
2021-02-12,84.669998,85.199997,84.430000,85.160004
2021-02-16,85.324997,85.434998,84.555000,84.790001
2021-02-17,84.275002,85.364998,83.849998,85.279999
2021-02-18,84.385002,85.580002,84.324997,85.305000
2021-02-19,85.690002,85.690002,84.695000,84.809998
2021-02-22,84.000000,84.294998,82.945000,83.019997
2021-02-23,81.550003,82.894997,79.529999,82.474998
2021-02-24,82.370003,83.449997,81.489998,83.339996
2021-02-25,82.750000,83.209999,79.839996,80.239998
2021-02-26,81.269997,81.639999,79.504997,80.574997
2021-03-01,81.574997,82.610001,81.419998,82.464996
2021-03-02,82.580002,82.760002,81.474998,81.514999
2021-03-03,81.355003,81.680000,79.599998,79.599998
2021-03-04,79.629997,80.150002,76.419998,77.915001
2021-03-05,78.504997,78.639999,74.824997,78.410004
2021-03-08,78.724998,80.110001,78.370003,78.504997
2021-03-09,80.065002,82.000000,79.654999,81.470001
2021-03-10,82.540001,82.995003,81.305000,81.885002
2021-03-11,83.000000,83.459999,82.510002,83.139999
2021-03-12,82.260002,83.389999,82.029999,83.385002
2021-03-15,83.500000,84.529999,83.209999,84.504997
2021-03-16,84.504997,84.665001,83.245003,83.629997
2021-03-17,83.004997,85.099998,82.915001,84.805000
2021-03-18,84.010002,84.379997,82.589996,82.730003
2021-03-19,82.635002,83.400002,81.769997,83.224998
2021-03-22,83.680000,84.355003,83.330002,83.639999
2021-03-23,83.644997,84.004997,82.639999,82.855003
2021-03-24,83.239998,83.684998,81.629997,81.629997
2021-03-25,80.845001,82.620003,80.675003,82.345001
2021-03-26,82.669998,83.089996,81.584999,83.029999
2021-03-29,82.815002,83.235001,81.970001,82.574997
2021-03-30,82.214996,83.510002,81.885002,83.385002
2021-03-31,83.739998,84.489998,83.514999,84.035004
2021-04-01,84.794998,84.849998,84.425003,84.709999
2021-04-05,86.059998,86.955002,85.900002,86.635002
2021-04-06,86.555000,87.349998,86.495003,87.010002
2021-04-07,86.959999,87.269997,86.599998,86.750000
2021-04-08,87.235001,87.360001,86.599998,87.160004
2021-04-09,87.080002,88.010002,86.985001,87.989998
2021-04-12,87.985001,88.639999,87.910004,88.555000
2021-04-13,88.705002,89.665001,88.584999,89.489998
2021-04-14,89.690002,90.080002,88.425003,88.610001
2021-04-15,89.230003,89.300003,88.745003,89.245003
2021-04-16,89.459999,90.055000,89.220001,89.934998
2021-04-19,89.440002,89.525002,88.644997,88.925003
2021-04-20,88.610001,88.815002,87.150002,87.805000
2021-04-21,87.474998,89.070000,87.300003,88.974998
2021-04-22,89.084999,89.214996,87.665001,87.989998
2021-04-23,88.275002,89.275002,87.989998,88.910004
2021-04-26,89.209999,89.584999,88.720001,89.300003
2021-04-27,89.345001,89.555000,88.995003,89.195000
2021-04-28,89.084999,89.570000,88.885002,89.089996
2021-04-29,89.654999,89.709999,88.324997,89.114998
2021-04-30,89.010002,89.745003,88.940002,89.459999
2021-05-03,89.945000,89.989998,88.915001,89.035004
2021-05-04,88.370003,88.510002,87.004997,88.105003
2021-05-05,88.724998,88.724998,87.680000,87.830002
2021-05-06,88.019997,88.150002,87.180000,88.019997
2021-05-07,88.364998,89.050003,87.904999,88.809998
2021-05-10,88.839996,88.839996,87.220001,87.230003
2021-05-11,85.764999,86.574997,84.904999,86.245003
2021-05-12,85.260002,85.665001,83.139999,83.324997
2021-05-13,83.904999,84.724998,83.010002,83.915001
2021-05-14,84.709999,85.555000,84.470001,85.370003
2021-05-17,85.114998,85.415001,84.455002,85.214996
2021-05-18,85.404999,85.790001,84.540001,84.550003
2021-05-19,83.169998,83.885002,82.745003,83.839996
2021-05-20,84.254997,84.885002,84.144997,84.699997
2021-05-21,85.264999,85.264999,84.239998,84.275002
2021-05-24,84.730003,85.510002,84.440002,85.110001
2021-05-25,85.495003,85.769997,84.845001,85.379997
2021-05-26,85.785004,86.559998,85.699997,86.195000
2021-05-27,86.514999,86.735001,86.250000,86.540001
2021-05-28,86.900002,86.900002,86.214996,86.419998
2021-06-01,86.934998,86.995003,86.099998,86.254997
2021-06-02,86.334999,86.345001,85.535004,85.855003
2021-06-03,85.305000,85.535004,84.690002,84.834999
2021-06-04,85.305000,85.589996,85.065002,85.514999
2021-06-07,85.449997,85.565002,84.864998,85.514999
2021-06-08,86.084999,86.480003,85.620003,86.205002
2021-06-09,86.445000,86.500000,85.695000,85.730003
2021-06-10,85.885002,86.290001,85.625000,86.135002
2021-06-11,86.279999,86.614998,86.139999,86.605003
2021-06-14,86.610001,86.794998,86.125000,86.629997
2021-06-15,86.639999,86.639999,85.870003,86.169998
2021-06-16,86.245003,86.415001,85.464996,86.209999
2021-06-17,86.000000,86.845001,85.800003,86.535004
2021-06-18,85.900002,86.415001,85.690002,86.080002
2021-06-21,86.230003,86.834999,85.995003,86.614998
2021-06-22,86.680000,87.779999,86.620003,87.430000
2021-06-23,87.599998,88.279999,87.555000,88.105003
2021-06-24,88.775002,88.970001,88.230003,88.404999
2021-06-25,89.324997,89.375000,88.775002,88.964996
2021-06-28,88.974998,89.065002,88.514999,88.985001
2021-06-29,89.040001,89.389999,88.945000,89.205002
2021-06-30,89.105003,89.680000,89.105003,89.275002
2021-07-01,89.495003,89.800003,89.419998,89.779999
2021-07-02,90.000000,90.584999,89.915001,90.570000
2021-07-06,90.705002,90.940002,89.855003,90.675003
2021-07-07,90.919998,91.144997,89.985001,90.625000
2021-07-08,89.214996,90.699997,88.820000,90.400002
2021-07-09,90.790001,91.305000,90.684998,91.245003
2021-07-12,91.349998,91.894997,91.279999,91.870003
2021-07-13,91.690002,91.839996,90.695000,90.769997
2021-07-14,91.269997,91.375000,90.555000,90.605003
2021-07-15,90.445000,90.855003,89.485001,90.114998
2021-07-16,90.385002,90.489998,88.934998,89.004997
2021-07-19,87.570000,88.004997,86.885002,87.985001
2021-07-20,88.245003,89.845001,87.809998,89.610001
2021-07-21,89.940002,90.485001,89.915001,90.434998
2021-07-22,90.360001,90.930000,89.904999,90.824997
2021-07-23,91.135002,91.785004,90.919998,91.635002
2021-07-26,91.684998,92.324997,91.449997,92.315002
2021-07-27,92.254997,92.254997,90.400002,91.379997
2021-07-28,91.275002,91.599998,90.650002,91.084999
2021-07-29,91.495003,92.345001,91.434998,92.110001
2021-07-30,90.214996,91.050003,90.044998,90.214996
2021-08-02,90.949997,91.190002,90.379997,90.474998
2021-08-03,90.845001,91.169998,90.044998,91.144997
2021-08-04,90.949997,91.089996,90.260002,90.260002
2021-08-05,90.535004,91.190002,90.464996,91.125000
2021-08-06,91.250000,91.305000,90.404999,90.504997
2021-08-09,90.525002,90.599998,90.160004,90.379997
2021-08-10,90.480003,91.074997,90.279999,90.735001
2021-08-11,90.934998,91.135002,90.599998,91.000000
2021-08-12,90.940002,91.084999,90.309998,91.040001
2021-08-13,91.099998,91.150002,90.595001,90.779999
2021-08-16,90.250000,90.430000,89.404999,90.360001
2021-08-17,89.220001,89.220001,87.474998,88.214996
2021-08-18,88.190002,89.440002,88.084999,88.529999
2021-08-19,87.769997,88.599998,87.434998,87.964996
2021-08-20,88.105003,88.910004,88.025002,88.809998
2021-08-23,89.285004,90.160004,89.195000,89.955002
2021-08-24,90.334999,90.849998,90.175003,90.589996
2021-08-25,90.589996,91.055000,90.419998,90.940002
2021-08-26,90.629997,90.675003,89.915001,90.099998
2021-08-27,90.300003,91.080002,90.150002,90.919998
2021-08-30,91.180000,91.915001,91.125000,91.605003
2021-08-31,91.690002,91.870003,91.309998,91.824997
2021-09-01,92.139999,92.309998,91.754997,91.820000
2021-09-02,92.065002,92.349998,91.675003,91.815002
2021-09-03,91.574997,91.785004,91.180000,91.760002
2021-09-07,91.800003,92.250000,91.760002,92.029999
2021-09-08,92.004997,92.355003,91.379997,92.135002
2021-09-09,92.205002,92.779999,91.980003,92.014999
2021-09-10,92.504997,92.589996,91.410004,91.449997
2021-09-13,91.860001,91.934998,90.775002,91.675003
2021-09-14,91.849998,91.970001,90.989998,91.370003
2021-09-15,91.160004,92.110001,90.489998,91.959999
2021-09-16,91.769997,92.610001,91.599998,92.379997
2021-09-17,92.269997,92.800003,91.845001,92.055000
2021-09-20,90.175003,90.639999,88.690002,89.820000
2021-09-21,90.360001,90.684998,89.669998,89.955002
2021-09-22,90.514999,91.599998,90.309998,91.180000
2021-09-23,91.570000,92.500000,91.570000,92.105003
2021-09-24,91.514999,92.529999,91.404999,92.449997
2021-09-27,92.080002,93.195000,92.044998,92.945000
2021-09-28,92.394997,92.535004,90.665001,91.154999
2021-09-29,91.464996,92.160004,91.025002,91.245003
2021-09-30,91.260002,91.330002,89.724998,89.724998
2021-10-01,90.180000,90.824997,89.250000,90.400002
2021-10-04,90.675003,90.940002,89.379997,89.684998
2021-10-05,89.995003,90.875000,89.785004,90.044998
2021-10-06,89.485001,90.434998,89.120003,90.330002
2021-10-07,91.110001,92.080002,91.014999,91.735001
2021-10-08,91.769997,91.855003,91.230003,91.315002
2021-10-11,91.279999,92.000000,90.940002,90.945000
2021-10-12,91.500000,92.035004,91.250000,91.665001
2021-10-13,91.945000,92.364998,91.389999,92.114998
2021-10-14,92.650002,93.230003,92.550003,93.080002
2021-10-15,93.660004,94.544998,93.519997,94.504997
2021-10-18,94.305000,95.724998,94.285004,95.660004
2021-10-19,95.885002,95.885002,95.290001,95.389999
2021-10-20,95.389999,95.745003,95.154999,95.320000
2021-10-21,95.160004,96.775002,95.154999,96.720001
2021-10-22,96.660004,96.904999,95.949997,96.375000
2021-10-25,97.214996,99.184998,96.824997,98.764999
2021-10-26,99.195000,100.805000,98.389999,98.779999
2021-10-27,99.235001,99.934998,98.970001,99.000000
2021-10-28,99.830002,100.610001,99.550003,100.315002
2021-10-29,99.169998,100.629997,98.894997,100.574997
2021-11-01,101.315002,102.440002,100.709999,102.419998
2021-11-02,101.540001,102.349998,101.214996,101.730003
2021-11-03,101.705002,103.625000,101.610001,103.559998
2021-11-04,104.059998,105.360001,103.930000,104.955002
2021-11-05,105.620003,106.349998,105.529999,105.629997
2021-11-08,104.504997,105.410004,104.095001,104.135002
2021-11-09,104.510002,104.639999,101.915001,102.209999
2021-11-10,101.544998,103.264999,100.535004,101.830002
2021-11-11,102.915001,102.925003,101.510002,101.555000
2021-11-12,101.584999,102.025002,100.930000,101.894997
2021-11-15,101.970001,102.165001,101.224998,101.809998
2021-11-16,101.940002,103.650002,101.919998,103.415001
2021-11-17,103.855003,104.705002,103.654999,104.074997
2021-11-18,104.614998,105.430000,104.065002,105.254997
2021-11-19,105.254997,105.995003,105.040001,105.709999
2021-11-22,106.389999,107.529999,105.010002,105.445000
2021-11-23,105.540001,106.120003,103.245003,104.680000
2021-11-24,103.574997,105.214996,103.025002,104.894997
2021-11-26,103.160004,103.514999,101.864998,102.035004
2021-11-29,103.375000,104.445000,103.114998,103.620003
2021-11-30,103.385002,104.040001,101.675003,102.220001
2021-12-01,103.375000,104.375000,100.305000,100.375000
2021-12-02,100.915001,102.285004,100.285004,101.805000
2021-12-03,102.184998,102.485001,98.800003,99.824997
2021-12-06,100.224998,101.875000,98.830002,100.964996
2021-12-07,102.644997,103.650002,102.394997,103.320000
2021-12-08,103.394997,103.754997,102.769997,103.580002
2021-12-09,103.160004,103.320000,101.750000,101.785004
2021-12-10,102.275002,102.529999,101.050003,102.495003
2021-12-13,101.900002,102.070000,99.589996,99.855003
2021-12-14,98.750000,99.559998,98.175003,99.275002
2021-12-15,98.925003,100.584999,97.599998,100.535004
2021-12-16,101.025002,101.205002,98.184998,98.315002
2021-12-17,97.495003,98.820000,96.824997,97.644997
2021-12-20,95.940002,96.139999,94.949997,95.925003
2021-12-21,96.949997,98.434998,96.199997,98.410004
2021-12-22,98.730003,100.309998,98.555000,100.205002
2021-12-23,100.330002,101.864998,100.180000,101.595001
2021-12-27,101.785004,102.894997,101.739998,102.584999
2021-12-28,102.815002,103.175003,102.455002,102.629997
2021-12-29,102.879997,103.089996,102.184998,102.834999
2021-12-30,102.485001,103.364998,102.375000,102.464996
2021-12-31,102.544998,102.904999,102.150002,102.220001
2022-01-03,104.144997,105.165001,103.550003,105.154999
2022-01-04,105.330002,105.904999,103.945000,104.514999
2022-01-05,104.375000,104.695000,101.644997,101.695000
2022-01-06,101.555000,102.144997,99.830002,101.430000
2022-01-07,101.580002,101.839996,99.415001,99.739998
2022-01-10,98.430000,99.180000,96.290001,99.129997
2022-01-11,98.985001,100.285004,98.224998,100.084999
2022-01-12,100.790001,101.260002,99.885002,100.745003
2022-01-13,101.074997,101.565002,98.480003,98.720001
2022-01-14,97.934998,98.714996,96.845001,98.260002
2022-01-18,96.870003,97.334999,96.044998,96.400002
2022-01-19,96.820000,97.135002,94.584999,94.660004
2022-01-20,95.239998,96.430000,92.769997,92.934998
2022-01-21,92.625000,93.014999,90.169998,90.209999
2022-01-24,88.339996,91.385002,86.025002,91.294998
2022-01-25,89.739998,91.129997,88.489998,89.750000
2022-01-26,91.644997,92.464996,88.169998,89.315002
2022-01-27,90.144997,90.294998,86.959999,87.150002
2022-01-28,87.455002,89.050003,85.739998,89.050003
2022-01-31,89.500000,92.544998,89.150002,92.474998
2022-02-01,92.654999,93.205002,91.175003,93.035004
2022-02-02,93.644997,93.764999,91.599998,92.480003
2022-02-03,90.324997,91.754997,89.459999,89.650002
2022-02-04,91.635002,93.300003,90.334999,92.199997
2022-02-07,92.519997,93.544998,91.669998,92.010002
2022-02-08,91.739998,93.504997,91.264999,93.305000
2022-02-09,94.474998,95.084999,94.150002,94.540001
2022-02-10,92.870003,94.735001,92.315002,92.910004
2022-02-11,93.004997,93.349998,89.834999,90.239998
2022-02-14,90.125000,91.940002,89.894997,90.754997
2022-02-15,92.190002,92.870003,92.000000,92.785004
2022-02-16,92.224998,93.309998,91.809998,93.050003
2022-02-17,92.455002,92.894997,90.430000,90.559998
2022-02-18,90.800003,91.089996,89.105003,90.000000
2022-02-22,88.739998,89.610001,86.324997,87.375000
2022-02-23,88.059998,88.290001,84.300003,84.455002
2022-02-24,80.985001,86.519997,80.745003,86.385002
2022-02-25,86.644997,88.110001,85.480003,88.095001
2022-02-28,87.230003,89.099998,87.074997,88.714996
2022-03-01,88.584999,88.855003,86.764999,87.370003
2022-03-02,87.684998,89.595001,87.470001,89.205002
2022-03-03,89.660004,89.815002,86.764999,87.184998
2022-03-04,86.690002,86.900002,84.910004,85.800003
2022-03-07,86.010002,86.205002,81.559998,81.595001
2022-03-08,81.500000,84.360001,80.855003,81.764999
2022-03-09,83.940002,84.875000,83.559998,84.394997
2022-03-10,84.375000,85.269997,83.660004,84.995003
2022-03-11,85.669998,85.910004,83.294998,83.360001
2022-03-14,83.264999,83.934998,81.459999,81.970001
2022-03-15,82.570000,84.955002,82.364998,84.714996
2022-03-16,85.695000,87.605003,84.875000,87.605003
2022-03-17,86.834999,89.089996,86.599998,89.065002
2022-03-18,88.815002,91.050003,88.389999,90.940002
2022-03-21,90.894997,91.445000,89.209999,90.040001
2022-03-22,90.629997,92.574997,90.570000,92.275002
2022-03-23,91.514999,92.675003,90.934998,91.129997
2022-03-24,91.544998,91.945000,90.519997,91.839996
2022-03-25,91.959999,92.150002,90.839996,91.680000
2022-03-28,92.644997,94.150002,92.519997,94.125000
2022-03-29,95.370003,96.095001,94.525002,95.764999
2022-03-30,95.000000,95.500000,93.839996,94.309998
2022-03-31,94.290001,94.290001,92.415001,92.500000
2022-04-01,93.004997,93.235001,92.105003,92.614998
2022-04-04,92.654999,94.724998,92.035004,94.695000
2022-04-05,94.214996,94.699997,92.205002,92.474998
2022-04-06,91.220001,91.220001,89.279999,90.114998
2022-04-07,89.919998,91.065002,88.705002,90.574997
2022-04-08,90.019997,90.820000,89.445000,89.739998
2022-04-11,88.389999,89.769997,87.980003,88.074997
2022-04-12,89.305000,90.235001,87.919998,88.269997
2022-04-13,88.089996,90.620003,88.000000,90.464996
2022-04-14,90.294998,90.794998,89.135002,89.199997
2022-04-18,88.904999,89.985001,88.555000,89.470001
2022-04-19,89.519997,92.195000,89.445000,92.065002
2022-04-20,92.245003,92.489998,90.735001,90.879997
2022-04-21,93.364998,93.940002,89.714996,90.000000
2022-04-22,89.805000,90.139999,87.820000,87.910004
2022-04-25,87.139999,88.620003,86.620003,88.544998
2022-04-26,87.889999,88.025002,84.029999,84.065002
2022-04-27,84.599998,85.864998,83.550003,84.074997
2022-04-28,85.224998,86.665001,83.099998,85.800003
2022-04-29,83.930000,84.680000,81.279999,81.440002
2022-05-02,81.190002,82.690002,80.070000,82.629997
2022-05-03,82.589996,82.955002,81.714996,82.425003
2022-05-04,82.294998,84.930000,80.940002,84.845001
2022-05-05,83.709999,83.764999,79.139999,80.089996
2022-05-06,79.644997,80.430000,77.684998,79.074997
2022-05-09,77.349998,78.430000,75.285004,75.705002
2022-05-10,77.300003,77.754997,74.419998,75.480003
2022-05-11,75.309998,76.074997,72.570000,72.775002
2022-05-12,71.504997,74.995003,71.014999,73.275002
2022-05-13,74.934998,76.514999,74.360001,76.160004
2022-05-16,75.855003,75.910004,74.330002,74.514999
2022-05-17,76.000000,76.430000,74.474998,76.394997
2022-05-18,74.315002,74.315002,70.855003,71.400002
2022-05-19,70.955002,72.635002,70.525002,71.449997
2022-05-20,72.035004,72.135002,68.165001,70.205002
2022-05-23,70.485001,70.915001,68.915001,70.730003
2022-05-24,69.570000,69.754997,68.000000,68.910004
2022-05-25,68.464996,71.459999,68.430000,70.855003
2022-05-26,71.849998,74.849998,71.800003,74.330002
2022-05-27,75.160004,76.900002,75.160004,76.879997
2022-05-31,76.959999,78.044998,75.785004,77.269997
2022-06-01,77.684998,78.220001,75.974998,76.464996
2022-06-02,76.540001,78.849998,76.224998,78.805000
2022-06-03,77.195000,77.750000,76.239998,76.500000
2022-06-06,77.860001,78.254997,76.794998,77.264999
2022-06-07,75.690002,77.300003,75.254997,77.074997
2022-06-08,76.680000,77.745003,76.419998,76.620003
2022-06-09,76.665001,77.489998,75.230003,75.235001
2022-06-10,73.680000,74.144997,72.010002,72.235001
2022-06-13,69.724998,70.474998,68.379997,68.900002
2022-06-14,69.250000,69.760002,68.235001,68.845001
2022-06-15,69.330002,71.574997,69.209999,70.779999
2022-06-16,68.779999,68.860001,66.519997,67.315002
2022-06-17,67.324997,68.639999,67.084999,68.050003
2022-06-21,69.235001,70.614998,69.110001,69.834999
2022-06-22,68.845001,71.114998,68.845001,69.699997
2022-06-23,70.195000,70.985001,69.235001,70.794998
2022-06-24,71.300003,73.519997,70.964996,73.495003
2022-06-27,73.855003,74.235001,72.489998,72.724998
2022-06-28,72.894997,73.760002,69.794998,69.820000
2022-06-29,69.785004,70.245003,69.014999,69.764999
2022-06-30,68.855003,69.605003,67.379997,68.739998
2022-07-01,68.849998,70.095001,68.584999,70.004997
2022-07-05,69.000000,71.614998,68.514999,71.570000
2022-07-06,71.445000,72.074997,70.525002,71.334999
2022-07-07,71.519997,73.315002,71.510002,73.175003
2022-07-08,72.570000,73.724998,72.235001,73.184998
2022-07-11,72.720001,72.919998,71.004997,71.180000
2022-07-12,71.180000,72.294998,70.294998,70.750000
2022-07-13,69.349998,71.959999,69.070000,71.330002
2022-07-14,70.544998,71.389999,69.684998,71.269997
2022-07-15,72.165001,72.750000,71.720001,72.419998
2022-07-18,73.410004,74.285004,72.349998,72.629997
2022-07-19,73.695000,74.970001,73.070000,74.855003
2022-07-20,75.000000,76.230003,74.809998,76.084999
2022-07-21,76.360001,77.875000,75.925003,77.824997
2022-07-22,78.320000,78.900002,76.900002,77.375000
2022-07-25,77.440002,77.480003,76.239998,76.709999
2022-07-26,74.959999,75.300003,74.105003,74.239998
2022-07-27,75.364998,77.449997,75.004997,77.050003
2022-07-28,77.500000,78.504997,76.285004,78.375000
2022-07-29,80.165001,81.739998,79.625000,81.415001
2022-08-01,81.430000,82.995003,81.029999,81.820000
2022-08-02,81.309998,82.690002,80.989998,81.260002
2022-08-03,82.150002,83.620003,81.834999,83.239998
2022-08-04,83.445000,83.930000,82.964996,83.580002
2022-08-05,82.644997,83.370003,81.730003,82.154999
2022-08-08,83.010002,84.290001,82.209999,82.525002
2022-08-09,82.025002,82.290001,80.730003,81.209999
2022-08-10,83.580002,83.849998,82.570000,83.500000
2022-08-11,84.235001,84.625000,82.815002,83.074997
2022-08-12,83.675003,84.980003,82.955002,84.955002
2022-08-15,84.739998,85.809998,84.635002,85.540001
2022-08-16,85.675003,87.379997,85.419998,86.485001
2022-08-17,85.535004,86.445000,84.995003,85.555000
2022-08-18,85.455002,85.724998,84.980003,85.529999
2022-08-19,84.779999,84.889999,83.485001,83.764999
2022-08-22,82.495003,82.495003,81.264999,81.440002
2022-08-23,81.504997,82.275002,81.239998,81.669998
2022-08-24,81.504997,82.839996,81.305000,82.019997
2022-08-25,82.529999,83.099998,81.910004,83.000000
2022-08-26,83.150002,83.425003,79.820000,79.839996
2022-08-29,78.730003,80.080002,78.730003,79.415001
2022-08-30,80.084999,80.264999,77.739998,78.529999
2022-08-31,78.934998,79.175003,77.735001,77.754997
2022-09-01,77.245003,78.529999,76.464996,78.464996
2022-09-02,79.250000,79.595001,77.300003,77.745003
2022-09-06,78.084999,78.269997,76.425003,77.584999
2022-09-07,77.500000,80.074997,77.500000,79.964996
2022-09-08,79.144997,80.769997,78.894997,80.709999
2022-09-09,81.095001,82.375000,81.095001,82.239998
2022-09-12,82.695000,83.595001,82.695000,83.300003
2022-09-13,80.644997,81.040001,78.785004,79.004997
2022-09-14,79.279999,80.355003,78.879997,80.019997
2022-09-15,79.915001,81.220001,79.220001,79.610001
2022-09-16,78.410004,79.105003,77.845001,78.970001
2022-09-19,78.129997,79.934998,78.080002,79.919998
2022-09-20,79.095001,79.394997,77.904999,78.565002
2022-09-21,78.785004,79.514999,76.690002,76.705002
2022-09-22,76.315002,76.589996,74.550003,74.934998
2022-09-23,73.940002,74.059998,72.275002,73.209999
2022-09-26,72.910004,74.635002,72.900002,73.044998
2022-09-27,74.120003,74.870003,72.485001,73.275002
2022-09-28,73.584999,75.650002,73.214996,75.254997
2022-09-29,74.065002,74.165001,71.955002,72.654999
2022-09-30,71.805000,73.269997,71.014999,71.224998
2022-10-03,71.160004,71.955002,70.099998,71.294998
2022-10-04,73.065002,74.504997,72.855003,73.785004
2022-10-05,72.614998,73.834999,71.839996,73.349998
2022-10-06,73.195000,73.915001,72.514999,72.830002
2022-10-07,71.750000,71.910004,69.915001,70.324997
2022-10-10,70.430000,70.629997,69.199997,69.889999
2022-10-11,69.544998,70.735001,68.860001,69.320000
2022-10-12,69.324997,70.035004,68.764999,69.500000
2022-10-13,67.419998,70.654999,66.775002,70.260002
2022-10-14,70.959999,71.330002,67.525002,67.635002
2022-10-17,69.080002,70.570000,69.050003,70.379997
2022-10-18,72.574997,72.785004,70.654999,71.349998
2022-10-19,70.769997,71.230003,69.805000,70.550003
2022-10-20,69.589996,70.889999,68.955002,69.184998
2022-10-21,69.105003,71.264999,68.724998,71.199997
2022-10-24,70.875000,71.800003,69.610001,71.495003
2022-10-25,71.529999,73.485001,71.529999,73.285004
2022-10-26,72.400002,74.160004,72.199997,72.695000
2022-10-27,73.050003,73.514999,72.160004,72.415001
2022-10-28,70.470001,72.580002,69.964996,72.480003
2022-10-31,72.095001,72.559998,71.404999,72.014999
2022-11-01,73.239998,73.449997,71.144997,71.285004
2022-11-02,71.214996,71.629997,68.570000,68.589996
2022-11-03,68.099998,68.964996,67.730003,68.180000
2022-11-04,69.794998,70.480003,67.455002,68.750000
2022-11-07,69.165001,69.224998,67.599998,68.269997
2022-11-08,68.349998,68.915001,67.160004,68.099998
2022-11-09,67.739998,68.055000,65.949997,66.019997
2022-11-10,69.330002,70.925003,68.599998,70.845001
2022-11-11,70.949997,72.945000,70.735001,72.544998
2022-11-14,71.915001,72.550003,71.320000,71.394997
2022-11-15,73.089996,73.480003,71.570000,72.370003
2022-11-16,71.040001,71.855003,70.745003,71.264999
2022-11-17,70.235001,70.699997,69.739998,70.400002
2022-11-18,71.309998,71.334999,69.680000,70.495003
2022-11-21,70.099998,70.300003,69.099998,69.474998
2022-11-22,69.750000,70.294998,69.269997,70.260002
2022-11-23,70.510002,71.425003,70.364998,71.275002
2022-11-25,71.309998,71.514999,70.940002,71.315002
2022-11-28,70.930000,71.669998,70.720001,70.875000
2022-11-29,70.940002,71.199997,70.379997,70.650002
2022-11-30,70.684998,73.110001,70.230003,73.084999
2022-12-01,73.355003,73.660004,72.519997,73.074997
2022-12-02,72.044998,73.199997,72.029999,72.980003
2022-12-05,72.010002,72.235001,70.684998,70.875000
2022-12-06,70.669998,70.974998,69.165001,69.769997
2022-12-07,69.294998,70.089996,69.080002,69.349998
2022-12-08,69.464996,70.285004,69.135002,70.019997
2022-12-09,69.595001,70.410004,69.485001,69.714996
2022-12-12,69.570000,69.889999,69.114998,69.889999
2022-12-13,72.209999,72.660004,69.135002,69.889999
2022-12-14,69.745003,70.320000,68.589996,69.370003
2022-12-15,68.294998,68.625000,67.724998,68.230003
2022-12-16,67.839996,68.105003,66.605003,66.955002
2022-12-19,66.760002,66.900002,65.440002,65.699997
2022-12-20,65.294998,65.839996,64.845001,64.934998
2022-12-21,65.724998,66.334999,65.474998,65.970001
2022-12-22,65.224998,65.269997,63.314999,64.275002
2022-12-23,64.105003,64.894997,63.669998,64.714996
2022-12-27,64.415001,64.535004,63.625000,63.665001
2022-12-28,63.695000,64.315002,63.000000,63.130001
2022-12-29,64.035004,64.900002,63.785000,64.754997
2022-12-30,64.114998,64.595001,63.840000,64.580002
2023-01-03,64.964996,65.150002,63.415001,64.195000
2023-01-04,64.794998,65.605003,63.980000,65.125000
2023-01-05,64.669998,64.949997,64.084999,64.519997
2023-01-06,64.339996,66.290001,63.884998,66.035004
2023-01-09,66.834999,67.514999,66.385002,66.434998
2023-01-10,66.470001,67.279999,66.110001,67.269997
2023-01-11,67.845001,69.089996,67.785004,69.084999
2023-01-12,69.514999,69.595001,68.089996,69.199997
2023-01-13,68.129997,69.915001,68.035004,69.849998
2023-01-17,70.055000,70.459999,69.699997,69.900002
2023-01-18,70.610001,71.014999,68.959999,68.989998
2023-01-19,68.485001,68.699997,67.495003,67.845001
2023-01-20,67.995003,69.529999,67.660004,69.489998
2023-01-23,69.675003,70.839996,69.269997,70.574997
2023-01-24,70.330002,70.830002,69.875000,70.495003
2023-01-25,69.425003,70.949997,68.900002,70.855003
2023-01-26,72.110001,72.514999,71.394997,72.305000
2023-01-27,72.364998,74.514999,72.349998,73.945000
2023-01-30,73.389999,73.875000,72.625000,72.684998
2023-01-31,72.764999,74.349998,72.764999,74.349998
2023-02-01,74.154999,76.355003,73.389999,75.760002
2023-02-02,77.404999,79.014999,77.050003,78.080002
2023-02-03,75.739998,77.474998,75.339996,75.675003
2023-02-06,75.389999,76.025002,74.934998,75.565002
2023-02-07,75.235001,75.930000,73.830002,75.739998
2023-02-08,75.489998,75.675003,74.574997,75.095001
2023-02-09,76.095001,76.595001,74.584999,74.955002
2023-02-10,74.300003,74.654999,73.474998,74.074997
2023-02-13,74.070000,75.195000,73.570000,75.160004
2023-02-14,74.629997,76.264999,74.165001,76.059998
2023-02-15,75.845001,76.964996,75.550003,76.949997
2023-02-16,75.769997,76.845001,75.254997,75.269997
2023-02-17,74.839996,75.320000,74.019997,75.285004
2023-02-21,74.160004,74.360001,72.750000,72.769997
2023-02-22,72.934998,73.620003,72.610001,73.139999
2023-02-23,73.394997,73.489998,71.845001,73.080002
2023-02-24,71.724998,72.070000,71.339996,71.930000
2023-02-27,72.745003,73.364998,72.519997,72.820000
2023-02-28,72.775002,73.305000,72.485001,72.769997
2023-03-01,72.510002,72.750000,71.434998,71.855003
2023-03-02,70.705002,71.724998,70.514999,71.614998
2023-03-03,72.239998,73.279999,72.074997,73.154999
2023-03-06,73.339996,73.595001,72.595001,72.620003
2023-03-07,72.510002,72.870003,71.595001,71.629997
2023-03-08,71.500000,71.650002,70.764999,71.500000
2023-03-09,71.375000,72.114998,69.735001,69.794998
2023-03-10,70.025002,70.750000,68.864998,69.099998
2023-03-13,68.080002,70.129997,67.855003,69.245003
2023-03-14,70.184998,70.620003,69.540001,70.419998
2023-03-15,69.375000,70.355003,68.995003,70.315002
2023-03-16,69.875000,71.889999,69.820000,71.584999
2023-03-17,71.565002,71.610001,70.095001,70.669998
2023-03-20,70.370003,71.195000,69.875000,70.760002
2023-03-21,71.675003,72.824997,71.644997,72.714996
2023-03-22,72.750000,73.279999,71.065002,71.095001
2023-03-23,71.955002,72.480003,70.315002,71.019997
2023-03-24,70.855003,70.915001,69.889999,70.790001
2023-03-27,71.470001,71.735001,70.639999,70.934998
2023-03-28,70.915001,71.105003,70.370003,70.849998
2023-03-29,71.620003,72.220001,71.370003,72.195000
2023-03-30,72.885002,73.190002,72.535004,72.824997
2023-03-31,73.290001,74.815002,73.184998,74.769997
2023-04-03,74.095001,74.445000,73.570000,74.084999
2023-04-04,74.330002,74.500000,73.320000,73.964996
2023-04-05,73.654999,73.680000,72.294998,72.449997
2023-04-06,72.114998,72.595001,71.445000,72.464996
2023-04-10,71.724998,72.809998,71.294998,72.785004
2023-04-11,72.824997,73.309998,72.570000,72.900002
2023-04-12,73.504997,73.529999,71.690002,71.769997
2023-04-13,72.290001,73.419998,72.055000,73.355003
2023-04-14,73.190002,73.900002,72.839996,73.449997
2023-04-17,73.635002,74.129997,73.264999,73.970001
2023-04-18,74.339996,74.510002,73.769997,74.089996
2023-04-19,73.400002,74.445000,73.330002,74.019997
2023-04-20,72.805000,73.504997,72.470001,72.879997
2023-04-21,73.474998,73.980003,72.910004,73.684998
2023-04-24,73.794998,74.230003,73.000000,73.675003
2023-04-25,73.190002,73.320000,72.205002,72.214996
2023-04-26,72.580002,72.815002,71.699997,71.845001
2023-04-27,72.349998,73.824997,72.300003,73.739998
2023-04-28,73.394997,74.029999,72.709999,73.930000
2023-05-01,73.750000,73.910004,73.095001,73.199997
2023-05-02,73.089996,73.434998,72.385002,73.275002
2023-05-03,72.970001,73.945000,72.639999,72.695000
2023-05-04,72.705002,73.019997,72.019997,72.135002
2023-05-05,72.815002,73.735001,72.684998,73.595001
2023-05-08,73.820000,73.875000,73.355003,73.845001
2023-05-09,73.440002,73.879997,73.320000,73.824997
2023-05-10,74.504997,74.885002,73.349998,74.199997
2023-05-11,74.245003,74.639999,73.964996,74.544998
2023-05-12,74.800003,74.995003,73.474998,73.915001
2023-05-15,74.000000,74.160004,73.364998,74.010002
2023-05-16,73.504997,74.370003,73.400002,73.709999
2023-05-17,74.175003,75.324997,74.160004,75.245003
2023-05-18,75.410004,76.445000,75.400002,76.415001
2023-05-19,76.230003,76.269997,75.394997,75.775002
2023-05-22,75.809998,76.035004,75.279999,75.540001
2023-05-23,74.959999,75.919998,74.699997,74.849998
2023-05-24,74.690002,74.970001,73.995003,74.574997
2023-05-25,74.805000,74.900002,73.989998,74.239998
2023-05-26,74.415001,76.535004,74.290001,75.985001
2023-05-30,76.815002,77.074997,76.000000,76.495003
2023-05-31,75.989998,76.144997,74.754997,75.805000
2023-06-01,75.739998,77.074997,75.214996,76.699997
2023-06-02,77.614998,78.794998,77.570000,78.500000
2023-06-05,78.485001,79.000000,78.275002,78.735001
2023-06-06,78.589996,79.665001,78.540001,79.555000
2023-06-07,80.114998,80.385002,78.864998,79.014999
2023-06-08,79.139999,80.324997,79.089996,80.184998
2023-06-09,81.010002,81.675003,80.410004,80.599998
2023-06-12,81.095001,82.095001,80.855003,81.985001
2023-06-13,82.639999,82.889999,81.974998,82.834999
2023-06-14,82.980003,83.214996,81.669998,82.775002
2023-06-15,82.035004,83.605003,81.889999,83.315002
2023-06-16,83.904999,83.934998,83.135002,83.190002
2023-06-20,82.845001,83.739998,82.589996,83.644997
2023-06-21,83.614998,83.820000,82.500000,82.639999
2023-06-22,82.129997,83.714996,82.035004,83.695000
2023-06-23,82.709999,83.480003,82.385002,82.724998
2023-06-26,82.220001,83.404999,81.629997,81.665001
2023-06-27,82.144997,83.529999,82.040001,83.419998
2023-06-28,83.199997,84.355003,83.129997,83.750000
2023-06-29,83.894997,84.095001,83.339996,83.839996
2023-06-30,84.544998,85.175003,84.330002,84.904999
2023-07-03,85.754997,86.404999,85.754997,85.930000
2023-07-05,85.794998,86.099998,85.455002,85.964996
2023-07-06,84.879997,85.040001,84.184998,84.580002
2023-07-07,84.625000,85.525002,84.470001,84.684998
2023-07-10,84.750000,85.010002,84.220001,84.945000
2023-07-11,85.180000,85.800003,85.105003,85.654999
2023-07-12,86.820000,86.934998,86.224998,86.425003
2023-07-13,87.230003,87.449997,86.620003,87.235001
2023-07-14,87.230003,87.845001,87.074997,87.459999
2023-07-17,87.510002,88.025002,87.419998,87.815002
2023-07-18,87.500000,88.379997,87.239998,88.175003
2023-07-19,88.400002,88.900002,88.309998,88.485001
2023-07-20,87.470001,87.589996,85.349998,85.470001
2023-07-21,86.235001,86.254997,85.120003,85.489998
2023-07-24,85.370003,86.184998,85.010002,86.050003
2023-07-25,86.010002,86.184998,85.629997,85.849998
2023-07-26,85.309998,86.205002,85.230003,85.830002
2023-07-27,86.695000,86.860001,84.775002,84.940002
2023-07-28,85.864998,86.610001,85.595001,86.379997
2023-07-31,86.595001,86.879997,86.309998,86.870003
2023-08-01,86.434998,86.555000,85.824997,85.885002
2023-08-02,84.889999,85.195000,84.169998,84.345001
2023-08-03,83.864998,84.754997,83.665001,84.544998
2023-08-04,86.925003,87.309998,85.675003,85.775002
2023-08-07,86.074997,86.669998,85.355003,86.654999
2023-08-08,85.779999,86.095001,85.129997,85.964996
2023-08-09,86.084999,86.089996,84.800003,84.945000
2023-08-10,85.584999,86.455002,84.739998,85.150002
2023-08-11,84.574997,85.114998,84.235001,84.860001
2023-08-14,84.339996,85.129997,84.175003,85.120003
2023-08-15,84.805000,85.180000,83.834999,83.959999
2023-08-16,83.599998,84.150002,82.894997,82.919998
2023-08-17,83.154999,83.235001,81.464996,81.514999
2023-08-18,80.635002,81.544998,80.464996,81.330002
2023-08-21,81.805000,82.394997,81.339996,82.264999
2023-08-22,82.900002,83.065002,82.074997,82.385002
2023-08-23,82.004997,83.285004,81.925003,83.044998
2023-08-24,83.190002,83.300003,81.394997,81.419998
2023-08-25,81.785004,82.570000,81.050003,82.330002
2023-08-28,82.860001,82.945000,82.165001,82.660004
2023-08-29,82.639999,84.760002,82.639999,84.724998
2023-08-30,84.570000,85.410004,84.360001,85.089996
2023-08-31,85.144997,85.820000,85.025002,85.355003
2023-09-01,85.839996,86.059998,84.339996,84.834999
2023-09-05,84.684998,85.095001,84.195000,84.894997
2023-09-06,84.449997,84.580002,83.529999,84.139999
2023-09-07,83.250000,84.474998,83.035004,84.375000
2023-09-08,84.260002,84.949997,84.139999,84.375000
2023-09-11,85.629997,86.779999,85.589996,86.644997
2023-09-12,86.334999,86.915001,85.860001,85.860001
2023-09-13,86.129997,86.785004,85.845001,86.540001
2023-09-14,86.824997,87.614998,86.419998,87.389999
2023-09-15,86.989998,87.110001,85.699997,85.894997
2023-09-18,85.500000,85.599998,84.695000,84.809998
2023-09-19,84.370003,84.550003,83.610001,84.385002
2023-09-20,84.660004,85.144997,83.540001,83.544998
2023-09-21,82.489998,82.535004,81.250000,81.264999
2023-09-22,81.760002,81.930000,80.394997,80.464996
2023-09-25,80.135002,81.129997,79.934998,80.959999
2023-09-26,80.224998,80.720001,79.309998,79.485001
2023-09-27,79.695000,79.955002,78.370003,79.180000
2023-09-28,78.889999,80.294998,78.690002,80.065002
2023-09-29,81.230003,81.540001,80.044998,80.489998
2023-10-02,80.010002,81.209999,79.815002,80.555000
2023-10-03,79.934998,80.019997,78.320000,78.595001
2023-10-04,78.980003,80.320000,78.959999,80.144997
2023-10-05,80.035004,80.250000,79.114998,79.745003
2023-10-06,78.904999,80.614998,78.470001,80.305000
2023-10-09,79.334999,80.550003,78.830002,80.389999
2023-10-10,80.514999,82.040001,80.480003,81.269997
2023-10-11,81.599998,81.995003,80.839996,81.559998
2023-10-12,81.574997,81.720001,80.120003,80.669998
2023-10-13,80.790001,80.915001,79.264999,79.485001
2023-10-16,79.915001,81.029999,79.714996,80.769997
2023-10-17,80.035004,81.360001,79.885002,80.959999
2023-10-18,80.345001,80.470001,78.904999,79.059998
2023-10-19,78.379997,78.739998,76.675003,77.040001
2023-10-20,76.860001,76.900002,75.805000,75.845001
2023-10-23,75.540001,76.894997,74.735001,75.934998
2023-10-24,76.514999,77.235001,76.184998,76.745003
2023-10-25,76.144997,76.275002,75.110001,75.195000
2023-10-26,75.114998,75.525002,73.915001,74.019997
2023-10-27,75.309998,75.945000,74.550003,74.794998
2023-10-30,75.654999,75.955002,74.820000,75.480003
2023-10-31,75.514999,76.285004,75.214996,76.050003
2023-11-01,76.495003,77.040001,75.894997,76.989998
2023-11-02,78.330002,79.044998,78.084999,79.000000
2023-11-03,79.650002,80.540001,79.625000,80.110001
2023-11-06,80.410004,80.680000,79.660004,80.209999
2023-11-07,80.355003,81.205002,80.190002,81.105003
2023-11-08,81.129997,81.269997,80.410004,80.889999
2023-11-09,80.779999,80.879997,79.099998,79.379997
2023-11-10,79.480003,80.730003,79.074997,80.699997
2023-11-13,80.345001,81.320000,79.985001,81.044998
2023-11-14,83.070000,84.035004,82.949997,83.775002
2023-11-15,84.184998,84.574997,83.610001,83.875000
2023-11-16,83.150002,83.730003,82.650002,83.014999
2023-11-17,83.294998,83.794998,82.775002,83.570000
2023-11-20,83.550003,84.180000,83.294998,84.000000
2023-11-21,83.375000,83.870003,83.105003,83.785004
2023-11-22,84.144997,84.684998,83.709999,84.040001
2023-11-24,83.985001,84.264999,83.839996,84.120003
2023-11-27,84.169998,84.695000,83.809998,84.254997
2023-11-28,84.154999,84.785004,83.695000,84.739998
2023-11-29,85.370003,85.800003,84.449997,84.510002
2023-11-30,84.510002,84.544998,83.730003,84.389999
2023-12-01,84.029999,85.570000,83.864998,85.544998
2023-12-04,84.925003,85.589996,84.720001,85.220001
2023-12-05,84.760002,86.214996,84.690002,85.370003
2023-12-06,86.010002,86.430000,85.430000,85.495003
2023-12-07,85.839996,86.355003,85.565002,86.199997
2023-12-08,85.764999,86.760002,85.699997,86.595001
2023-12-11,86.495003,86.934998,86.230003,86.824997
2023-12-12,86.730003,87.154999,86.385002,87.095001
2023-12-13,87.065002,88.330002,86.385002,88.235001
2023-12-14,89.004997,89.775002,88.665001,89.419998
2023-12-15,89.440002,89.824997,89.144997,89.605003
2023-12-18,89.730003,90.285004,89.550003,90.000000
2023-12-19,90.305000,90.940002,90.285004,90.705002
2023-12-20,90.300003,91.095001,89.029999,89.050003
2023-12-21,89.989998,90.434998,89.485001,90.404999
2023-12-22,90.044998,90.430000,89.370003,89.739998
2023-12-26,89.940002,90.235001,89.764999,90.120003
2023-12-27,90.235001,90.665001,90.190002,90.430000
2023-12-28,90.559998,90.730003,89.889999,89.959999
2023-12-29,89.995003,90.144997,89.099998,89.404999
2024-01-02,89.125000,89.165001,88.235001,88.574997
2024-01-03,87.985001,88.029999,86.750000,86.785004
2024-01-04,86.434998,87.245003,86.144997,86.175003
2024-01-05,85.955002,87.014999,85.919998,86.309998
2024-01-08,86.459999,87.879997,86.440002,87.779999
2024-01-09,87.139999,87.580002,86.915001,87.455002
2024-01-10,87.589996,88.370003,87.570000,88.154999
2024-01-11,88.055000,88.334999,87.120003,88.040001
2024-01-12,87.675003,88.074997,86.815002,86.980003
2024-01-16,86.455002,87.220001,86.199997,86.879997
2024-01-17,85.964996,86.150002,85.480003,86.120003
2024-01-18,86.529999,86.714996,85.660004,86.610001
2024-01-19,86.745003,87.620003,86.224998,87.445000
2024-01-22,87.635002,87.885002,86.669998,87.059998
2024-01-23,87.144997,87.434998,86.410004,86.849998
2024-01-24,87.425003,87.514999,86.455002,86.519997
2024-01-25,85.705002,85.775002,84.860001,85.449997
2024-01-26,85.815002,86.275002,85.514999,85.839996
2024-01-29,86.014999,87.110001,85.864998,87.095001
2024-01-30,87.239998,87.459999,86.879997,87.044998
2024-01-31,86.489998,86.955002,85.385002,85.459999
2024-02-01,85.860001,87.129997,85.559998,87.105003
2024-02-02,87.699997,89.019997,87.279999,88.660004
2024-02-05,87.750000,87.750000,86.379997,87.410004
2024-02-06,87.035004,87.959999,87.035004,87.940002
2024-02-07,88.430000,89.254997,88.220001,88.925003
2024-02-08,88.985001,89.370003,88.815002,89.315002
2024-02-09,89.239998,90.095001,89.035004,89.949997
2024-02-12,89.980003,90.440002,89.705002,89.875000
2024-02-13,88.065002,88.584999,87.614998,88.084999
2024-02-14,88.419998,89.055000,87.934998,89.014999
2024-02-15,89.195000,90.050003,88.959999,90.044998
2024-02-16,89.654999,90.035004,88.959999,89.510002
2024-02-20,88.690002,89.004997,88.105003,88.665001
2024-02-21,88.955002,89.739998,88.735001,89.320000
2024-02-22,90.120003,91.199997,89.959999,91.055000
2024-02-23,90.699997,91.105003,90.500000,90.644997
2024-02-26,90.910004,91.364998,90.785004,90.925003
2024-02-27,91.334999,91.650002,90.885002,91.224998
2024-02-28,91.074997,92.019997,91.025002,91.584999
2024-02-29,91.910004,92.419998,91.440002,92.205002
2024-03-01,92.125000,92.644997,91.654999,92.510002
2024-03-04,92.055000,92.364998,91.235001,91.260002
2024-03-05,90.675003,90.839996,89.815002,90.125000
2024-03-06,90.480003,90.720001,89.550003,89.805000
2024-03-07,90.050003,90.860001,90.029999,90.489998
2024-03-08,90.699997,91.065002,89.855003,90.154999
2024-03-11,89.904999,90.264999,89.684998,89.910004
2024-03-12,90.209999,91.035004,89.605003,90.684998
2024-03-13,90.459999,91.065002,90.355003,90.495003
2024-03-14,90.599998,90.690002,89.434998,89.919998
2024-03-15,89.315002,89.919998,88.785004,89.025002
2024-03-18,89.724998,89.934998,89.099998,89.510002
2024-03-19,89.489998,90.330002,89.364998,90.285004
2024-03-20,90.459999,91.644997,90.385002,91.629997
2024-03-21,92.269997,92.610001,92.120003,92.165001
2024-03-22,91.205002,91.605003,91.014999,91.360001
2024-03-25,91.004997,91.529999,91.004997,91.059998
2024-03-26,91.644997,92.025002,91.114998,91.175003
2024-03-27,91.885002,92.239998,91.434998,92.230003
2024-03-28,92.114998,92.385002,91.915001,91.945000
2024-04-01,92.044998,92.144997,90.925003,91.260002
2024-04-02,89.790001,89.959999,89.510002,89.915001
2024-04-03,89.410004,90.294998,89.410004,89.980003
2024-04-04,90.660004,91.000000,88.915001,88.925003
2024-04-05,89.220001,90.000000,89.035004,89.419998
2024-04-08,89.949997,90.565002,89.879997,90.269997
2024-04-09,90.714996,90.745003,89.940002,90.695000
2024-04-10,89.220001,89.660004,88.879997,89.294998
2024-04-11,89.599998,90.339996,88.849998,90.014999
2024-04-12,89.315002,89.375000,88.264999,88.555000
2024-04-15,89.199997,89.264999,87.000000,87.080002
2024-04-16,86.629997,87.070000,86.175003,86.584999
2024-04-17,87.004997,87.095001,85.809998,86.165001
2024-04-18,86.324997,86.680000,85.394997,85.629997
2024-04-19,85.629997,85.824997,84.544998,84.879997
2024-04-22,85.059998,85.684998,84.449997,85.254997
2024-04-23,85.739998,86.519997,85.315002,86.269997
2024-04-24,87.559998,87.815002,86.470001,87.095001
2024-04-25,85.775002,87.355003,85.415001,87.169998
2024-04-26,87.470001,88.550003,87.345001,87.955002
2024-04-29,89.764999,90.139999,89.120003,90.000000
2024-04-30,89.120003,89.540001,87.739998,87.809998
2024-05-01,87.855003,88.970001,86.815002,87.260002
2024-05-02,88.080002,88.529999,87.209999,88.360001
2024-05-03,89.470001,89.995003,88.800003,88.955002
2024-05-06,89.510002,89.904999,89.250000,89.904999
2024-05-07,89.845001,89.885002,89.125000,89.260002
2024-05-08,88.480003,89.059998,88.415001,88.925003
2024-05-09,88.964996,89.750000,88.764999,89.529999
2024-05-10,89.605003,89.675003,88.864998,89.050003
2024-05-13,89.434998,89.639999,88.625000,88.934998
2024-05-14,88.790001,89.485001,88.750000,89.339996
2024-05-15,89.739998,89.805000,88.894997,89.474998
2024-05-16,89.425003,89.559998,88.864998,88.894997
2024-05-17,88.974998,89.364998,88.714996,89.349998
2024-05-20,89.139999,89.389999,88.474998,88.684998
2024-05-21,88.605003,89.275002,88.269997,89.254997
2024-05-22,89.040001,89.129997,87.964996,88.324997
2024-05-23,88.565002,88.565002,86.764999,86.894997
2024-05-24,87.489998,88.044998,87.245003,87.769997
2024-05-28,87.449997,87.739998,87.084999,87.555000
2024-05-29,86.900002,87.320000,86.900002,86.980003
2024-05-30,87.235001,87.739998,87.065002,87.495003
2024-05-31,87.555000,88.004997,86.605003,87.985001
2024-06-03,88.044998,88.334999,87.125000,87.945000
2024-06-04,87.574997,88.394997,87.544998,88.035004
2024-06-05,88.239998,88.550003,87.445000,88.550003
2024-06-06,88.625000,89.230003,88.584999,89.195000
2024-06-07,88.690002,89.370003,88.665001,88.830002
2024-06-10,88.570000,89.205002,88.570000,89.114998
2024-06-11,89.074997,89.074997,88.095001,88.879997
2024-06-12,89.660004,90.385002,89.389999,89.805000
2024-06-13,90.415001,90.589996,89.555000,89.875000
2024-06-14,89.739998,89.739998,88.629997,89.165001
2024-06-17,89.050003,90.955002,88.885002,90.730003
2024-06-18,90.654999,90.764999,90.120003,90.425003
2024-06-20,90.334999,90.760002,90.065002,90.540001
2024-06-21,91.000000,91.425003,90.570000,91.305000
2024-06-24,91.320000,91.720001,90.684998,90.720001
2024-06-25,90.815002,90.815002,90.065002,90.355003
2024-06-26,90.135002,91.849998,90.014999,91.665001
2024-06-27,91.875000,92.235001,91.504997,92.224998
2024-06-28,91.764999,92.355003,90.735001,91.199997
2024-07-01,91.555000,91.934998,91.035004,91.510002
2024-07-02,92.014999,93.300003,91.930000,93.290001
2024-07-03,93.614998,94.235001,93.480003,93.885002
2024-07-05,94.349998,94.709999,93.879997,94.650002
2024-07-08,94.529999,95.110001,94.434998,94.695000
2024-07-09,94.589996,95.610001,94.525002,95.010002
2024-07-10,95.220001,95.815002,94.665001,95.724998
2024-07-11,96.175003,96.830002,94.224998,94.510002
2024-07-12,94.385002,96.555000,94.250000,95.745003
2024-07-15,96.279999,96.949997,95.334999,95.635002
2024-07-16,96.190002,97.394997,96.035004,97.349998
2024-07-17,96.629997,96.875000,95.555000,95.724998
2024-07-18,95.925003,96.540001,94.470001,94.750000
2024-07-19,94.394997,94.779999,93.525002,93.904999
2024-07-22,94.584999,95.269997,94.220001,94.940002
2024-07-23,95.305000,95.455002,94.470001,94.514999
2024-07-24,92.419998,92.459999,90.605003,90.650002
2024-07-25,90.635002,91.879997,90.019997,90.294998
2024-07-26,90.959999,91.785004,90.730003,91.305000
2024-07-29,91.919998,93.169998,91.870003,92.830002
2024-07-30,93.040001,93.165001,91.449997,92.315002
2024-07-31,93.419998,94.529999,93.214996,93.745003
2024-08-01,93.785004,94.065002,90.660004,91.445000
2024-08-02,88.464996,88.464996,87.025002,88.080002
2024-08-05,83.529999,86.474998,83.239998,85.589996
2024-08-06,86.044998,87.769997,85.254997,86.535004
2024-08-07,87.245003,87.400002,84.919998,85.025002
2024-08-08,85.790001,87.114998,85.320000,86.879997
2024-08-09,86.864998,87.574997,86.650002,87.169998
2024-08-12,87.339996,87.339996,86.294998,86.824997
2024-08-13,87.230003,89.080002,87.059998,89.000000
2024-08-14,88.989998,89.260002,88.169998,88.525002
2024-08-15,90.209999,91.485001,90.209999,91.349998
2024-08-16,90.925003,91.945000,90.925003,91.565002
2024-08-19,91.800003,92.739998,91.709999,92.690002
2024-08-20,92.699997,93.150002,92.334999,92.605003
2024-08-21,93.364998,93.964996,93.154999,93.775002
2024-08-22,93.940002,94.029999,91.985001,92.154999
2024-08-23,92.875000,94.040001,92.860001,93.934998
2024-08-26,93.845001,94.044998,92.915001,93.205002
2024-08-27,92.974998,93.095001,92.330002,92.959999
2024-08-28,92.904999,93.135002,91.324997,92.059998
2024-08-29,92.870003,93.264999,92.084999,92.169998
2024-08-30,92.510002,93.644997,92.139999,93.559998
2024-09-03,93.290001,93.724998,91.849998,92.275002
2024-09-04,92.014999,92.934998,91.894997,92.514999
2024-09-05,92.949997,94.205002,92.860001,93.565002
2024-09-06,93.745003,94.084999,91.160004,91.199997
2024-09-09,92.154999,92.889999,91.910004,92.529999
2024-09-10,92.889999,93.650002,92.334999,93.589996
2024-09-11,93.449997,94.654999,91.504997,94.525002
2024-09-12,94.519997,95.635002,94.410004,95.589996
2024-09-13,95.675003,96.480003,95.555000,96.239998
2024-09-16,96.190002,96.394997,95.555000,96.074997
2024-09-17,96.644997,97.519997,96.264999,96.565002
2024-09-18,96.705002,98.025002,96.260002,96.375000
2024-09-19,98.235001,98.790001,97.915001,98.570000
2024-09-20,98.394997,98.495003,97.614998,98.345001
2024-09-23,98.555000,99.375000,98.349998,99.334999
2024-09-24,99.824997,100.230003,99.235001,100.205002
2024-09-25,99.860001,100.059998,99.544998,99.845001
2024-09-26,100.730003,100.949997,99.675003,100.269997
2024-09-27,100.650002,100.824997,100.129997,100.419998
2024-09-30,100.144997,100.464996,99.224998,100.184998
2024-10-01,100.125000,100.214996,98.480003,99.779999
2024-10-02,98.599998,99.209999,98.195000,98.934998
2024-10-03,98.074997,98.455002,97.394997,97.790001
2024-10-04,98.870003,99.315002,98.059998,99.084999
2024-10-07,98.355003,98.355003,97.195000,97.544998
2024-10-08,97.980003,98.654999,97.820000,98.495003
2024-10-09,98.820000,99.400002,98.394997,99.199997
2024-10-10,99.019997,99.239998,98.419998,98.709999
2024-10-11,97.714996,98.684998,97.699997,98.290001
2024-10-14,98.489998,98.885002,98.084999,98.720001
2024-10-15,98.750000,99.580002,98.750000,98.934998
2024-10-16,99.029999,99.480003,98.900002,99.455002
2024-10-17,99.629997,99.790001,99.035004,99.364998
2024-10-18,99.574997,100.019997,99.184998,99.754997
2024-10-21,99.535004,99.535004,98.605003,98.980003
2024-10-22,98.220001,98.934998,97.959999,98.580002
2024-10-23,97.790001,98.014999,96.514999,97.029999
2024-10-24,99.150002,100.224998,98.849998,100.089996
2024-10-25,100.269997,101.290001,100.035004,100.404999
2024-10-28,101.195000,101.540001,100.595001,100.639999
2024-10-29,99.805000,100.324997,99.489998,100.114998
2024-10-30,100.355003,100.805000,99.894997,99.974998
2024-10-31,99.750000,99.974998,98.385002,98.445000
2024-11-01,100.254997,101.074997,99.949997,100.044998
2024-11-04,99.625000,100.525002,99.455002,99.699997
2024-11-05,99.925003,101.495003,99.839996,101.464996
2024-11-06,103.775002,104.794998,102.949997,104.709999
2024-11-07,104.915001,106.480003,104.879997,106.055000
2024-11-08,106.040001,108.135002,105.925003,107.559998
2024-11-11,109.250000,110.195000,108.754997,109.730003
2024-11-12,109.449997,109.464996,107.875000,108.264999
2024-11-13,108.995003,109.769997,108.620003,109.190002
2024-11-14,109.010002,109.449997,107.550003,107.639999
2024-11-15,107.035004,107.550003,106.230003,106.720001
2024-11-18,108.004997,108.529999,107.014999,107.705002
2024-11-19,106.709999,108.114998,106.214996,107.785004
2024-11-20,107.464996,107.535004,106.190002,107.309998
2024-11-21,107.635002,107.769997,106.669998,107.500000
2024-11-22,107.809998,109.364998,107.809998,109.050003
2024-11-25,110.349998,111.135002,110.110001,110.165001
2024-11-26,110.110001,110.754997,109.934998,110.565002
2024-11-27,110.769997,110.925003,109.754997,110.019997
2024-11-29,110.264999,111.175003,110.199997,111.150002
2024-12-02,111.934998,112.385002,111.724998,112.120003
2024-12-03,111.900002,112.105003,111.430000,112.035004
2024-12-04,112.275002,113.184998,112.154999,113.074997
2024-12-05,113.184998,114.514999,113.135002,114.000000
2024-12-06,114.930000,116.425003,114.919998,116.400002
2024-12-09,117.070000,117.785004,115.614998,116.029999
2024-12-10,116.050003,117.300003,115.834999,116.220001
2024-12-11,117.184998,118.300003,117.120003,118.260002
2024-12-12,118.199997,118.330002,117.129997,117.279999
2024-12-13,117.245003,117.794998,116.949997,117.745003
2024-12-16,118.355003,119.425003,118.125000,119.339996
2024-12-17,119.879997,119.964996,118.724998,119.714996
2024-12-18,118.764999,120.139999,113.855003,114.320000
2024-12-19,115.879997,116.209999,113.485001,114.165001
2024-12-20,113.019997,116.254997,112.750000,114.455002
2024-12-23,114.445000,114.699997,113.089996,114.584999
2024-12-24,115.070000,117.250000,114.974998,117.235001
2024-12-26,116.985001,117.224998,116.285004,116.800003
2024-12-27,116.025002,116.025002,114.315002,114.870003
2024-12-30,113.125000,113.754997,112.315002,113.025002
2024-12-31,113.639999,113.974998,111.985001,112.175003
2025-01-02,112.220001,112.559998,109.995003,110.699997
2025-01-03,111.320000,113.010002,110.760002,112.940002
2025-01-06,114.160004,114.245003,112.769997,113.385002
2025-01-07,113.290001,113.625000,110.785004,111.190002
2025-01-08,111.150002,111.945000,110.589996,111.504997
2025-01-10,111.080002,111.269997,109.809998,110.410004
2025-01-13,109.570000,111.050003,109.150002,111.035004
2025-01-14,112.150002,112.735001,110.404999,110.820000
2025-01-15,113.375000,113.735001,112.589996,113.639999
2025-01-16,113.445000,113.445000,112.574997,113.025002
2025-01-17,114.514999,115.330002,114.330002,114.610001
2025-01-21,115.644997,115.750000,114.184998,115.449997
2025-01-22,115.205002,115.695000,114.820000,115.014999
2025-01-23,114.845001,115.709999,114.540001,115.709999
2025-01-24,115.735001,115.855003,114.785004,115.004997
2025-01-27,113.279999,115.709999,113.275002,115.660004
2025-01-28,115.324997,116.120003,114.775002,115.800003
2025-01-29,115.894997,116.250000,115.089996,115.470001
2025-01-30,117.004997,117.285004,115.724998,116.599998
2025-01-31,116.745003,117.925003,115.860001,116.084999
2025-02-03,113.570000,115.044998,112.605003,114.550003
2025-02-04,114.620003,116.014999,114.605003,115.900002
2025-02-05,115.154999,115.440002,114.315002,114.584999
2025-02-06,114.910004,115.345001,114.334999,115.040001
2025-02-07,114.260002,115.129997,112.699997,112.790001
2025-02-10,113.239998,113.785004,112.720001,113.175003
2025-02-11,112.455002,112.769997,111.614998,111.889999
2025-02-12,111.055000,112.449997,110.760002,111.870003
2025-02-13,112.595001,113.665001,112.394997,113.550003
2025-02-14,114.360001,114.459999,113.110001,113.500000
2025-02-18,113.470001,113.620003,112.459999,113.184998
2025-02-19,112.660004,113.180000,112.440002,113.120003
2025-02-20,112.809998,112.809998,111.285004,112.144997
2025-02-21,112.410004,112.445000,108.760002,109.195000
2025-02-24,109.684998,109.845001,108.330002,108.785004
2025-02-25,108.724998,108.974998,106.705002,108.214996
2025-02-26,108.945000,109.555000,107.540001,107.769997
2025-02-27,108.269997,108.570000,106.129997,106.214996
2025-02-28,106.254997,108.050003,105.830002,107.980003
2025-03-03,108.610001,109.184998,104.860001,105.989998
2025-03-04,104.184998,105.930000,102.745003,104.120003
2025-03-05,104.195000,105.894997,103.735001,105.705002
2025-03-06,104.139999,104.894997,102.570000,103.025002
2025-03-07,102.389999,103.125000,100.135002,102.834999
2025-03-10,101.470001,101.610001,98.290001,99.165001
2025-03-11,99.110001,99.959999,97.195000,98.195000
2025-03-12,99.894997,99.995003,97.559998,98.764999
2025-03-13,98.614998,98.614998,95.845001,96.300003
2025-03-14,97.775002,98.455002,96.925003,98.349998
2025-03-17,98.360001,99.065002,97.654999,98.504997
2025-03-18,97.584999,97.589996,96.349998,96.750000
2025-03-19,97.425003,99.165001,97.190002,98.605003
2025-03-20,97.879997,99.629997,97.800003,98.370003
2025-03-21,97.195000,98.779999,96.690002,98.724998
2025-03-24,99.875000,102.235001,99.875000,102.144997
2025-03-25,102.389999,103.019997,101.775002,102.959999
2025-03-26,102.739998,102.964996,101.029999,101.614998
2025-03-27,101.294998,103.214996,101.040001,101.680000
2025-03-28,101.095001,101.254997,98.224998,98.519997
2025-03-31,96.595001,99.065002,95.904999,98.730003
2025-04-01,98.605003,100.565002,98.070000,99.760002
2025-04-02,97.964996,102.245003,97.879997,101.654999
2025-04-03,96.139999,97.464996,95.065002,95.514999
2025-04-04,92.309998,94.675003,90.845001,91.394997
2025-04-07,87.925003,94.610001,86.550003,90.315002
2025-04-08,93.720001,94.230003,86.980003,88.169998
2025-04-09,88.019997,98.074997,87.875000,97.769997
2025-04-10,95.415001,95.474998,90.900002,93.949997
2025-04-11,93.745003,95.050003,92.070000,94.860001
2025-04-14,96.275002,96.785004,93.860001,95.135002
2025-04-15,94.980003,95.775002,93.915001,94.449997
2025-04-16,93.540001,94.269997,90.940002,92.120003
2025-04-17,92.654999,93.300003,91.900002,92.699997
2025-04-21,91.364998,91.474998,88.985001,90.224998
2025-04-22,91.260002,93.974998,91.250000,93.080002
2025-04-23,96.440002,97.474998,94.934998,95.160004
2025-04-24,95.150002,97.150002,94.915001,97.055000
2025-04-25,97.050003,98.864998,96.809998,98.800003
2025-04-28,99.184998,99.949997,97.459999,98.834999
2025-04-29,98.080002,99.669998,97.964996,99.535004
2025-04-30,97.099998,98.904999,95.815002,98.629997
2025-05-01,99.125000,100.470001,98.959999,99.175003
2025-05-02,100.224998,101.290001,99.570000,100.714996
2025-05-05,99.904999,100.224998,99.315002,99.644997
2025-05-06,98.430000,99.500000,98.339996,98.775002
2025-05-07,98.985001,99.989998,98.625000,99.544998
2025-05-08,100.504997,101.760002,99.864998,100.720001
2025-05-09,100.980003,101.959999,100.714996,101.205002
2025-05-12,106.589996,106.599998,105.195000,106.235001
2025-05-13,106.885002,108.089996,106.535004,107.639999
2025-05-14,107.915001,108.589996,107.605003,108.055000
2025-05-15,107.035004,108.105003,106.699997,107.815002
2025-05-16,108.180000,108.910004,107.889999,108.834999
2025-05-19,107.065002,108.739998,106.839996,108.580002
2025-05-20,108.779999,109.089996,107.500000,108.014999
2025-05-21,107.160004,107.529999,105.400002,105.824997
2025-05-22,105.639999,107.065002,105.360001,106.279999
2025-05-23,104.510002,105.800003,104.339996,105.324997
2025-05-27,106.514999,108.525002,106.514999,108.434998
2025-05-28,108.529999,108.559998,107.260002,107.440002
2025-05-29,108.519997,108.584999,106.934998,107.485001
2025-05-30,107.070000,107.815002,106.190002,106.900002
2025-06-02,106.595001,107.165001,105.279999,107.150002
2025-06-03,107.245003,108.614998,107.220001,107.720001
2025-06-04,107.809998,107.870003,106.650002,107.434998
2025-06-05,107.160004,107.714996,103.855003,104.724998
2025-06-06,106.239998,106.584999,105.720001,106.084999
2025-06-09,105.720001,107.135002,105.120003,106.934998
2025-06-10,107.089996,108.235001,106.964996,108.214996
2025-06-11,108.845001,108.885002,106.959999,107.360001
2025-06-12,106.764999,107.434998,106.570000,106.855003
2025-06-13,105.489998,107.000000,105.364998,105.870003
2025-06-16,106.705002,107.190002,106.394997,107.010002
2025-06-17,106.415001,106.675003,104.970001,105.165001
2025-06-18,105.375000,106.345001,105.120003,105.214996
2025-06-20,106.135002,106.379997,104.809998,105.339996
2025-06-23,105.330002,107.394997,104.855003,107.199997
2025-06-24,108.305000,108.345001,107.464996,107.794998
2025-06-25,108.135002,108.160004,106.080002,106.525002
2025-06-26,106.620003,107.730003,106.389999,107.504997
2025-06-27,108.029999,109.305000,107.794998,109.294998
2025-06-30,109.260002,109.500000,108.364998,108.665001
2025-07-01,107.620003,109.589996,107.360001,109.129997
2025-07-02,109.824997,110.239998,109.129997,110.004997
2025-07-03,110.500000,110.919998,110.209999,110.605003
2025-07-07,109.095001,109.650002,108.510002,109.199997
2025-07-08,109.449997,109.654999,108.745003,108.830002
2025-07-09,109.315002,109.790001,108.904999,109.474998
2025-07-10,109.709999,110.955002,109.595001,110.684998
2025-07-11,110.389999,110.949997,109.934998,110.714996
2025-07-14,110.739998,111.160004,110.419998,111.125000
2025-07-15,111.195000,111.459999,109.489998,109.535004
2025-07-16,109.724998,109.964996,108.735001,109.735001
2025-07-17,109.809998,110.285004,109.625000,110.110001
2025-07-18,110.665001,111.139999,110.500000,111.084999
2025-07-21,111.459999,112.029999,111.375000,111.610001
2025-07-22,111.964996,112.949997,111.650002,112.739998
2025-07-23,113.000000,113.445000,112.864998,113.275002
2025-07-24,111.760002,112.410004,111.165001,111.400002
2025-07-25,111.959999,112.605003,111.680000,112.434998
2025-07-28,112.870003,113.669998,112.514999,113.089996
2025-07-29,113.110001,113.129997,112.059998,112.309998
2025-07-30,112.474998,112.680000,110.974998,111.599998
2025-07-31,112.139999,112.330002,110.565002,110.714996
2025-08-01,108.264999,108.650002,107.375000,108.044998
2025-08-04,108.875000,109.485001,108.529999,109.315002
2025-08-05,109.474998,110.144997,109.135002,109.455002
2025-08-06,109.779999,111.779999,109.629997,111.730003
2025-08-07,112.010002,112.519997,110.754997,111.695000
2025-08-08,111.764999,112.440002,111.695000,111.889999
2025-08-11,112.169998,112.750000,111.989998,112.180000
2025-08-12,113.029999,113.500000,112.230003,113.370003
2025-08-13,113.794998,115.089996,113.675003,114.925003
2025-08-14,114.269997,114.980003,114.150002,114.794998
2025-08-15,115.394997,115.514999,114.114998,114.519997
2025-08-18,114.290001,115.154999,114.290001,114.980003
2025-08-19,115.000000,116.029999,114.665001,114.925003
2025-08-20,115.165001,115.440002,113.089996,113.790001
2025-08-21,113.224998,113.415001,112.474998,113.114998
2025-08-22,113.669998,116.605003,113.504997,116.550003
2025-08-25,116.129997,116.750000,115.824997,116.315002
2025-08-26,116.150002,116.885002,116.065002,116.849998
2025-08-27,116.845001,117.264999,116.724998,116.875000
2025-08-28,117.105003,117.254997,116.345001,117.074997
2025-08-29,117.070000,117.250000,115.565002,115.870003
2025-09-02,114.404999,115.139999,114.154999,115.004997
2025-09-03,115.235001,116.114998,114.959999,115.470001
2025-09-04,116.360001,117.635002,116.209999,117.580002
2025-09-05,118.199997,118.930000,117.129997,117.555000
2025-09-08,118.165001,118.349998,117.620003,118.010002
2025-09-09,117.925003,117.970001,117.065002,117.845001
2025-09-10,118.029999,118.029999,116.129997,116.434998
2025-09-11,116.904999,118.779999,116.754997,118.699997
2025-09-12,118.514999,119.489998,118.464996,119.315002
2025-09-15,121.220001,121.385002,119.754997,120.349998
2025-09-16,120.785004,121.230003,120.425003,121.089996
2025-09-17,121.010002,121.699997,119.500000,120.785004
2025-09-18,121.264999,121.324997,120.239998,120.239998
2025-09-19,120.870003,121.235001,120.474998,120.695000
2025-09-22,120.400002,121.010002,120.040001,120.089996
2025-09-23,120.364998,120.455002,118.760002,118.959999
2025-09-24,119.495003,120.010002,119.114998,119.800003
2025-09-25,119.055000,119.099998,117.574997,118.110001
2025-09-26,118.644997,119.925003,118.235001,119.855003
2025-09-29,120.485001,120.794998,119.625000,120.379997
2025-09-30,120.264999,120.375000,118.879997,119.820000
2025-10-01,119.614998,120.940002,119.404999,120.570000
2025-10-02,121.160004,121.349998,119.625000,119.699997
2025-10-03,120.245003,120.445000,118.269997,118.930000
2025-10-06,119.724998,120.120003,118.599998,119.949997
2025-10-07,119.635002,119.639999,117.809998,117.849998
2025-10-08,118.364998,118.559998,117.169998,118.199997
2025-10-09,117.745003,117.785004,116.785004,117.610001
2025-10-10,117.665001,118.209999,114.339996,114.375000
2025-10-13,115.425003,117.110001,115.235001,116.930000
2025-10-14,115.389999,117.839996,114.915001,117.175003
2025-10-15,117.709999,118.495003,116.379997,117.345001
2025-10-16,117.434998,117.764999,115.334999,116.209999
2025-10-17,116.150002,117.489998,115.875000,117.209999
2025-10-20,117.750000,118.285004,117.580002,118.139999
2025-10-21,118.364998,120.035004,118.300003,119.584999
2025-10-22,119.349998,119.430000,117.989998,118.650002
2025-10-23,117.665001,119.334999,117.275002,119.184998
2025-10-24,119.629997,119.915001,118.709999,118.830002
2025-10-27,120.070000,120.974998,119.809998,120.540001
2025-10-28,120.360001,121.455002,119.940002,120.570000
2025-10-29,120.595001,120.614998,118.889999,119.574997
2025-10-30,117.735001,118.654999,116.860001,116.875000
2025-10-31,120.184998,120.635002,119.195000,119.964996
2025-11-03,121.205002,121.495003,120.760002,121.089996
2025-11-04,119.550003,120.445000,118.915001,119.080002
2025-11-05,119.565002,120.714996,118.644997,120.529999
2025-11-06,119.875000,120.035004,117.129997,117.745003
2025-11-07,117.500000,118.309998,116.425003,117.930000
2025-11-10,119.095001,119.669998,118.614998,119.480003
2025-11-11,119.275002,119.885002,118.970001,119.775002
2025-11-12,120.125000,120.254997,118.665001,118.970001
2025-11-13,118.470001,118.855003,115.790001,116.000000
2025-11-14,114.675003,116.510002,114.294998,115.445000
2025-11-17,114.845001,116.144997,113.709999,114.360001
2025-11-18,113.025002,113.620003,112.074997,112.250000
2025-11-19,113.114998,113.114998,111.665001,112.254997
2025-11-20,113.514999,114.750000,110.464996,110.580002
2025-11-21,111.320000,113.845001,110.980003,112.750000
2025-11-24,113.625000,114.934998,113.500000,114.254997
2025-11-25,114.300003,116.889999,114.089996,116.699997
2025-11-26,117.110001,117.739998,116.650002,117.500000
2025-11-28,117.769997,118.400002,117.769997,118.230003
2025-12-01,117.660004,118.959999,117.614998,118.300003
2025-12-02,118.584999,118.665001,117.485001,118.220001
2025-12-03,118.235001,119.809998,118.235001,119.495003
2025-12-04,119.669998,119.794998,118.394997,119.070000
2025-12-05,119.180000,120.089996,119.180000,119.730003
2025-12-08,119.250000,119.360001,117.750000,117.989998
2025-12-09,117.510002,118.489998,117.330002,117.980003
2025-12-10,118.120003,120.279999,118.110001,119.709999
2025-12-11,119.720001,120.360001,119.510002,120.180000
2025-12-12,120.510002,121.360001,119.660004,120.699997
2025-12-15,121.720001,122.400002,121.220001,121.730003
2025-12-16,121.660004,122.220001,121.059998,121.930000
2025-12-17,122.029999,122.650002,120.519997,120.519997
2025-12-18,122.220001,123.629997,122.080002,122.339996
2025-12-19,122.370003,122.419998,121.739998,121.849998
2025-12-22,122.360001,122.820000,122.089996,122.339996
2025-12-23,122.269997,122.650002,121.889999,122.169998
2025-12-24,122.279999,122.629997,121.930000,122.589996
2025-12-26,122.430000,122.779999,121.879997,122.050003
2025-12-29,121.559998,121.559998,120.709999,120.849998
2025-12-30,120.610001,120.779999,120.269997,120.360001
2025-12-31,120.440002,120.459999,119.360001,119.410004
2026-01-02,120.080002,120.120003,117.709999,118.349998
2026-01-05,118.949997,121.150002,118.589996,120.300003
2026-01-06,119.529999,121.260002,119.440002,121.070000
2026-01-07,121.260002,122.129997,120.900002,120.900002
2026-01-08,120.580002,123.139999,120.400002,122.919998
2026-01-09,122.919998,124.559998,122.180000,124.410004
2026-01-12,123.870003,125.010002,123.339996,124.519997
2026-01-13,124.529999,124.699997,123.419998,124.209999
2026-01-14,123.389999,123.410004,121.639999,122.250000
2026-01-15,122.870003,123.250000,122.400002,122.699997
2026-01-16,122.760002,123.040001,121.879997,122.300003
2026-01-20,120.279999,120.570000,118.900002,119.120003
2026-01-21,119.410004,121.900002,119.410004,121.400002
2026-01-22,122.129997,123.080002,121.720001,122.620003
2026-01-23,122.480003,123.389999,122.230003,123.129997
2026-01-26,123.059998,123.400002,122.300003,122.320000
2026-01-27,122.739998,122.919998,121.820000,122.690002
2026-01-28,123.089996,123.690002,121.589996,121.769997
2026-01-29,122.470001,122.599998,120.410004,121.190002
2026-01-30,121.260002,122.000000,120.540001,121.169998
2026-02-02,120.739998,122.410004,120.120003,121.970001
2026-02-03,122.080002,122.760002,119.820000,120.989998
2026-02-04,121.099998,121.540001,119.349998,120.099998
2026-02-05,118.550003,118.830002,117.070000,117.510002
2026-02-06,115.690002,118.160004,115.400002,117.989998
2026-02-09,117.430000,118.209999,116.400002,117.550003
2026-02-10,117.760002,119.220001,117.699997,118.330002
2026-02-11,118.449997,118.879997,117.290001,117.760002
2026-02-12,118.410004,119.199997,115.830002,116.129997
2026-02-13,116.000000,117.150002,115.529999,116.180000
2026-02-17,115.980003,116.320000,114.430000,116.040001
2026-02-18,116.110001,117.760002,115.940002,117.019997
2026-02-19,116.330002,116.550003,115.580002,116.239998
2026-02-20,115.930000,117.650002,115.610001,117.449997
2026-02-23,116.639999,116.769997,113.860001,114.989998
2026-02-24,115.400002,117.059998,115.320000,116.739998
2026-02-25,116.980003,117.589996,116.510002,117.089996
2026-02-26,117.230003,117.660004,116.139999,117.050003
2026-02-27,116.010002,116.940002,115.650002,116.860001
2026-03-02,114.029999,115.730003,113.720001,115.419998
2026-03-03,113.099998,114.769997,111.809998,114.360001
2026-03-04,115.089996,116.629997,114.879997,116.389999
2026-03-05,115.919998,117.080002,115.519997,116.550003
2026-03-06,114.779999,114.989998,113.639999,114.440002
2026-03-09,112.940002,114.930000,110.989998,114.589996
2026-03-10,114.610001,115.730003,113.949997,114.440002
2026-03-11,114.830002,115.699997,113.570000,114.139999
2026-03-12,113.120003,113.430000,111.470001,111.519997
2026-03-13,112.169998,112.489998,110.720001,110.860001
2026-03-16,111.790001,112.870003,111.620003,112.199997
2026-03-17,112.779999,113.650002,112.720001,113.180000
2026-03-18,112.500000,112.989998,110.440002,110.570000
2026-03-19,109.629997,110.339996,108.870003,109.699997
2026-03-20,109.430000,109.430000,107.150002,107.739998
2026-03-23,109.779999,111.430000,109.589996,110.120003
2026-03-24,109.040001,110.320000,108.949997,109.680000
2026-03-25,111.160004,111.910004,110.099998,110.730003
2026-03-26,110.050003,110.900002,108.739998,108.830002
2026-03-27,108.309998,108.309998,105.449997,105.680000
2026-03-30,106.610001,107.169998,105.190002,105.660004
2026-03-31,107.230003,109.410004,106.709999,108.980003
2026-04-01,109.690002,110.500000,108.739998,109.800003
2026-04-02,107.459999,109.529999,107.099998,108.150002
2026-04-06,107.930000,109.230003,107.930000,109.040001
2026-04-07,108.110001,108.180000,106.449997,107.769997
2026-04-08,112.250000,112.610001,110.279999,110.820000
2026-04-09,110.820000,112.889999,110.400002,112.739998
2026-04-10,113.000000,113.459999,112.239998,112.889999
2026-04-13,112.339996,113.949997,112.000000,113.919998
2026-04-14,114.650002,116.830002,114.580002,116.440002
2026-04-15,116.529999,118.440002,116.150002,118.180000
2026-04-16,118.400002,118.550003,117.099998,117.629997
2026-04-17,119.690002,121.849998,119.459999,120.410004
2026-04-20,120.139999,120.400002,118.849998,119.870003
2026-04-21,120.839996,120.910004,118.680000,118.970001
2026-04-22,119.529999,119.760002,118.660004,118.930000
2026-04-23,118.220001,118.849998,116.669998,117.739998
2026-04-24,118.139999,118.900002,117.669998,118.690002
2026-04-27,118.089996,118.449997,117.279999,117.839996
2026-04-28,117.449997,117.790001,116.870003,117.010002
2026-04-29,116.209999,117.129997,116.129997,116.839996
2026-04-30,118.500000,118.669998,116.430000,118.349998
2026-05-01,118.610001,119.769997,117.820000,118.629997
2026-05-04,118.349998,119.300003,117.190002,117.720001
2026-05-05,118.589996,119.290001,118.050003,118.070000
2026-05-06,118.970001,120.540001,118.769997,119.870003
2026-05-07,120.589996,121.099998,119.320000,119.879997
2026-05-08,120.250000,121.129997,119.940002,120.199997
2026-05-11,119.379997,119.860001,118.510002,119.370003
2026-05-12,119.029999,119.349998,117.449997,118.290001
2026-05-13,118.059998,119.230003,117.449997,118.720001
2026-05-14,119.010002,119.680000,118.559998,118.669998
2026-05-15,117.309998,117.370003,116.309998,116.529999
2026-05-18,116.500000,117.779999,115.540001,116.320000
2026-05-19,115.129997,115.320000,114.199997,115.029999
2026-05-20,115.269997,117.949997,114.779999,117.940002
2026-05-21,117.589996,119.220001,116.809998,118.699997
2026-05-22,119.160004,119.870003,118.980003,119.180000
2026-05-26,119.730003,120.239998,118.699997,119.449997
2026-05-27,120.690002,121.949997,120.550003,121.550003
2026-05-28,121.099998,122.190002,120.570000,122.059998
2026-05-29,121.599998,122.180000,120.830002,120.870003
2026-06-01,119.690002,119.830002,117.970001,118.190002
2026-06-02,117.519997,118.269997,116.559998,117.589996
2026-06-03,116.629997,117.620003,116.129997,116.730003
2026-06-04,117.959999,118.190002,117.040001,117.260002
2026-06-05,117.400002,118.099998,114.570000,114.860001
2026-06-08,114.769997,116.019997,114.769997,115.389999
2026-06-09,116.160004,117.589996,114.250000,115.870003
2026-06-10,115.459999,115.680000,113.379997,113.489998
2026-06-11,114.120003,116.459999,113.440002,116.300003
2026-06-12,117.019997,117.019997,114.820000,116.599998
2026-06-15,118.610001,119.510002,118.309998,118.570000
2026-06-16,118.669998,119.459999,118.339996,118.459999
2026-06-17,117.809998,118.169998,115.180000,115.489998
2026-06-18,116.650002,117.660004,115.540001,117.160004
2026-06-22,115.989998,116.919998,114.870003,114.940002
2026-06-23,113.949997,114.660004,113.470001,113.760002
2026-06-24,114.150002,116.959999,113.930000,115.070000
2026-06-25,114.650002,115.059998,113.129997,113.349998
2026-06-26,113.199997,115.459999,113.160004,114.370003
2026-06-29,115.209999,117.540001,115.040001,117.120003
2026-06-30,116.230003,117.570000,116.230003,117.279999
2026-07-01,117.779999,119.160004,116.900002,118.089996
2026-07-02,118.629997,119.209999,116.580002,117.120003
2026-07-06,117.529999,118.190002,116.099998,118.010002
2026-07-07,118.919998,119.120003,117.110001,117.389999
2026-07-08,116.309998,116.320000,114.440002,115.300003
2026-07-09,114.720001,116.879997,114.550003,116.849998
2026-07-10,117.589996,117.889999,116.480003,117.239998
2026-07-13,117.199997,117.519997,115.620003,116.040001
2026-07-14,116.010002,116.400002,115.459999,115.900002
2026-07-15,116.459999,117.809998,116.459999,117.000000
2026-07-16,117.120003,118.220001,116.860001,117.339996
2026-07-17,115.910004,116.870003,115.320000,115.440002
2026-07-20,116.220001,116.220001,114.379997,114.610001
2026-07-21,114.639999,115.169998,114.279999,114.870003
2026-07-22,114.900002,115.230003,113.820000,114.019997
2026-07-23,110.480003,110.589996,108.290001,108.760002
2026-07-24,109.099998,109.940002,108.650002,109.410004
2026-07-27,110.870003,111.360001,110.300003,110.839996
2026-07-28,111.660004,112.529999,111.250000,112.480003
2026-07-29,111.949997,113.589996,111.440002,111.610001
2026-07-30,112.169998,112.800003,111.459999,112.389999
2026-07-31,115.440002,116.389999,114.970001,116.089996
2026-08-03,117.639999,119.120003,117.639999,118.209999
2026-08-04,117.529999,118.570000,117.120003,118.290001
2026-08-05,119.279999,119.639999,118.070000,118.639999
2026-08-06,118.610001,118.800003,117.709999,118.099998
2026-08-07,118.519997,120.440002,118.500000,119.860001
2026-08-10,119.230003,119.860001,118.860001,119.669998
2026-08-11,119.669998,119.959999,119.110001,119.239998
2026-08-12,119.320000,119.320000,117.550003,117.889999
2026-08-13,118.040001,118.930000,117.889999,118.449997
2026-08-14,118.470001,119.180000,118.089996,118.199997
2026-08-17,117.959999,117.959999,116.489998,116.750000
2026-08-18,116.699997,117.580002,116.070000,116.360001
2026-08-19,116.900002,119.059998,116.730003,118.589996
2026-08-20,117.050003,117.400002,116.379997,116.680000
2026-08-21,117.440002,118.430000,116.739998,118.019997
2026-08-24,118.379997,118.790001,118.070000,118.300003
2026-08-25,118.410004,118.570000,117.750000,117.949997
2026-08-26,117.690002,117.839996,116.750000,117.160004
2026-08-27,116.540001,116.620003,115.809998,115.879997
2026-08-28,116.709999,117.570000,116.379997,117.209999
2026-08-31,116.559998,117.139999,116.290001,116.589996
2026-09-01,115.419998,115.620003,114.320000,114.589996
2026-09-02,114.989998,115.110001,114.250000,114.860001
2026-09-03,115.930000,117.070000,115.830002,116.459999
2026-09-04,115.260002,115.739998,114.459999,114.910004
2026-09-08,114.470001,114.629997,113.750000,113.989998
2026-09-09,112.959999,113.269997,112.269997,112.459999
2026-09-10,111.489998,112.650002,111.019997,111.959999
2026-09-11,112.870003,113.250000,112.550003,112.959999
2026-09-14,112.309998,113.279999,112.110001,112.849998
2026-09-15,112.529999,112.629997,110.559998,110.879997
2026-09-16,111.099998,111.459999,109.629997,110.180000
2026-09-17,112.040001,112.239998,111.169998,111.389999
2026-09-18,111.459999,111.769997,110.629997,111.029999
2026-09-21,111.540001,112.610001,111.120003,112.230003
2026-09-22,112.980003,113.290001,112.450401,112.480003
